benchmark,sae,seed,true_l0,sae_l0,dead_latents,shrinkage,explained_variance,mcc,uniqueness,precision,recall,f1_score,accuracy,sae_type,l1_coefficient,lp_norm,d_sae
CORRELATED_PAIRS,Standard_0,0,4.7699,5.67753,625,0.26562523683332995,0.0550345284459679,0.3400416076183319,0.7731481481481481,0.0018158279126510024,0.011019396595656872,0.0004881317727267742,0.9867753386497498,Standard,0.05,0.5,648
CORRELATED_PAIRS,Standard_0,1,4.7699,5.67753,625,0.26562523683332995,0.0550345284459679,0.3400416076183319,0.7731481481481481,0.0018158279126510024,0.011019396595656872,0.0004881317727267742,0.9867753386497498,Standard,0.05,0.5,648
CORRELATED_PAIRS,Standard_0,2,4.7699,5.67753,625,0.26562523683332995,0.0550345284459679,0.3400416076183319,0.7731481481481481,0.0018158279126510024,0.011019396595656872,0.0004881317727267742,0.9867753386497498,Standard,0.05,0.5,648
CORRELATED_PAIRS,Standard_1,0,4.77396,6.78629,1268,0.29935536612014957,0.079462881595042,0.3323045074939728,0.6412037037037037,6.077344369259663e-05,0.010259409435093403,0.0001195849254145287,0.9906868934631348,Standard,0.05,0.5,1296
CORRELATED_PAIRS,Standard_1,1,4.77396,6.78629,1268,0.29935536612014957,0.079462881595042,0.3323045074939728,0.6412037037037037,6.077344369259663e-05,0.010259409435093403,0.0001195849254145287,0.9906868934631348,Standard,0.05,0.5,1296
CORRELATED_PAIRS,Standard_1,2,4.77396,6.78629,1268,0.29935536612014957,0.079462881595042,0.3323045074939728,0.6412037037037037,6.077344369259663e-05,0.010259409435093403,0.0001195849254145287,0.9906868934631348,Standard,0.05,0.5,1296
CORRELATED_PAIRS,Standard_10,0,4.77402,160.40782,302,2.0712980574793995,-2.1649027984010543,0.3908422589302063,0.6635802469135802,0.009692572057247162,0.41212543845176697,0.013043842278420925,0.8746444582939148,Standard,0.1,1.0,1296
CORRELATED_PAIRS,Standard_10,1,4.77402,160.40782,302,2.0712980574793995,-2.1649027984010543,0.3908422589302063,0.6635802469135802,0.009692572057247162,0.41212543845176697,0.013043842278420925,0.8746444582939148,Standard,0.1,1.0,1296
CORRELATED_PAIRS,Standard_10,2,4.77402,160.40782,302,2.0712980574793995,-2.1649027984010543,0.3908422589302063,0.6635802469135802,0.009692572057247162,0.41212543845176697,0.013043842278420925,0.8746444582939148,Standard,0.1,1.0,1296
CORRELATED_PAIRS,Standard_11,0,4.76994,168.68082,1383,2.1443682033634506,-2.5852482176517686,0.5221543312072754,0.44560185185185186,0.008629042655229568,0.21916665136814117,0.00807415321469307,0.9298883080482483,Standard,0.1,1.0,2592
CORRELATED_PAIRS,Standard_11,1,4.76994,168.68082,1383,2.1443682033634506,-2.5852482176517686,0.5221543312072754,0.44560185185185186,0.008629042655229568,0.21916665136814117,0.00807415321469307,0.9298883080482483,Standard,0.1,1.0,2592
CORRELATED_PAIRS,Standard_11,2,4.76994,168.68082,1383,2.1443682033634506,-2.5852482176517686,0.5221543312072754,0.44560185185185186,0.008629042655229568,0.21916665136814117,0.00807415321469307,0.9298883080482483,Standard,0.1,1.0,2592
CORRELATED_PAIRS,Standard_12,0,4.75571,2.35843,627,0.11075570840538163,-0.01344348476576207,0.3427428603172302,0.7901234567901234,0.0003228408459108323,0.01010811422020197,0.0005291256820783019,0.9912427067756653,Standard,0.2,0.5,648
CORRELATED_PAIRS,Standard_12,1,4.75571,2.35843,627,0.11075570840538163,-0.01344348476576207,0.3427428603172302,0.7901234567901234,0.0003228408459108323,0.01010811422020197,0.0005291256820783019,0.9912427067756653,Standard,0.2,0.5,648
CORRELATED_PAIRS,Standard_12,2,4.75571,2.35843,627,0.11075570840538163,-0.01344348476576207,0.3427428603172302,0.7901234567901234,0.0003228408459108323,0.01010811422020197,0.0005291256820783019,0.9912427067756653,Standard,0.2,0.5,648
CORRELATED_PAIRS,Standard_13,0,4.77162,2.21375,1271,0.10687601411271971,-0.014340851148377132,0.33137187361717224,0.6373456790123457,0.00011661460303002968,0.004212257452309132,0.00019551385776139796,0.994873583316803,Standard,0.2,0.5,1296
CORRELATED_PAIRS,Standard_13,1,4.77162,2.21375,1271,0.10687601411271971,-0.014340851148377132,0.33137187361717224,0.6373456790123457,0.00011661460303002968,0.004212257452309132,0.00019551385776139796,0.994873583316803,Standard,0.2,0.5,1296
CORRELATED_PAIRS,Standard_13,2,4.77162,2.21375,1271,0.10687601411271971,-0.014340851148377132,0.33137187361717224,0.6373456790123457,0.00011661460303002968,0.004212257452309132,0.00019551385776139796,0.994873583316803,Standard,0.2,0.5,1296
CORRELATED_PAIRS,Standard_14,0,4.76525,1.92986,2561,0.0924174944357236,-0.019654096728072723,0.35709378123283386,0.43287037037037035,0.0003533997805789113,0.0025179837830364704,0.00021749449661001563,0.9956356883049011,Standard,0.2,0.5,2592
CORRELATED_PAIRS,Standard_14,1,4.76525,1.92986,2561,0.0924174944357236,-0.019654096728072723,0.35709378123283386,0.43287037037037035,0.0003533997805789113,0.0025179837830364704,0.00021749449661001563,0.9956356883049011,Standard,0.2,0.5,2592
CORRELATED_PAIRS,Standard_14,2,4.76525,1.92986,2561,0.0924174944357236,-0.019654096728072723,0.35709378123283386,0.43287037037037035,0.0003533997805789113,0.0025179837830364704,0.00021749449661001563,0.9956356883049011,Standard,0.2,0.5,2592
CORRELATED_PAIRS,Standard_15,0,4.77088,105.79137,1,1.2426843595442547,0.15174671634676595,0.40656232833862305,0.875,0.012060648761689663,0.5956128239631653,0.019948991015553474,0.837225079536438,Standard,0.2,1.0,648
CORRELATED_PAIRS,Standard_15,1,4.77088,105.79137,1,1.2426843595442547,0.15174671634676595,0.40656232833862305,0.875,0.012060648761689663,0.5956128239631653,0.019948991015553474,0.837225079536438,Standard,0.2,1.0,648
CORRELATED_PAIRS,Standard_15,2,4.77088,105.79137,1,1.2426843595442547,0.15174671634676595,0.40656232833862305,0.875,0.012060648761689663,0.5956128239631653,0.019948991015553474,0.837225079536438,Standard,0.2,1.0,648
CORRELATED_PAIRS,Standard_16,0,4.76621,125.74904,181,1.4312946658877796,-0.2783568970659769,0.3809112310409546,0.654320987654321,0.02810991182923317,0.3536512553691864,0.018257850781083107,0.8995007276535034,Standard,0.2,1.0,1296
CORRELATED_PAIRS,Standard_16,1,4.76621,125.74904,181,1.4312946658877796,-0.2783568970659769,0.3809112310409546,0.654320987654321,0.02810991182923317,0.3536512553691864,0.018257850781083107,0.8995007276535034,Standard,0.2,1.0,1296
CORRELATED_PAIRS,Standard_16,2,4.76621,125.74904,181,1.4312946658877796,-0.2783568970659769,0.3809112310409546,0.654320987654321,0.02810991182923317,0.3536512553691864,0.018257850781083107,0.8995007276535034,Standard,0.2,1.0,1296
CORRELATED_PAIRS,Standard_17,0,4.76873,129.99469,1312,1.476006613462452,-0.4035469579649218,0.48005568981170654,0.43364197530864196,0.021042853593826294,0.19017386436462402,0.011448685079813004,0.9431911706924438,Standard,0.2,1.0,2592
CORRELATED_PAIRS,Standard_17,1,4.76873,129.99469,1312,1.476006613462452,-0.4035469579649218,0.48005568981170654,0.43364197530864196,0.021042853593826294,0.19017386436462402,0.011448685079813004,0.9431911706924438,Standard,0.2,1.0,2592
CORRELATED_PAIRS,Standard_17,2,4.76873,129.99469,1312,1.476006613462452,-0.4035469579649218,0.48005568981170654,0.43364197530864196,0.021042853593826294,0.19017386436462402,0.011448685079813004,0.9431911706924438,Standard,0.2,1.0,2592
CORRELATED_PAIRS,Standard_18,0,4.76008,0.48426,621,0.03617651324237155,-0.04921630215204553,0.34370264410972595,0.7746913580246914,0.002263372065499425,0.005348640959709883,0.0012539922026917338,0.9941616058349609,Standard,0.4,0.5,648
CORRELATED_PAIRS,Standard_18,1,4.76008,0.48426,621,0.03617651324237155,-0.04921630215204553,0.34370264410972595,0.7746913580246914,0.002263372065499425,0.005348640959709883,0.0012539922026917338,0.9941616058349609,Standard,0.4,0.5,648
CORRELATED_PAIRS,Standard_18,2,4.76008,0.48426,621,0.03617651324237155,-0.04921630215204553,0.34370264410972595,0.7746913580246914,0.002263372065499425,0.005348640959709883,0.0012539922026917338,0.9941616058349609,Standard,0.4,0.5,648
CORRELATED_PAIRS,Standard_19,0,4.78184,0.59841,1261,0.0486377615932361,-0.04708693566625044,0.3320269286632538,0.6365740740740741,0.003783877706155181,0.0024130987003445625,0.0009662724914960563,0.9947391748428345,Standard,0.4,0.5,1296
CORRELATED_PAIRS,Standard_19,1,4.78184,0.59841,1261,0.0486377615932361,-0.04708693566625044,0.3320269286632538,0.6365740740740741,0.003783877706155181,0.0024130987003445625,0.0009662724914960563,0.9947391748428345,Standard,0.4,0.5,1296
CORRELATED_PAIRS,Standard_19,2,4.78184,0.59841,1261,0.0486377615932361,-0.04708693566625044,0.3320269286632538,0.6365740740740741,0.003783877706155181,0.0024130987003445625,0.0009662724914960563,0.9947391748428345,Standard,0.4,0.5,1296
CORRELATED_PAIRS,Standard_2,0,4.76517,5.92224,2568,0.27240847450982375,0.05955328247849789,0.3559788763523102,0.4270833333333333,3.183318767696619e-05,0.004276934079825878,5.803491148981266e-05,0.9935590028762817,Standard,0.05,0.5,2592
CORRELATED_PAIRS,Standard_2,1,4.76517,5.92224,2568,0.27240847450982375,0.05955328247849789,0.3559788763523102,0.4270833333333333,3.183318767696619e-05,0.004276934079825878,5.803491148981266e-05,0.9935590028762817,Standard,0.05,0.5,2592
CORRELATED_PAIRS,Standard_2,2,4.76517,5.92224,2568,0.27240847450982375,0.05955328247849789,0.3559788763523102,0.4270833333333333,3.183318767696619e-05,0.004276934079825878,5.803491148981266e-05,0.9935590028762817,Standard,0.05,0.5,2592
CORRELATED_PAIRS,Standard_20,0,4.77724,0.62465,2541,0.04477701933175687,-0.048106433839396834,0.3603437840938568,0.4251543209876543,0.003212569747120142,0.0018140708561986685,0.0010709145572036505,0.9947003126144409,Standard,0.4,0.5,2592
CORRELATED_PAIRS,Standard_20,1,4.77724,0.62465,2541,0.04477701933175687,-0.048106433839396834,0.3603437840938568,0.4251543209876543,0.003212569747120142,0.0018140708561986685,0.0010709145572036505,0.9947003126144409,Standard,0.4,0.5,2592
CORRELATED_PAIRS,Standard_20,2,4.77724,0.62465,2541,0.04477701933175687,-0.048106433839396834,0.3603437840938568,0.4251543209876543,0.003212569747120142,0.0018140708561986685,0.0010709145572036505,0.9947003126144409,Standard,0.4,0.5,2592
CORRELATED_PAIRS,Standard_21,0,4.77981,31.05672,4,0.4814577655556342,0.22268976799067886,0.3774893581867218,0.7546296296296297,0.04153338074684143,0.2582475244998932,0.030211584642529488,0.9499646425247192,Standard,0.4,1.0,648
CORRELATED_PAIRS,Standard_21,1,4.77981,31.05672,4,0.4814577655556342,0.22268976799067886,0.3774893581867218,0.7546296296296297,0.04153338074684143,0.2582475244998932,0.030211584642529488,0.9499646425247192,Standard,0.4,1.0,648
CORRELATED_PAIRS,Standard_21,2,4.77981,31.05672,4,0.4814577655556342,0.22268976799067886,0.3774893581867218,0.7546296296296297,0.04153338074684143,0.2582475244998932,0.030211584642529488,0.9499646425247192,Standard,0.4,1.0,648
CORRELATED_PAIRS,Standard_22,0,4.7733,38.26843,113,0.539885674892834,0.162088702826793,0.3750878572463989,0.6057098765432098,0.08855490386486053,0.15837885439395905,0.03580509126186371,0.9615610241889954,Standard,0.4,1.0,1296
CORRELATED_PAIRS,Standard_22,1,4.7733,38.26843,113,0.539885674892834,0.162088702826793,0.3750878572463989,0.6057098765432098,0.08855490386486053,0.15837885439395905,0.03580509126186371,0.9615610241889954,Standard,0.4,1.0,1296
CORRELATED_PAIRS,Standard_22,2,4.7733,38.26843,113,0.539885674892834,0.162088702826793,0.3750878572463989,0.6057098765432098,0.08855490386486053,0.15837885439395905,0.03580509126186371,0.9615610241889954,Standard,0.4,1.0,1296
CORRELATED_PAIRS,Standard_23,0,4.76088,37.87276,1253,0.5367013197399946,0.16921030315098418,0.4264935255050659,0.41898148148148145,0.05375290662050247,0.08200595527887344,0.02035640738904476,0.9738054871559143,Standard,0.4,1.0,2592
CORRELATED_PAIRS,Standard_23,1,4.76088,37.87276,1253,0.5367013197399946,0.16921030315098418,0.4264935255050659,0.41898148148148145,0.05375290662050247,0.08200595527887344,0.02035640738904476,0.9738054871559143,Standard,0.4,1.0,2592
CORRELATED_PAIRS,Standard_23,2,4.76088,37.87276,1253,0.5367013197399946,0.16921030315098418,0.4264935255050659,0.41898148148148145,0.05375290662050247,0.08200595527887344,0.02035640738904476,0.9738054871559143,Standard,0.4,1.0,2592
CORRELATED_PAIRS,Standard_24,0,4.78506,0.32497,610,0.030218880853059318,-0.05421372668809088,0.341677188873291,0.7932098765432098,0.00513529684394598,0.0044585843570530415,0.001811200869269669,0.9968630075454712,Standard,0.6,0.5,648
CORRELATED_PAIRS,Standard_24,1,4.78506,0.32497,610,0.030218880853059318,-0.05421372668809088,0.341677188873291,0.7932098765432098,0.00513529684394598,0.0044585843570530415,0.001811200869269669,0.9968630075454712,Standard,0.6,0.5,648
CORRELATED_PAIRS,Standard_24,2,4.78506,0.32497,610,0.030218880853059318,-0.05421372668809088,0.341677188873291,0.7932098765432098,0.00513529684394598,0.0044585843570530415,0.001811200869269669,0.9968630075454712,Standard,0.6,0.5,648
CORRELATED_PAIRS,Standard_25,0,4.76884,0.41001,1248,0.034096655302561216,-0.054247355445345535,0.33442631363868713,0.6381172839506173,0.006166298408061266,0.002228026045486331,0.0012201620265841484,0.9949496984481812,Standard,0.6,0.5,1296
CORRELATED_PAIRS,Standard_25,1,4.76884,0.41001,1248,0.034096655302561216,-0.054247355445345535,0.33442631363868713,0.6381172839506173,0.006166298408061266,0.002228026045486331,0.0012201620265841484,0.9949496984481812,Standard,0.6,0.5,1296
CORRELATED_PAIRS,Standard_25,2,4.76884,0.41001,1248,0.034096655302561216,-0.054247355445345535,0.33442631363868713,0.6381172839506173,0.006166298408061266,0.002228026045486331,0.0012201620265841484,0.9949496984481812,Standard,0.6,0.5,1296
CORRELATED_PAIRS,Standard_26,0,4.76232,0.50498,2522,0.043596891993137044,-0.05403591185152323,0.3619447350502014,0.435570987654321,0.006899247877299786,0.0013543980894610286,0.001118615036830306,0.9958012104034424,Standard,0.6,0.5,2592
CORRELATED_PAIRS,Standard_26,1,4.76232,0.50498,2522,0.043596891993137044,-0.05403591185152323,0.3619447350502014,0.435570987654321,0.006899247877299786,0.0013543980894610286,0.001118615036830306,0.9958012104034424,Standard,0.6,0.5,2592
CORRELATED_PAIRS,Standard_26,2,4.76232,0.50498,2522,0.043596891993137044,-0.05403591185152323,0.3619447350502014,0.435570987654321,0.006899247877299786,0.0013543980894610286,0.001118615036830306,0.9958012104034424,Standard,0.6,0.5,2592
CORRELATED_PAIRS,Standard_27,0,4.77184,12.68048,1,0.23619166841575545,0.03915365548066585,0.36064413189888,0.7253086419753086,0.07108164578676224,0.09528932720422745,0.03285527601838112,0.9754905104637146,Standard,0.6,1.0,648
CORRELATED_PAIRS,Standard_27,1,4.77184,12.68048,1,0.23619166841575545,0.03915365548066585,0.36064413189888,0.7253086419753086,0.07108164578676224,0.09528932720422745,0.03285527601838112,0.9754905104637146,Standard,0.6,1.0,648
CORRELATED_PAIRS,Standard_27,2,4.77184,12.68048,1,0.23619166841575545,0.03915365548066585,0.36064413189888,0.7253086419753086,0.07108164578676224,0.09528932720422745,0.03285527601838112,0.9754905104637146,Standard,0.6,1.0,648
CORRELATED_PAIRS,Standard_28,0,4.77164,15.36816,96,0.2890204196351877,0.03495329632868205,0.36981239914894104,0.5864197530864198,0.115384042263031,0.07134044170379639,0.0442979596555233,0.9800001382827759,Standard,0.6,1.0,1296
CORRELATED_PAIRS,Standard_28,1,4.77164,15.36816,96,0.2890204196351877,0.03495329632868205,0.36981239914894104,0.5864197530864198,0.115384042263031,0.07134044170379639,0.0442979596555233,0.9800001382827759,Standard,0.6,1.0,1296
CORRELATED_PAIRS,Standard_28,2,4.77164,15.36816,96,0.2890204196351877,0.03495329632868205,0.36981239914894104,0.5864197530864198,0.115384042263031,0.07134044170379639,0.0442979596555233,0.9800001382827759,Standard,0.6,1.0,1296
CORRELATED_PAIRS,Standard_29,0,4.77746,16.35875,1187,0.2933274949010797,0.019131378458991044,0.42123478651046753,0.41203703703703703,0.07970397919416428,0.03760763257741928,0.023613862693309784,0.974990963935852,Standard,0.6,1.0,2592
CORRELATED_PAIRS,Standard_29,1,4.77746,16.35875,1187,0.2933274949010797,0.019131378458991044,0.42123478651046753,0.41203703703703703,0.07970397919416428,0.03760763257741928,0.023613862693309784,0.974990963935852,Standard,0.6,1.0,2592
CORRELATED_PAIRS,Standard_29,2,4.77746,16.35875,1187,0.2933274949010797,0.019131378458991044,0.42123478651046753,0.41203703703703703,0.07970397919416428,0.03760763257741928,0.023613862693309784,0.974990963935852,Standard,0.6,1.0,2592
CORRELATED_PAIRS,Standard_3,0,4.75819,176.01508,9,1.6422949775567148,-0.19356522663256626,0.3728504180908203,0.8101851851851852,0.008941831067204475,0.5515316724777222,0.015414712950587273,0.7294007539749146,Standard,0.05,1.0,648
CORRELATED_PAIRS,Standard_3,1,4.75819,176.01508,9,1.6422949775567148,-0.19356522663256626,0.3728504180908203,0.8101851851851852,0.008941831067204475,0.5515316724777222,0.015414712950587273,0.7294007539749146,Standard,0.05,1.0,648
CORRELATED_PAIRS,Standard_3,2,4.75819,176.01508,9,1.6422949775567148,-0.19356522663256626,0.3728504180908203,0.8101851851851852,0.008941831067204475,0.5515316724777222,0.015414712950587273,0.7294007539749146,Standard,0.05,1.0,648
CORRELATED_PAIRS,Standard_30,0,4.78333,0.18699,610,0.01933747182162645,-0.0566442720065643,0.3426603078842163,0.7932098765432098,0.010298661887645721,0.0020725459326058626,0.0021426950115710497,0.9951522946357727,Standard,1.0,0.5,648
CORRELATED_PAIRS,Standard_30,1,4.78333,0.18699,610,0.01933747182162645,-0.0566442720065643,0.3426603078842163,0.7932098765432098,0.010298661887645721,0.0020725459326058626,0.0021426950115710497,0.9951522946357727,Standard,1.0,0.5,648
CORRELATED_PAIRS,Standard_30,2,4.78333,0.18699,610,0.01933747182162645,-0.0566442720065643,0.3426603078842163,0.7932098765432098,0.010298661887645721,0.0020725459326058626,0.0021426950115710497,0.9951522946357727,Standard,1.0,0.5,648
CORRELATED_PAIRS,Standard_31,0,4.7766,0.28869,1243,0.03083411650275006,-0.05742145477097482,0.3340497314929962,0.621141975308642,0.007674925960600376,0.001319914124906063,0.0010955105535686016,0.9962545037269592,Standard,1.0,0.5,1296
CORRELATED_PAIRS,Standard_31,1,4.7766,0.28869,1243,0.03083411650275006,-0.05742145477097482,0.3340497314929962,0.621141975308642,0.007674925960600376,0.001319914124906063,0.0010955105535686016,0.9962545037269592,Standard,1.0,0.5,1296
CORRELATED_PAIRS,Standard_31,2,4.7766,0.28869,1243,0.03083411650275006,-0.05742145477097482,0.3340497314929962,0.621141975308642,0.007674925960600376,0.001319914124906063,0.0010955105535686016,0.9962545037269592,Standard,1.0,0.5,1296
CORRELATED_PAIRS,Standard_32,0,4.76605,0.30602,2535,0.03492391996262807,-0.05864509461694478,0.36161115765571594,0.4332561728395062,0.00598754920065403,0.000932762457523495,0.0007533609750680625,0.9958652257919312,Standard,1.0,0.5,2592
CORRELATED_PAIRS,Standard_32,1,4.76605,0.30602,2535,0.03492391996262807,-0.05864509461694478,0.36161115765571594,0.4332561728395062,0.00598754920065403,0.000932762457523495,0.0007533609750680625,0.9958652257919312,Standard,1.0,0.5,2592
CORRELATED_PAIRS,Standard_32,2,4.76605,0.30602,2535,0.03492391996262807,-0.05864509461694478,0.36161115765571594,0.4332561728395062,0.00598754920065403,0.000932762457523495,0.0007533609750680625,0.9958652257919312,Standard,1.0,0.5,2592
CORRELATED_PAIRS,Standard_33,0,4.77492,7.8333,4,0.18690416013749178,-0.019315603239205226,0.3681172728538513,0.7067901234567902,0.10524973273277283,0.04988675191998482,0.028158897534012794,0.9821621775627136,Standard,1.0,1.0,648
CORRELATED_PAIRS,Standard_33,1,4.77492,7.8333,4,0.18690416013749178,-0.019315603239205226,0.3681172728538513,0.7067901234567902,0.10524973273277283,0.04988675191998482,0.028158897534012794,0.9821621775627136,Standard,1.0,1.0,648
CORRELATED_PAIRS,Standard_33,2,4.77492,7.8333,4,0.18690416013749178,-0.019315603239205226,0.3681172728538513,0.7067901234567902,0.10524973273277283,0.04988675191998482,0.028158897534012794,0.9821621775627136,Standard,1.0,1.0,648
CORRELATED_PAIRS,Standard_34,0,4.76414,10.34797,107,0.22791297352316406,-0.05063163021094219,0.3815191090106964,0.5964506172839507,0.17045077681541443,0.04525943472981453,0.040626998990774155,0.9845456480979919,Standard,1.0,1.0,1296
CORRELATED_PAIRS,Standard_34,1,4.76414,10.34797,107,0.22791297352316406,-0.05063163021094219,0.3815191090106964,0.5964506172839507,0.17045077681541443,0.04525943472981453,0.040626998990774155,0.9845456480979919,Standard,1.0,1.0,1296
CORRELATED_PAIRS,Standard_34,2,4.76414,10.34797,107,0.22791297352316406,-0.05063163021094219,0.3815191090106964,0.5964506172839507,0.17045077681541443,0.04525943472981453,0.040626998990774155,0.9845456480979919,Standard,1.0,1.0,1296
CORRELATED_PAIRS,Standard_35,0,4.76285,10.47126,1171,0.23245042091604673,-0.0558262067868498,0.44053834676742554,0.4097222222222222,0.13253284990787506,0.02486628107726574,0.024105122312903404,0.9848679900169373,Standard,1.0,1.0,2592
CORRELATED_PAIRS,Standard_35,1,4.76285,10.47126,1171,0.23245042091604673,-0.0558262067868498,0.44053834676742554,0.4097222222222222,0.13253284990787506,0.02486628107726574,0.024105122312903404,0.9848679900169373,Standard,1.0,1.0,2592
CORRELATED_PAIRS,Standard_35,2,4.76285,10.47126,1171,0.23245042091604673,-0.0558262067868498,0.44053834676742554,0.4097222222222222,0.13253284990787506,0.02486628107726574,0.024105122312903404,0.9848679900169373,Standard,1.0,1.0,2592
CORRELATED_PAIRS,Standard_36,0,4.77295,0.17316,605,0.021950286046518972,-0.058620297545586286,0.3422248661518097,0.7901234567901234,0.02027771808207035,0.0014911277685314417,0.0015612165443599224,0.9958155155181885,Standard,1.5,0.5,648
CORRELATED_PAIRS,Standard_36,1,4.77295,0.17316,605,0.021950286046518972,-0.058620297545586286,0.3422248661518097,0.7901234567901234,0.02027771808207035,0.0014911277685314417,0.0015612165443599224,0.9958155155181885,Standard,1.5,0.5,648
CORRELATED_PAIRS,Standard_36,2,4.77295,0.17316,605,0.021950286046518972,-0.058620297545586286,0.3422248661518097,0.7901234567901234,0.02027771808207035,0.0014911277685314417,0.0015612165443599224,0.9958155155181885,Standard,1.5,0.5,648
CORRELATED_PAIRS,Standard_37,0,4.77503,0.1907,1251,0.020613456653200333,-0.05910627064379681,0.33491167426109314,0.6327160493827161,0.007865472696721554,0.0010658971732482314,0.0010420898906886578,0.9949643015861511,Standard,1.5,0.5,1296
CORRELATED_PAIRS,Standard_37,1,4.77503,0.1907,1251,0.020613456653200333,-0.05910627064379681,0.33491167426109314,0.6327160493827161,0.007865472696721554,0.0010658971732482314,0.0010420898906886578,0.9949643015861511,Standard,1.5,0.5,1296
CORRELATED_PAIRS,Standard_37,2,4.77503,0.1907,1251,0.020613456653200333,-0.05910627064379681,0.33491167426109314,0.6327160493827161,0.007865472696721554,0.0010658971732482314,0.0010420898906886578,0.9949643015861511,Standard,1.5,0.5,1296
CORRELATED_PAIRS,Standard_38,0,4.77173,0.24452,2542,0.027466660882818742,-0.060313738064255995,0.360791951417923,0.42746913580246915,0.001949106459505856,0.00039692645077593625,0.00025118692428804934,0.9955245852470398,Standard,1.5,0.5,2592
CORRELATED_PAIRS,Standard_38,1,4.77173,0.24452,2542,0.027466660882818742,-0.060313738064255995,0.360791951417923,0.42746913580246915,0.001949106459505856,0.00039692645077593625,0.00025118692428804934,0.9955245852470398,Standard,1.5,0.5,2592
CORRELATED_PAIRS,Standard_38,2,4.77173,0.24452,2542,0.027466660882818742,-0.060313738064255995,0.360791951417923,0.42746913580246915,0.001949106459505856,0.00039692645077593625,0.00025118692428804934,0.9955245852470398,Standard,1.5,0.5,2592
CORRELATED_PAIRS,Standard_39,0,4.76279,5.0203,120,0.1442104193840305,-0.04088580383473772,0.37009966373443604,0.7114197530864198,0.09559956192970276,0.02744835428893566,0.014480180107057095,0.986531674861908,Standard,1.5,1.0,648
CORRELATED_PAIRS,Standard_39,1,4.76279,5.0203,120,0.1442104193840305,-0.04088580383473772,0.37009966373443604,0.7114197530864198,0.09559956192970276,0.02744835428893566,0.014480180107057095,0.986531674861908,Standard,1.5,1.0,648
CORRELATED_PAIRS,Standard_39,2,4.76279,5.0203,120,0.1442104193840305,-0.04088580383473772,0.37009966373443604,0.7114197530864198,0.09559956192970276,0.02744835428893566,0.014480180107057095,0.986531674861908,Standard,1.5,1.0,648
CORRELATED_PAIRS,Standard_4,0,4.78559,177.3557,539,2.019780071314572,-1.6436040104172545,0.367792010307312,0.6512345679012346,0.008566954173147678,0.3552830219268799,0.011699440889060497,0.8623201251029968,Standard,0.05,1.0,1296
CORRELATED_PAIRS,Standard_4,1,4.78559,177.3557,539,2.019780071314572,-1.6436040104172545,0.367792010307312,0.6512345679012346,0.008566954173147678,0.3552830219268799,0.011699440889060497,0.8623201251029968,Standard,0.05,1.0,1296
CORRELATED_PAIRS,Standard_4,2,4.78559,177.3557,539,2.019780071314572,-1.6436040104172545,0.367792010307312,0.6512345679012346,0.008566954173147678,0.3552830219268799,0.011699440889060497,0.8623201251029968,Standard,0.05,1.0,1296
CORRELATED_PAIRS,Standard_40,0,4.77526,6.62331,465,0.17648747428321573,-0.07746135952217159,0.37845781445503235,0.6103395061728395,0.13155508041381836,0.02165220119059086,0.015226166695356369,0.9892290830612183,Standard,1.5,1.0,1296
CORRELATED_PAIRS,Standard_40,1,4.77526,6.62331,465,0.17648747428321573,-0.07746135952217159,0.37845781445503235,0.6103395061728395,0.13155508041381836,0.02165220119059086,0.015226166695356369,0.9892290830612183,Standard,1.5,1.0,1296
CORRELATED_PAIRS,Standard_40,2,4.77526,6.62331,465,0.17648747428321573,-0.07746135952217159,0.37845781445503235,0.6103395061728395,0.13155508041381836,0.02165220119059086,0.015226166695356369,0.9892290830612183,Standard,1.5,1.0,1296
CORRELATED_PAIRS,Standard_41,0,4.77453,7.19436,1571,0.18833539854083933,-0.07860669799679831,0.4441635310649872,0.42399691358024694,0.10810103267431259,0.011845182627439499,0.010128580033779144,0.9902816414833069,Standard,1.5,1.0,2592
CORRELATED_PAIRS,Standard_41,1,4.77453,7.19436,1571,0.18833539854083933,-0.07860669799679831,0.4441635310649872,0.42399691358024694,0.10810103267431259,0.011845182627439499,0.010128580033779144,0.9902816414833069,Standard,1.5,1.0,2592
CORRELATED_PAIRS,Standard_41,2,4.77453,7.19436,1571,0.18833539854083933,-0.07860669799679831,0.4441635310649872,0.42399691358024694,0.10810103267431259,0.011845182627439499,0.010128580033779144,0.9902816414833069,Standard,1.5,1.0,2592
CORRELATED_PAIRS,Standard_42,0,4.77314,0.03496,623,0.007009703477691159,-0.06021580173187013,0.34494730830192566,0.7885802469135802,0.006885241717100143,0.00041867149411700666,0.00040229130536317825,0.9957546591758728,Standard,2.0,0.5,648
CORRELATED_PAIRS,Standard_42,1,4.77314,0.03496,623,0.007009703477691159,-0.06021580173187013,0.34494730830192566,0.7885802469135802,0.006885241717100143,0.00041867149411700666,0.00040229130536317825,0.9957546591758728,Standard,2.0,0.5,648
CORRELATED_PAIRS,Standard_42,2,4.77314,0.03496,623,0.007009703477691159,-0.06021580173187013,0.34494730830192566,0.7885802469135802,0.006885241717100143,0.00041867149411700666,0.00040229130536317825,0.9957546591758728,Standard,2.0,0.5,648
CORRELATED_PAIRS,Standard_43,0,4.77009,0.05279,1266,0.00956890838602997,-0.05927731946315751,0.3351186513900757,0.621141975308642,0.0011975037632510066,0.00031965505331754684,0.00015630607958883047,0.9957612752914429,Standard,2.0,0.5,1296
CORRELATED_PAIRS,Standard_43,1,4.77009,0.05279,1266,0.00956890838602997,-0.05927731946315751,0.3351186513900757,0.621141975308642,0.0011975037632510066,0.00031965505331754684,0.00015630607958883047,0.9957612752914429,Standard,2.0,0.5,1296
CORRELATED_PAIRS,Standard_43,2,4.77009,0.05279,1266,0.00956890838602997,-0.05927731946315751,0.3351186513900757,0.621141975308642,0.0011975037632510066,0.00031965505331754684,0.00015630607958883047,0.9957612752914429,Standard,2.0,0.5,1296
CORRELATED_PAIRS,Standard_44,0,4.77169,0.0711,2558,0.010899473345332719,-0.05956547588625494,0.3623485863208771,0.42592592592592593,0.0019961311481893063,0.00016402381879743189,0.000165050572832115,0.9952989816665649,Standard,2.0,0.5,2592
CORRELATED_PAIRS,Standard_44,1,4.77169,0.0711,2558,0.010899473345332719,-0.05956547588625494,0.3623485863208771,0.42592592592592593,0.0019961311481893063,0.00016402381879743189,0.000165050572832115,0.9952989816665649,Standard,2.0,0.5,2592
CORRELATED_PAIRS,Standard_44,2,4.77169,0.0711,2558,0.010899473345332719,-0.05956547588625494,0.3623485863208771,0.42592592592592593,0.0019961311481893063,0.00016402381879743189,0.000165050572832115,0.9952989816665649,Standard,2.0,0.5,2592
CORRELATED_PAIRS,Standard_45,0,4.77818,0.21754,549,0.01768399308004343,-0.055935452244046946,0.34998804330825806,0.7762345679012346,0.010794375091791153,0.0016709226183593273,0.0010465134400874376,0.9945386052131653,Standard,2.0,1.0,648
CORRELATED_PAIRS,Standard_45,1,4.77818,0.21754,549,0.01768399308004343,-0.055935452244046946,0.34998804330825806,0.7762345679012346,0.010794375091791153,0.0016709226183593273,0.0010465134400874376,0.9945386052131653,Standard,2.0,1.0,648
CORRELATED_PAIRS,Standard_45,2,4.77818,0.21754,549,0.01768399308004343,-0.055935452244046946,0.34998804330825806,0.7762345679012346,0.010794375091791153,0.0016709226183593273,0.0010465134400874376,0.9945386052131653,Standard,2.0,1.0,648
CORRELATED_PAIRS,Standard_46,0,4.76143,0.68148,1115,0.035250376565451595,-0.05084107353248535,0.3423282206058502,0.6257716049382716,0.009382308460772038,0.0016621655086055398,0.0008659003069624305,0.9947012662887573,Standard,2.0,1.0,1296
CORRELATED_PAIRS,Standard_46,1,4.76143,0.68148,1115,0.035250376565451595,-0.05084107353248535,0.3423282206058502,0.6257716049382716,0.009382308460772038,0.0016621655086055398,0.0008659003069624305,0.9947012662887573,Standard,2.0,1.0,1296
CORRELATED_PAIRS,Standard_46,2,4.76143,0.68148,1115,0.035250376565451595,-0.05084107353248535,0.3423282206058502,0.6257716049382716,0.009382308460772038,0.0016621655086055398,0.0008659003069624305,0.9947012662887573,Standard,2.0,1.0,1296
CORRELATED_PAIRS,Standard_47,0,4.76928,1.18707,2341,0.056417562115390445,-0.04844855821633742,0.37544184923171997,0.43171296296296297,0.007893241010606289,0.0013192696496844292,0.0006932952674105763,0.9932162165641785,Standard,2.0,1.0,2592
CORRELATED_PAIRS,Standard_47,1,4.76928,1.18707,2341,0.056417562115390445,-0.04844855821633742,0.37544184923171997,0.43171296296296297,0.007893241010606289,0.0013192696496844292,0.0006932952674105763,0.9932162165641785,Standard,2.0,1.0,2592
CORRELATED_PAIRS,Standard_47,2,4.76928,1.18707,2341,0.056417562115390445,-0.04844855821633742,0.37544184923171997,0.43171296296296297,0.007893241010606289,0.0013192696496844292,0.0006932952674105763,0.9932162165641785,Standard,2.0,1.0,2592
CORRELATED_PAIRS,Standard_48,0,4.76665,0.0,648,0.005605407161684865,-0.0608593408141489,0.3421485722064972,0.7608024691358025,0.0,0.0,0.0,0.9955546259880066,Standard,3.0,0.5,648
CORRELATED_PAIRS,Standard_48,1,4.76665,0.0,648,0.005605407161684865,-0.0608593408141489,0.3421485722064972,0.7608024691358025,0.0,0.0,0.0,0.9955546259880066,Standard,3.0,0.5,648
CORRELATED_PAIRS,Standard_48,2,4.76665,0.0,648,0.005605407161684865,-0.0608593408141489,0.3421485722064972,0.7608024691358025,0.0,0.0,0.0,0.9955546259880066,Standard,3.0,0.5,648
CORRELATED_PAIRS,Standard_49,0,4.78319,0.0,1296,0.00477587373387324,-0.06030925821697175,0.33289679884910583,0.6265432098765432,0.0,0.0,0.0,0.9960216283798218,Standard,3.0,0.5,1296
CORRELATED_PAIRS,Standard_49,1,4.78319,0.0,1296,0.00477587373387324,-0.06030925821697175,0.33289679884910583,0.6265432098765432,0.0,0.0,0.0,0.9960216283798218,Standard,3.0,0.5,1296
CORRELATED_PAIRS,Standard_49,2,4.78319,0.0,1296,0.00477587373387324,-0.06030925821697175,0.33289679884910583,0.6265432098765432,0.0,0.0,0.0,0.9960216283798218,Standard,3.0,0.5,1296
CORRELATED_PAIRS,Standard_5,0,4.76756,184.29294,1760,2.2038343298593914,-2.464534657785308,0.5249086022377014,0.44367283950617287,0.009032436646521091,0.19048382341861725,0.006126601714640856,0.9252259135246277,Standard,0.05,1.0,2592
CORRELATED_PAIRS,Standard_5,1,4.76756,184.29294,1760,2.2038343298593914,-2.464534657785308,0.5249086022377014,0.44367283950617287,0.009032436646521091,0.19048382341861725,0.006126601714640856,0.9252259135246277,Standard,0.05,1.0,2592
CORRELATED_PAIRS,Standard_5,2,4.76756,184.29294,1760,2.2038343298593914,-2.464534657785308,0.5249086022377014,0.44367283950617287,0.009032436646521091,0.19048382341861725,0.006126601714640856,0.9252259135246277,Standard,0.05,1.0,2592
CORRELATED_PAIRS,Standard_50,0,4.77511,0.00014,2588,0.0067750596333665146,-0.06081535345037037,0.3584901690483093,0.42592592592592593,0.0,0.0,0.0,0.9963440895080566,Standard,3.0,0.5,2592
CORRELATED_PAIRS,Standard_50,1,4.77511,0.00014,2588,0.0067750596333665146,-0.06081535345037037,0.3584901690483093,0.42592592592592593,0.0,0.0,0.0,0.9963440895080566,Standard,3.0,0.5,2592
CORRELATED_PAIRS,Standard_50,2,4.77511,0.00014,2588,0.0067750596333665146,-0.06081535345037037,0.3584901690483093,0.42592592592592593,0.0,0.0,0.0,0.9963440895080566,Standard,3.0,0.5,2592
CORRELATED_PAIRS,Standard_51,0,4.77678,0.0,648,0.004483079731940356,-0.06043274464788828,0.34036368131637573,0.7700617283950617,0.0,0.0,0.0,0.9955088496208191,Standard,3.0,1.0,648
CORRELATED_PAIRS,Standard_51,1,4.77678,0.0,648,0.004483079731940356,-0.06043274464788828,0.34036368131637573,0.7700617283950617,0.0,0.0,0.0,0.9955088496208191,Standard,3.0,1.0,648
CORRELATED_PAIRS,Standard_51,2,4.77678,0.0,648,0.004483079731940356,-0.06043274464788828,0.34036368131637573,0.7700617283950617,0.0,0.0,0.0,0.9955088496208191,Standard,3.0,1.0,648
CORRELATED_PAIRS,Standard_52,0,4.7625,0.0,1296,0.0046931092865905915,-0.0605243418333099,0.33304232358932495,0.6327160493827161,0.0,0.0,0.0,0.9948264956474304,Standard,3.0,1.0,1296
CORRELATED_PAIRS,Standard_52,1,4.7625,0.0,1296,0.0046931092865905915,-0.0605243418333099,0.33304232358932495,0.6327160493827161,0.0,0.0,0.0,0.9948264956474304,Standard,3.0,1.0,1296
CORRELATED_PAIRS,Standard_52,2,4.7625,0.0,1296,0.0046931092865905915,-0.0605243418333099,0.33304232358932495,0.6327160493827161,0.0,0.0,0.0,0.9948264956474304,Standard,3.0,1.0,1296
CORRELATED_PAIRS,Standard_53,0,4.78313,0.0,2592,0.005213092450747368,-0.06021032084109468,0.3575538992881775,0.42746913580246915,0.0,0.0,0.0,0.9955992698669434,Standard,3.0,1.0,2592
CORRELATED_PAIRS,Standard_53,1,4.78313,0.0,2592,0.005213092450747368,-0.06021032084109468,0.3575538992881775,0.42746913580246915,0.0,0.0,0.0,0.9955992698669434,Standard,3.0,1.0,2592
CORRELATED_PAIRS,Standard_53,2,4.78313,0.0,2592,0.005213092450747368,-0.06021032084109468,0.3575538992881775,0.42746913580246915,0.0,0.0,0.0,0.9955992698669434,Standard,3.0,1.0,2592
CORRELATED_PAIRS,Standard_54,0,4.78166,2e-05,646,0.008366013136075223,-0.06128802910527176,0.3405323326587677,0.808641975308642,0.0015432098880410194,2.4037535695242696e-06,4.800030637852615e-06,0.9964730739593506,Standard,5.0,0.5,648
CORRELATED_PAIRS,Standard_54,1,4.78166,2e-05,646,0.008366013136075223,-0.06128802910527176,0.3405323326587677,0.808641975308642,0.0015432098880410194,2.4037535695242696e-06,4.800030637852615e-06,0.9964730739593506,Standard,5.0,0.5,648
CORRELATED_PAIRS,Standard_54,2,4.78166,2e-05,646,0.008366013136075223,-0.06128802910527176,0.3405323326587677,0.808641975308642,0.0015432098880410194,2.4037535695242696e-06,4.800030637852615e-06,0.9964730739593506,Standard,5.0,0.5,648
CORRELATED_PAIRS,Standard_55,0,4.7757,0.0,1296,0.005866035927838847,-0.060696666106494934,0.33260077238082886,0.6419753086419753,0.0,0.0,0.0,0.9959101676940918,Standard,5.0,0.5,1296
CORRELATED_PAIRS,Standard_55,1,4.7757,0.0,1296,0.005866035927838847,-0.060696666106494934,0.33260077238082886,0.6419753086419753,0.0,0.0,0.0,0.9959101676940918,Standard,5.0,0.5,1296
CORRELATED_PAIRS,Standard_55,2,4.7757,0.0,1296,0.005866035927838847,-0.060696666106494934,0.33260077238082886,0.6419753086419753,0.0,0.0,0.0,0.9959101676940918,Standard,5.0,0.5,1296
CORRELATED_PAIRS,Standard_56,0,4.7623,1e-05,2591,0.005696304565058406,-0.06049614423765437,0.35910138487815857,0.4305555555555556,0.0,0.0,0.0,0.9952238202095032,Standard,5.0,0.5,2592
CORRELATED_PAIRS,Standard_56,1,4.7623,1e-05,2591,0.005696304565058406,-0.06049614423765437,0.35910138487815857,0.4305555555555556,0.0,0.0,0.0,0.9952238202095032,Standard,5.0,0.5,2592
CORRELATED_PAIRS,Standard_56,2,4.7623,1e-05,2591,0.005696304565058406,-0.06049614423765437,0.35910138487815857,0.4305555555555556,0.0,0.0,0.0,0.9952238202095032,Standard,5.0,0.5,2592
CORRELATED_PAIRS,Standard_57,0,4.77435,0.0,648,0.005236256480100177,-0.060932537504737816,0.33956387639045715,0.7762345679012346,0.0,0.0,0.0,0.9972334504127502,Standard,5.0,1.0,648
CORRELATED_PAIRS,Standard_57,1,4.77435,0.0,648,0.005236256480100177,-0.060932537504737816,0.33956387639045715,0.7762345679012346,0.0,0.0,0.0,0.9972334504127502,Standard,5.0,1.0,648
CORRELATED_PAIRS,Standard_57,2,4.77435,0.0,648,0.005236256480100177,-0.060932537504737816,0.33956387639045715,0.7762345679012346,0.0,0.0,0.0,0.9972334504127502,Standard,5.0,1.0,648
CORRELATED_PAIRS,Standard_58,0,4.77211,3e-05,1294,0.00590891610204646,-0.060665484014459814,0.3328618109226227,0.6280864197530864,0.0,0.0,0.0,0.9953323006629944,Standard,5.0,1.0,1296
CORRELATED_PAIRS,Standard_58,1,4.77211,3e-05,1294,0.00590891610204646,-0.060665484014459814,0.3328618109226227,0.6280864197530864,0.0,0.0,0.0,0.9953323006629944,Standard,5.0,1.0,1296
CORRELATED_PAIRS,Standard_58,2,4.77211,3e-05,1294,0.00590891610204646,-0.060665484014459814,0.3328618109226227,0.6280864197530864,0.0,0.0,0.0,0.9953323006629944,Standard,5.0,1.0,1296
CORRELATED_PAIRS,Standard_59,0,4.77125,0.0,2592,0.005225804580248555,-0.060880912348545424,0.3567100465297699,0.4351851851851852,0.0,0.0,0.0,0.9955205321311951,Standard,5.0,1.0,2592
CORRELATED_PAIRS,Standard_59,1,4.77125,0.0,2592,0.005225804580248555,-0.060880912348545424,0.3567100465297699,0.4351851851851852,0.0,0.0,0.0,0.9955205321311951,Standard,5.0,1.0,2592
CORRELATED_PAIRS,Standard_59,2,4.77125,0.0,2592,0.005225804580248555,-0.060880912348545424,0.3567100465297699,0.4351851851851852,0.0,0.0,0.0,0.9955205321311951,Standard,5.0,1.0,2592
CORRELATED_PAIRS,Standard_6,0,4.76635,3.81178,632,0.19442174846067517,0.019796505569033895,0.34090545773506165,0.7962962962962963,4.538063149084337e-05,0.0075519937090575695,8.996019460028037e-05,0.989698052406311,Standard,0.1,0.5,648
CORRELATED_PAIRS,Standard_6,1,4.76635,3.81178,632,0.19442174846067517,0.019796505569033895,0.34090545773506165,0.7962962962962963,4.538063149084337e-05,0.0075519937090575695,8.996019460028037e-05,0.989698052406311,Standard,0.1,0.5,648
CORRELATED_PAIRS,Standard_6,2,4.76635,3.81178,632,0.19442174846067517,0.019796505569033895,0.34090545773506165,0.7962962962962963,4.538063149084337e-05,0.0075519937090575695,8.996019460028037e-05,0.989698052406311,Standard,0.1,0.5,648
CORRELATED_PAIRS,Standard_7,0,4.77671,4.07695,1274,0.19980724781688078,0.020749693321661322,0.33117520809173584,0.6396604938271605,9.673304884927347e-05,0.006517494097352028,0.000182207630132325,0.9929660558700562,Standard,0.1,0.5,1296
CORRELATED_PAIRS,Standard_7,1,4.77671,4.07695,1274,0.19980724781688078,0.020749693321661322,0.33117520809173584,0.6396604938271605,9.673304884927347e-05,0.006517494097352028,0.000182207630132325,0.9929660558700562,Standard,0.1,0.5,1296
CORRELATED_PAIRS,Standard_7,2,4.77671,4.07695,1274,0.19980724781688078,0.020749693321661322,0.33117520809173584,0.6396604938271605,9.673304884927347e-05,0.006517494097352028,0.000182207630132325,0.9929660558700562,Standard,0.1,0.5,1296
CORRELATED_PAIRS,Standard_8,0,4.7741,4.32518,2567,0.20878459421241352,0.029123313607932744,0.35629650950431824,0.435570987654321,4.345207707956433e-05,0.003220641054213047,8.290407276945189e-05,0.9940703511238098,Standard,0.1,0.5,2592
CORRELATED_PAIRS,Standard_8,1,4.7741,4.32518,2567,0.20878459421241352,0.029123313607932744,0.35629650950431824,0.435570987654321,4.345207707956433e-05,0.003220641054213047,8.290407276945189e-05,0.9940703511238098,Standard,0.1,0.5,2592
CORRELATED_PAIRS,Standard_8,2,4.7741,4.32518,2567,0.20878459421241352,0.029123313607932744,0.35629650950431824,0.435570987654321,4.345207707956433e-05,0.003220641054213047,8.290407276945189e-05,0.9940703511238098,Standard,0.1,0.5,2592
CORRELATED_PAIRS,Standard_9,0,4.78018,135.8983,1,1.7950121254989138,-0.993528397402458,0.399551123380661,0.8441358024691358,0.01232493482530117,0.6211937069892883,0.02017536573112011,0.7915261387825012,Standard,0.1,1.0,648
CORRELATED_PAIRS,Standard_9,1,4.78018,135.8983,1,1.7950121254989138,-0.993528397402458,0.399551123380661,0.8441358024691358,0.01232493482530117,0.6211937069892883,0.02017536573112011,0.7915261387825012,Standard,0.1,1.0,648
CORRELATED_PAIRS,Standard_9,2,4.78018,135.8983,1,1.7950121254989138,-0.993528397402458,0.399551123380661,0.8441358024691358,0.01232493482530117,0.6211937069892883,0.02017536573112011,0.7915261387825012,Standard,0.1,1.0,648
DAG_RANDOM_WALK,Standard_0,0,2.18197,3.16305,626,0.183116796875,0.09494679644509962,0.3392358422279358,0.7854938271604939,8.424042607657611e-05,0.011070499196648598,0.0001666283787926659,0.9935137629508972,Standard,0.05,0.5,648
DAG_RANDOM_WALK,Standard_0,1,2.18197,3.16305,626,0.183116796875,0.09494679644509962,0.3392358422279358,0.7854938271604939,8.424042607657611e-05,0.011070499196648598,0.0001666283787926659,0.9935137629508972,Standard,0.05,0.5,648
DAG_RANDOM_WALK,Standard_0,2,2.18197,3.16305,626,0.183116796875,0.09494679644509962,0.3392358422279358,0.7854938271604939,8.424042607657611e-05,0.011070499196648598,0.0001666283787926659,0.9935137629508972,Standard,0.05,0.5,648
DAG_RANDOM_WALK,Standard_1,0,2.18416,3.61456,1269,0.1912410546875,0.1113307382187615,0.3305972218513489,0.6334876543209876,0.0001203817009809427,0.008208210580050945,0.00023464921105187386,0.9955678582191467,Standard,0.05,0.5,1296
DAG_RANDOM_WALK,Standard_1,1,2.18416,3.61456,1269,0.1912410546875,0.1113307382187615,0.3305972218513489,0.6334876543209876,0.0001203817009809427,0.008208210580050945,0.00023464921105187386,0.9955678582191467,Standard,0.05,0.5,1296
DAG_RANDOM_WALK,Standard_1,2,2.18416,3.61456,1269,0.1912410546875,0.1113307382187615,0.3305972218513489,0.6334876543209876,0.0001203817009809427,0.008208210580050945,0.00023464921105187386,0.9955678582191467,Standard,0.05,0.5,1296
DAG_RANDOM_WALK,Standard_10,0,2.17861,75.73889,333,1.029937421875,-0.9154678846156501,0.3754148483276367,0.6442901234567902,0.008423014543950558,0.30645662546157837,0.012517835013568401,0.9408989548683167,Standard,0.1,1.0,1296
DAG_RANDOM_WALK,Standard_10,1,2.17861,75.73889,333,1.029937421875,-0.9154678846156501,0.3754148483276367,0.6442901234567902,0.008423014543950558,0.30645662546157837,0.012517835013568401,0.9408989548683167,Standard,0.1,1.0,1296
DAG_RANDOM_WALK,Standard_10,2,2.17861,75.73889,333,1.029937421875,-0.9154678846156501,0.3754148483276367,0.6442901234567902,0.008423014543950558,0.30645662546157837,0.012517835013568401,0.9408989548683167,Standard,0.1,1.0,1296
DAG_RANDOM_WALK,Standard_11,0,2.18105,79.06918,1451,1.077718984375,-1.1379468070248802,0.46426331996917725,0.4340277777777778,0.004783470183610916,0.16754427552223206,0.0069950297474861145,0.9682802557945251,Standard,0.1,1.0,2592
DAG_RANDOM_WALK,Standard_11,1,2.18105,79.06918,1451,1.077718984375,-1.1379468070248802,0.46426331996917725,0.4340277777777778,0.004783470183610916,0.16754427552223206,0.0069950297474861145,0.9682802557945251,Standard,0.1,1.0,2592
DAG_RANDOM_WALK,Standard_11,2,2.18105,79.06918,1451,1.077718984375,-1.1379468070248802,0.46426331996917725,0.4340277777777778,0.004783470183610916,0.16754427552223206,0.0069950297474861145,0.9682802557945251,Standard,0.1,1.0,2592
DAG_RANDOM_WALK,Standard_12,0,2.17446,0.94004,628,0.0732444482421875,0.029346939927734184,0.3376711308956146,0.8070987654320988,0.000340057275025174,0.006165605969727039,0.0006158747128210962,0.9968870282173157,Standard,0.2,0.5,648
DAG_RANDOM_WALK,Standard_12,1,2.17446,0.94004,628,0.0732444482421875,0.029346939927734184,0.3376711308956146,0.8070987654320988,0.000340057275025174,0.006165605969727039,0.0006158747128210962,0.9968870282173157,Standard,0.2,0.5,648
DAG_RANDOM_WALK,Standard_12,2,2.17446,0.94004,628,0.0732444482421875,0.029346939927734184,0.3376711308956146,0.8070987654320988,0.000340057275025174,0.006165605969727039,0.0006158747128210962,0.9968870282173157,Standard,0.2,0.5,648
DAG_RANDOM_WALK,Standard_13,0,2.18695,0.88979,1273,0.07880109074528245,0.027272453242767614,0.33098506927490234,0.625,0.0002444967976771295,0.003020468633621931,0.0004099347279407084,0.9975717663764954,Standard,0.2,0.5,1296
DAG_RANDOM_WALK,Standard_13,1,2.18695,0.88979,1273,0.07880109074528245,0.027272453242767614,0.33098506927490234,0.625,0.0002444967976771295,0.003020468633621931,0.0004099347279407084,0.9975717663764954,Standard,0.2,0.5,1296
DAG_RANDOM_WALK,Standard_13,2,2.18695,0.88979,1273,0.07880109074528245,0.027272453242767614,0.33098506927490234,0.625,0.0002444967976771295,0.003020468633621931,0.0004099347279407084,0.9975717663764954,Standard,0.2,0.5,1296
DAG_RANDOM_WALK,Standard_14,0,2.18299,0.72066,2562,0.0674558203125,0.022116892354440365,0.3550828695297241,0.42978395061728397,0.00016066944226622581,0.0015183357754722238,0.00025821247254498303,0.9980015754699707,Standard,0.2,0.5,2592
DAG_RANDOM_WALK,Standard_14,1,2.18299,0.72066,2562,0.0674558203125,0.022116892354440365,0.3550828695297241,0.42978395061728397,0.00016066944226622581,0.0015183357754722238,0.00025821247254498303,0.9980015754699707,Standard,0.2,0.5,2592
DAG_RANDOM_WALK,Standard_14,2,2.18299,0.72066,2562,0.0674558203125,0.022116892354440365,0.3550828695297241,0.42978395061728397,0.00016066944226622581,0.0015183357754722238,0.00025821247254498303,0.9980015754699707,Standard,0.2,0.5,2592
DAG_RANDOM_WALK,Standard_15,0,2.17975,48.16382,1,0.62438359375,0.39178219054041574,0.37031251192092896,0.8101851851851852,0.010430114343762398,0.4363119900226593,0.019870176911354065,0.9254589080810547,Standard,0.2,1.0,648
DAG_RANDOM_WALK,Standard_15,1,2.17975,48.16382,1,0.62438359375,0.39178219054041574,0.37031251192092896,0.8101851851851852,0.010430114343762398,0.4363119900226593,0.019870176911354065,0.9254589080810547,Standard,0.2,1.0,648
DAG_RANDOM_WALK,Standard_15,2,2.17975,48.16382,1,0.62438359375,0.39178219054041574,0.37031251192092896,0.8101851851851852,0.010430114343762398,0.4363119900226593,0.019870176911354065,0.9254589080810547,Standard,0.2,1.0,648
DAG_RANDOM_WALK,Standard_16,0,2.18005,56.06721,245,0.69695015625,0.193293282525551,0.36649850010871887,0.6388888888888888,0.016750317066907883,0.27448102831840515,0.016253124922513962,0.9559230208396912,Standard,0.2,1.0,1296
DAG_RANDOM_WALK,Standard_16,1,2.18005,56.06721,245,0.69695015625,0.193293282525551,0.36649850010871887,0.6388888888888888,0.016750317066907883,0.27448102831840515,0.016253124922513962,0.9559230208396912,Standard,0.2,1.0,1296
DAG_RANDOM_WALK,Standard_16,2,2.18005,56.06721,245,0.69695015625,0.193293282525551,0.36649850010871887,0.6388888888888888,0.016750317066907883,0.27448102831840515,0.016253124922513962,0.9559230208396912,Standard,0.2,1.0,1296
DAG_RANDOM_WALK,Standard_17,0,2.18811,58.60159,1432,0.72203,0.08698992750467849,0.45099833607673645,0.44058641975308643,0.013763787224888802,0.14475736021995544,0.009093571454286575,0.9760209918022156,Standard,0.2,1.0,2592
DAG_RANDOM_WALK,Standard_17,1,2.18811,58.60159,1432,0.72203,0.08698992750467849,0.45099833607673645,0.44058641975308643,0.013763787224888802,0.14475736021995544,0.009093571454286575,0.9760209918022156,Standard,0.2,1.0,2592
DAG_RANDOM_WALK,Standard_17,2,2.18811,58.60159,1432,0.72203,0.08698992750467849,0.45099833607673645,0.44058641975308643,0.013763787224888802,0.14475736021995544,0.009093571454286575,0.9760209918022156,Standard,0.2,1.0,2592
DAG_RANDOM_WALK,Standard_18,0,2.18346,0.13606,622,0.03816938071724467,0.004683752411029807,0.338679701089859,0.779320987654321,0.0018420752603560686,0.002567677292972803,0.0004978918004781008,0.9980106949806213,Standard,0.4,0.5,648
DAG_RANDOM_WALK,Standard_18,1,2.18346,0.13606,622,0.03816938071724467,0.004683752411029807,0.338679701089859,0.779320987654321,0.0018420752603560686,0.002567677292972803,0.0004978918004781008,0.9980106949806213,Standard,0.4,0.5,648
DAG_RANDOM_WALK,Standard_18,2,2.18346,0.13606,622,0.03816938071724467,0.004683752411029807,0.338679701089859,0.779320987654321,0.0018420752603560686,0.002567677292972803,0.0004978918004781008,0.9980106949806213,Standard,0.4,0.5,648
DAG_RANDOM_WALK,Standard_19,0,2.18931,0.11641,1264,0.03728401611328125,0.0040028995482340735,0.3316952884197235,0.6134259259259259,0.0015098477015271783,0.0010168725857511163,0.0004424267099238932,0.9981693029403687,Standard,0.4,0.5,1296
DAG_RANDOM_WALK,Standard_19,1,2.18931,0.11641,1264,0.03728401611328125,0.0040028995482340735,0.3316952884197235,0.6134259259259259,0.0015098477015271783,0.0010168725857511163,0.0004424267099238932,0.9981693029403687,Standard,0.4,0.5,1296
DAG_RANDOM_WALK,Standard_19,2,2.18931,0.11641,1264,0.03728401611328125,0.0040028995482340735,0.3316952884197235,0.6134259259259259,0.0015098477015271783,0.0010168725857511163,0.0004424267099238932,0.9981693029403687,Standard,0.4,0.5,1296
DAG_RANDOM_WALK,Standard_2,0,2.18655,3.24225,2569,0.1852066796875,0.09755341951683838,0.3539874851703644,0.4270833333333333,3.336103691253811e-05,0.0033329713623970747,6.572051643161103e-05,0.9970642924308777,Standard,0.05,0.5,2592
DAG_RANDOM_WALK,Standard_2,1,2.18655,3.24225,2569,0.1852066796875,0.09755341951683838,0.3539874851703644,0.4270833333333333,3.336103691253811e-05,0.0033329713623970747,6.572051643161103e-05,0.9970642924308777,Standard,0.05,0.5,2592
DAG_RANDOM_WALK,Standard_2,2,2.18655,3.24225,2569,0.1852066796875,0.09755341951683838,0.3539874851703644,0.4270833333333333,3.336103691253811e-05,0.0033329713623970747,6.572051643161103e-05,0.9970642924308777,Standard,0.05,0.5,2592
DAG_RANDOM_WALK,Standard_20,0,2.1837,0.16992,2547,0.0486704248046875,0.006372197647405264,0.3569275736808777,0.43364197530864196,0.00215553748421371,0.0010194669011980295,0.000408295716624707,0.998239278793335,Standard,0.4,0.5,2592
DAG_RANDOM_WALK,Standard_20,1,2.1837,0.16992,2547,0.0486704248046875,0.006372197647405264,0.3569275736808777,0.43364197530864196,0.00215553748421371,0.0010194669011980295,0.000408295716624707,0.998239278793335,Standard,0.4,0.5,2592
DAG_RANDOM_WALK,Standard_20,2,2.1837,0.16992,2547,0.0486704248046875,0.006372197647405264,0.3569275736808777,0.43364197530864196,0.00215553748421371,0.0010194669011980295,0.000408295716624707,0.998239278793335,Standard,0.4,0.5,2592
DAG_RANDOM_WALK,Standard_21,0,2.18256,11.38564,9,0.22615703125,0.21189103846851254,0.3578033149242401,0.7685185185185185,0.022775758057832718,0.16114580631256104,0.021100018173456192,0.9812618494033813,Standard,0.4,1.0,648
DAG_RANDOM_WALK,Standard_21,1,2.18256,11.38564,9,0.22615703125,0.21189103846851254,0.3578033149242401,0.7685185185185185,0.022775758057832718,0.16114580631256104,0.021100018173456192,0.9812618494033813,Standard,0.4,1.0,648
DAG_RANDOM_WALK,Standard_21,2,2.18256,11.38564,9,0.22615703125,0.21189103846851254,0.3578033149242401,0.7685185185185185,0.022775758057832718,0.16114580631256104,0.021100018173456192,0.9812618494033813,Standard,0.4,1.0,648
DAG_RANDOM_WALK,Standard_22,0,2.1859,13.7938,204,0.25406779296875,0.1996934801519631,0.3479861915111542,0.6010802469135802,0.047842685133218765,0.09261036664247513,0.016918933019042015,0.9878997802734375,Standard,0.4,1.0,1296
DAG_RANDOM_WALK,Standard_22,1,2.1859,13.7938,204,0.25406779296875,0.1996934801519631,0.3479861915111542,0.6010802469135802,0.047842685133218765,0.09261036664247513,0.016918933019042015,0.9878997802734375,Standard,0.4,1.0,1296
DAG_RANDOM_WALK,Standard_22,2,2.1859,13.7938,204,0.25406779296875,0.1996934801519631,0.3479861915111542,0.6010802469135802,0.047842685133218765,0.09261036664247513,0.016918933019042015,0.9878997802734375,Standard,0.4,1.0,1296
DAG_RANDOM_WALK,Standard_23,0,2.18571,13.92937,1407,0.2527297265625,0.19407036328263905,0.41072291135787964,0.4278549382716049,0.025139154866337776,0.04868206009268761,0.008319607004523277,0.9928560853004456,Standard,0.4,1.0,2592
DAG_RANDOM_WALK,Standard_23,1,2.18571,13.92937,1407,0.2527297265625,0.19407036328263905,0.41072291135787964,0.4278549382716049,0.025139154866337776,0.04868206009268761,0.008319607004523277,0.9928560853004456,Standard,0.4,1.0,2592
DAG_RANDOM_WALK,Standard_23,2,2.18571,13.92937,1407,0.2527297265625,0.19407036328263905,0.41072291135787964,0.4278549382716049,0.025139154866337776,0.04868206009268761,0.008319607004523277,0.9928560853004456,Standard,0.4,1.0,2592
DAG_RANDOM_WALK,Standard_24,0,2.17992,0.07985,617,0.0367596435546875,0.0026369871846980697,0.3408191502094269,0.779320987654321,0.0035963691771030426,0.0009942635660991073,0.0005006985156796873,0.9980942606925964,Standard,0.6,0.5,648
DAG_RANDOM_WALK,Standard_24,1,2.17992,0.07985,617,0.0367596435546875,0.0026369871846980697,0.3408191502094269,0.779320987654321,0.0035963691771030426,0.0009942635660991073,0.0005006985156796873,0.9980942606925964,Standard,0.6,0.5,648
DAG_RANDOM_WALK,Standard_24,2,2.17992,0.07985,617,0.0367596435546875,0.0026369871846980697,0.3408191502094269,0.779320987654321,0.0035963691771030426,0.0009942635660991073,0.0005006985156796873,0.9980942606925964,Standard,0.6,0.5,648
DAG_RANDOM_WALK,Standard_25,0,2.18406,0.0984,1253,0.0567207666015625,0.0024263919501421594,0.33340588212013245,0.625,0.003362115938216448,0.0005954984808340669,0.0003268418076913804,0.9982083439826965,Standard,0.6,0.5,1296
DAG_RANDOM_WALK,Standard_25,1,2.18406,0.0984,1253,0.0567207666015625,0.0024263919501421594,0.33340588212013245,0.625,0.003362115938216448,0.0005954984808340669,0.0003268418076913804,0.9982083439826965,Standard,0.6,0.5,1296
DAG_RANDOM_WALK,Standard_25,2,2.18406,0.0984,1253,0.0567207666015625,0.0024263919501421594,0.33340588212013245,0.625,0.003362115938216448,0.0005954984808340669,0.0003268418076913804,0.9982083439826965,Standard,0.6,0.5,1296
DAG_RANDOM_WALK,Standard_26,0,2.18345,0.09823,2537,0.0401901318359375,0.0022898175767184226,0.3580438494682312,0.43209876543209874,0.0033139085862785578,0.00040565477684140205,0.00032692617969587445,0.9982321262359619,Standard,0.6,0.5,2592
DAG_RANDOM_WALK,Standard_26,1,2.18345,0.09823,2537,0.0401901318359375,0.0022898175767184226,0.3580438494682312,0.43209876543209874,0.0033139085862785578,0.00040565477684140205,0.00032692617969587445,0.9982321262359619,Standard,0.6,0.5,2592
DAG_RANDOM_WALK,Standard_26,2,2.18345,0.09823,2537,0.0401901318359375,0.0022898175767184226,0.3580438494682312,0.43209876543209874,0.0033139085862785578,0.00040565477684140205,0.00032692617969587445,0.9982321262359619,Standard,0.6,0.5,2592
DAG_RANDOM_WALK,Standard_27,0,2.17977,4.02293,17,0.10950724609375,0.06638487511248159,0.34376388788223267,0.7253086419753086,0.038943734019994736,0.04357841983437538,0.016184160485863686,0.9922146201133728,Standard,0.6,1.0,648
DAG_RANDOM_WALK,Standard_27,1,2.17977,4.02293,17,0.10950724609375,0.06638487511248159,0.34376388788223267,0.7253086419753086,0.038943734019994736,0.04357841983437538,0.016184160485863686,0.9922146201133728,Standard,0.6,1.0,648
DAG_RANDOM_WALK,Standard_27,2,2.17977,4.02293,17,0.10950724609375,0.06638487511248159,0.34376388788223267,0.7253086419753086,0.038943734019994736,0.04357841983437538,0.016184160485863686,0.9922146201133728,Standard,0.6,1.0,648
DAG_RANDOM_WALK,Standard_28,0,2.18684,4.89498,243,0.12169330078125,0.052720046796405406,0.34285733103752136,0.6095679012345679,0.050539810210466385,0.026441780850291252,0.012752381153404713,0.9946207404136658,Standard,0.6,1.0,1296
DAG_RANDOM_WALK,Standard_28,1,2.18684,4.89498,243,0.12169330078125,0.052720046796405406,0.34285733103752136,0.6095679012345679,0.050539810210466385,0.026441780850291252,0.012752381153404713,0.9946207404136658,Standard,0.6,1.0,1296
DAG_RANDOM_WALK,Standard_28,2,2.18684,4.89498,243,0.12169330078125,0.052720046796405406,0.34285733103752136,0.6095679012345679,0.050539810210466385,0.026441780850291252,0.012752381153404713,0.9946207404136658,Standard,0.6,1.0,1296
DAG_RANDOM_WALK,Standard_29,0,2.18559,5.14362,1414,0.128009794921875,0.045670645210077576,0.3864641487598419,0.4047067901234568,0.03497958555817604,0.014040723443031311,0.0069896564818918705,0.9962180852890015,Standard,0.6,1.0,2592
DAG_RANDOM_WALK,Standard_29,1,2.18559,5.14362,1414,0.128009794921875,0.045670645210077576,0.3864641487598419,0.4047067901234568,0.03497958555817604,0.014040723443031311,0.0069896564818918705,0.9962180852890015,Standard,0.6,1.0,2592
DAG_RANDOM_WALK,Standard_29,2,2.18559,5.14362,1414,0.128009794921875,0.045670645210077576,0.3864641487598419,0.4047067901234568,0.03497958555817604,0.014040723443031311,0.0069896564818918705,0.9962180852890015,Standard,0.6,1.0,2592
DAG_RANDOM_WALK,Standard_3,0,2.18743,101.55021,9,0.9629521875,0.23356023740897047,0.35523226857185364,0.8179012345679012,0.005863552447408438,0.4604957103729248,0.011407680809497833,0.843119204044342,Standard,0.05,1.0,648
DAG_RANDOM_WALK,Standard_3,1,2.18743,101.55021,9,0.9629521875,0.23356023740897047,0.35523226857185364,0.8179012345679012,0.005863552447408438,0.4604957103729248,0.011407680809497833,0.843119204044342,Standard,0.05,1.0,648
DAG_RANDOM_WALK,Standard_3,2,2.18743,101.55021,9,0.9629521875,0.23356023740897047,0.35523226857185364,0.8179012345679012,0.005863552447408438,0.4604957103729248,0.011407680809497833,0.843119204044342,Standard,0.05,1.0,648
DAG_RANDOM_WALK,Standard_30,0,2.18531,0.04146,615,0.0411783935546875,0.0005823623015154267,0.3380979299545288,0.7824074074074074,0.006530763115733862,0.0002569403441157192,0.00045872453483752906,0.9981351494789124,Standard,1.0,0.5,648
DAG_RANDOM_WALK,Standard_30,1,2.18531,0.04146,615,0.0411783935546875,0.0005823623015154267,0.3380979299545288,0.7824074074074074,0.006530763115733862,0.0002569403441157192,0.00045872453483752906,0.9981351494789124,Standard,1.0,0.5,648
DAG_RANDOM_WALK,Standard_30,2,2.18531,0.04146,615,0.0411783935546875,0.0005823623015154267,0.3380979299545288,0.7824074074074074,0.006530763115733862,0.0002569403441157192,0.00045872453483752906,0.9981351494789124,Standard,1.0,0.5,648
DAG_RANDOM_WALK,Standard_31,0,2.1849,0.05261,1252,0.086672880859375,0.0010699166825278716,0.3332911729812622,0.6342592592592593,0.0050343843176960945,0.00025522339274175465,0.0004200344264972955,0.9982300996780396,Standard,1.0,0.5,1296
DAG_RANDOM_WALK,Standard_31,1,2.1849,0.05261,1252,0.086672880859375,0.0010699166825278716,0.3332911729812622,0.6342592592592593,0.0050343843176960945,0.00025522339274175465,0.0004200344264972955,0.9982300996780396,Standard,1.0,0.5,1296
DAG_RANDOM_WALK,Standard_31,2,2.1849,0.05261,1252,0.086672880859375,0.0010699166825278716,0.3332911729812622,0.6342592592592593,0.0050343843176960945,0.00025522339274175465,0.0004200344264972955,0.9982300996780396,Standard,1.0,0.5,1296
DAG_RANDOM_WALK,Standard_32,0,2.1781,0.05607,2548,0.043660986328125,0.0005531354312627856,0.3567051887512207,0.4305555555555556,0.0027152332477271557,0.00023011033772490919,0.0002253105049021542,0.9982343316078186,Standard,1.0,0.5,2592
DAG_RANDOM_WALK,Standard_32,1,2.1781,0.05607,2548,0.043660986328125,0.0005531354312627856,0.3567051887512207,0.4305555555555556,0.0027152332477271557,0.00023011033772490919,0.0002253105049021542,0.9982343316078186,Standard,1.0,0.5,2592
DAG_RANDOM_WALK,Standard_32,2,2.1781,0.05607,2548,0.043660986328125,0.0005531354312627856,0.3567051887512207,0.4305555555555556,0.0027152332477271557,0.00023011033772490919,0.0002253105049021542,0.9982343316078186,Standard,1.0,0.5,2592
DAG_RANDOM_WALK,Standard_33,0,2.1859,2.40231,78,0.100313623046875,0.02199640246637069,0.3447301983833313,0.7253086419753086,0.030116572976112366,0.01591295190155506,0.008821438997983932,0.9946386814117432,Standard,1.0,1.0,648
DAG_RANDOM_WALK,Standard_33,1,2.1859,2.40231,78,0.100313623046875,0.02199640246637069,0.3447301983833313,0.7253086419753086,0.030116572976112366,0.01591295190155506,0.008821438997983932,0.9946386814117432,Standard,1.0,1.0,648
DAG_RANDOM_WALK,Standard_33,2,2.1859,2.40231,78,0.100313623046875,0.02199640246637069,0.3447301983833313,0.7253086419753086,0.030116572976112366,0.01591295190155506,0.008821438997983932,0.9946386814117432,Standard,1.0,1.0,648
DAG_RANDOM_WALK,Standard_34,0,2.1845,2.99255,395,0.11348015625,0.008624559340267512,0.3472040593624115,0.6064814814814815,0.055662427097558975,0.011105909943580627,0.008164839819073677,0.9960503578186035,Standard,1.0,1.0,1296
DAG_RANDOM_WALK,Standard_34,1,2.1845,2.99255,395,0.11348015625,0.008624559340267512,0.3472040593624115,0.6064814814814815,0.055662427097558975,0.011105909943580627,0.008164839819073677,0.9960503578186035,Standard,1.0,1.0,1296
DAG_RANDOM_WALK,Standard_34,2,2.1845,2.99255,395,0.11348015625,0.008624559340267512,0.3472040593624115,0.6064814814814815,0.055662427097558975,0.011105909943580627,0.008164839819073677,0.9960503578186035,Standard,1.0,1.0,1296
DAG_RANDOM_WALK,Standard_35,0,2.18403,3.05863,1562,0.12138004192541925,0.0035200430201043353,0.3919998109340668,0.42824074074074076,0.05154132843017578,0.007113221101462841,0.005393856670707464,0.9970083236694336,Standard,1.0,1.0,2592
DAG_RANDOM_WALK,Standard_35,1,2.18403,3.05863,1562,0.12138004192541925,0.0035200430201043353,0.3919998109340668,0.42824074074074076,0.05154132843017578,0.007113221101462841,0.005393856670707464,0.9970083236694336,Standard,1.0,1.0,2592
DAG_RANDOM_WALK,Standard_35,2,2.18403,3.05863,1562,0.12138004192541925,0.0035200430201043353,0.3919998109340668,0.42824074074074076,0.05154132843017578,0.007113221101462841,0.005393856670707464,0.9970083236694336,Standard,1.0,1.0,2592
DAG_RANDOM_WALK,Standard_36,0,2.179,0.02228,616,0.031558271484375,0.0005310217263848616,0.34185126423835754,0.7808641975308642,0.0016313933301717043,5.368843994801864e-05,9.803177090361714e-05,0.9981650710105896,Standard,1.5,0.5,648
DAG_RANDOM_WALK,Standard_36,1,2.179,0.02228,616,0.031558271484375,0.0005310217263848616,0.34185126423835754,0.7808641975308642,0.0016313933301717043,5.368843994801864e-05,9.803177090361714e-05,0.9981650710105896,Standard,1.5,0.5,648
DAG_RANDOM_WALK,Standard_36,2,2.179,0.02228,616,0.031558271484375,0.0005310217263848616,0.34185126423835754,0.7808641975308642,0.0016313933301717043,5.368843994801864e-05,9.803177090361714e-05,0.9981650710105896,Standard,1.5,0.5,648
DAG_RANDOM_WALK,Standard_37,0,2.18173,0.03213,1253,0.0333306298828125,0.0003984882419211244,0.3341221809387207,0.6404320987654321,0.004661215469241142,0.00015178117610048503,0.0002478111127857119,0.9982606768608093,Standard,1.5,0.5,1296
DAG_RANDOM_WALK,Standard_37,1,2.18173,0.03213,1253,0.0333306298828125,0.0003984882419211244,0.3341221809387207,0.6404320987654321,0.004661215469241142,0.00015178117610048503,0.0002478111127857119,0.9982606768608093,Standard,1.5,0.5,1296
DAG_RANDOM_WALK,Standard_37,2,2.18173,0.03213,1253,0.0333306298828125,0.0003984882419211244,0.3341221809387207,0.6404320987654321,0.004661215469241142,0.00015178117610048503,0.0002478111127857119,0.9982606768608093,Standard,1.5,0.5,1296
DAG_RANDOM_WALK,Standard_38,0,2.18884,0.03655,2545,0.04120802734375,0.00033728161813451063,0.3574635982513428,0.43132716049382713,0.0016006209189072251,0.00010231041960651055,0.00015288966824300587,0.9982123374938965,Standard,1.5,0.5,2592
DAG_RANDOM_WALK,Standard_38,1,2.18884,0.03655,2545,0.04120802734375,0.00033728161813451063,0.3574635982513428,0.43132716049382713,0.0016006209189072251,0.00010231041960651055,0.00015288966824300587,0.9982123374938965,Standard,1.5,0.5,2592
DAG_RANDOM_WALK,Standard_38,2,2.18884,0.03655,2545,0.04120802734375,0.00033728161813451063,0.3574635982513428,0.43132716049382713,0.0016006209189072251,0.00010231041960651055,0.00015288966824300587,0.9982123374938965,Standard,1.5,0.5,2592
DAG_RANDOM_WALK,Standard_39,0,2.18591,1.43525,179,0.0730776448389484,0.008683358979724387,0.3483409583568573,0.7268518518518519,0.021714728325605392,0.01015574298799038,0.0063086687587201595,0.9960153102874756,Standard,1.5,1.0,648
DAG_RANDOM_WALK,Standard_39,1,2.18591,1.43525,179,0.0730776448389484,0.008683358979724387,0.3483409583568573,0.7268518518518519,0.021714728325605392,0.01015574298799038,0.0063086687587201595,0.9960153102874756,Standard,1.5,1.0,648
DAG_RANDOM_WALK,Standard_39,2,2.18591,1.43525,179,0.0730776448389484,0.008683358979724387,0.3483409583568573,0.7268518518518519,0.021714728325605392,0.01015574298799038,0.0063086687587201595,0.9960153102874756,Standard,1.5,1.0,648
DAG_RANDOM_WALK,Standard_4,0,2.17856,95.82048,538,1.127016171875,-0.6756938232359095,0.4597877264022827,0.6666666666666666,0.00672202929854393,0.2897064685821533,0.008675795048475266,0.9255044460296631,Standard,0.05,1.0,1296
DAG_RANDOM_WALK,Standard_4,1,2.17856,95.82048,538,1.127016171875,-0.6756938232359095,0.4597877264022827,0.6666666666666666,0.00672202929854393,0.2897064685821533,0.008675795048475266,0.9255044460296631,Standard,0.05,1.0,1296
DAG_RANDOM_WALK,Standard_4,2,2.17856,95.82048,538,1.127016171875,-0.6756938232359095,0.4597877264022827,0.6666666666666666,0.00672202929854393,0.2897064685821533,0.008675795048475266,0.9255044460296631,Standard,0.05,1.0,1296
DAG_RANDOM_WALK,Standard_40,0,2.17989,1.82898,697,0.09733134440719407,-0.004119599504031735,0.34697425365448,0.5887345679012346,0.015314910560846329,0.0053164283744990826,0.003180460073053837,0.9968512058258057,Standard,1.5,1.0,1296
DAG_RANDOM_WALK,Standard_40,1,2.17989,1.82898,697,0.09733134440719407,-0.004119599504031735,0.34697425365448,0.5887345679012346,0.015314910560846329,0.0053164283744990826,0.003180460073053837,0.9968512058258057,Standard,1.5,1.0,1296
DAG_RANDOM_WALK,Standard_40,2,2.17989,1.82898,697,0.09733134440719407,-0.004119599504031735,0.34697425365448,0.5887345679012346,0.015314910560846329,0.0053164283744990826,0.003180460073053837,0.9968512058258057,Standard,1.5,1.0,1296
DAG_RANDOM_WALK,Standard_41,0,2.18516,1.98058,1912,0.09411375,-0.005011420981531289,0.38419559597969055,0.4255401234567901,0.02090083621442318,0.0032842750661075115,0.0023815736640244722,0.9974597692489624,Standard,1.5,1.0,2592
DAG_RANDOM_WALK,Standard_41,1,2.18516,1.98058,1912,0.09411375,-0.005011420981531289,0.38419559597969055,0.4255401234567901,0.02090083621442318,0.0032842750661075115,0.0023815736640244722,0.9974597692489624,Standard,1.5,1.0,2592
DAG_RANDOM_WALK,Standard_41,2,2.18516,1.98058,1912,0.09411375,-0.005011420981531289,0.38419559597969055,0.4255401234567901,0.02090083621442318,0.0032842750661075115,0.0023815736640244722,0.9974597692489624,Standard,1.5,1.0,2592
DAG_RANDOM_WALK,Standard_42,0,2.18097,0.00405,630,0.02976974365234375,-0.00026474941623844117,0.340984970331192,0.7685185185185185,0.0,0.0,0.0,0.9981486797332764,Standard,2.0,0.5,648
DAG_RANDOM_WALK,Standard_42,1,2.18097,0.00405,630,0.02976974365234375,-0.00026474941623844117,0.340984970331192,0.7685185185185185,0.0,0.0,0.0,0.9981486797332764,Standard,2.0,0.5,648
DAG_RANDOM_WALK,Standard_42,2,2.18097,0.00405,630,0.02976974365234375,-0.00026474941623844117,0.340984970331192,0.7685185185185185,0.0,0.0,0.0,0.9981486797332764,Standard,2.0,0.5,648
DAG_RANDOM_WALK,Standard_43,0,2.18382,0.0075,1267,0.0448273046875,-9.034274816155374e-05,0.3336659371852875,0.6257716049382716,0.0015838206745684147,4.8838279326446354e-05,9.446674084756523e-05,0.9981879591941833,Standard,2.0,0.5,1296
DAG_RANDOM_WALK,Standard_43,1,2.18382,0.0075,1267,0.0448273046875,-9.034274816155374e-05,0.3336659371852875,0.6257716049382716,0.0015838206745684147,4.8838279326446354e-05,9.446674084756523e-05,0.9981879591941833,Standard,2.0,0.5,1296
DAG_RANDOM_WALK,Standard_43,2,2.18382,0.0075,1267,0.0448273046875,-9.034274816155374e-05,0.3336659371852875,0.6257716049382716,0.0015838206745684147,4.8838279326446354e-05,9.446674084756523e-05,0.9981879591941833,Standard,2.0,0.5,1296
DAG_RANDOM_WALK,Standard_44,0,2.18439,0.0093,2558,0.02888368896484375,0.00016672429443020942,0.36011144518852234,0.4305555555555556,0.00155698845628649,6.070246308809146e-05,0.000113865957246162,0.9982771873474121,Standard,2.0,0.5,2592
DAG_RANDOM_WALK,Standard_44,1,2.18439,0.0093,2558,0.02888368896484375,0.00016672429443020942,0.36011144518852234,0.4305555555555556,0.00155698845628649,6.070246308809146e-05,0.000113865957246162,0.9982771873474121,Standard,2.0,0.5,2592
DAG_RANDOM_WALK,Standard_44,2,2.18439,0.0093,2558,0.02888368896484375,0.00016672429443020942,0.36011144518852234,0.4305555555555556,0.00155698845628649,6.070246308809146e-05,0.000113865957246162,0.9982771873474121,Standard,2.0,0.5,2592
DAG_RANDOM_WALK,Standard_45,0,2.18338,0.03347,562,0.0386954931640625,0.0009752704818536406,0.34447821974754333,0.7731481481481481,0.0011828464921563864,0.0004207222955301404,0.0005056243389844894,0.9981723427772522,Standard,2.0,1.0,648
DAG_RANDOM_WALK,Standard_45,1,2.18338,0.03347,562,0.0386954931640625,0.0009752704818536406,0.34447821974754333,0.7731481481481481,0.0011828464921563864,0.0004207222955301404,0.0005056243389844894,0.9981723427772522,Standard,2.0,1.0,648
DAG_RANDOM_WALK,Standard_45,2,2.18338,0.03347,562,0.0386954931640625,0.0009752704818536406,0.34447821974754333,0.7731481481481481,0.0011828464921563864,0.0004207222955301404,0.0005056243389844894,0.9981723427772522,Standard,2.0,1.0,648
DAG_RANDOM_WALK,Standard_46,0,2.18775,0.14807,1131,0.04031567138671875,0.004683176517250587,0.33586710691452026,0.625,0.0025045196525752544,0.000780492729973048,0.0008293143473565578,0.9981736540794373,Standard,2.0,1.0,1296
DAG_RANDOM_WALK,Standard_46,1,2.18775,0.14807,1131,0.04031567138671875,0.004683176517250587,0.33586710691452026,0.625,0.0025045196525752544,0.000780492729973048,0.0008293143473565578,0.9981736540794373,Standard,2.0,1.0,1296
DAG_RANDOM_WALK,Standard_46,2,2.18775,0.14807,1131,0.04031567138671875,0.004683176517250587,0.33586710691452026,0.625,0.0025045196525752544,0.000780492729973048,0.0008293143473565578,0.9981736540794373,Standard,2.0,1.0,1296
DAG_RANDOM_WALK,Standard_47,0,2.18195,0.27414,2365,0.04565384765625,0.00647695115422775,0.36343008279800415,0.4228395061728395,0.0015634868759661913,0.0005876258364878595,0.0005668873782269657,0.9980934858322144,Standard,2.0,1.0,2592
DAG_RANDOM_WALK,Standard_47,1,2.18195,0.27414,2365,0.04565384765625,0.00647695115422775,0.36343008279800415,0.4228395061728395,0.0015634868759661913,0.0005876258364878595,0.0005668873782269657,0.9980934858322144,Standard,2.0,1.0,2592
DAG_RANDOM_WALK,Standard_47,2,2.18195,0.27414,2365,0.04565384765625,0.00647695115422775,0.36343008279800415,0.4228395061728395,0.0015634868759661913,0.0005876258364878595,0.0005668873782269657,0.9980934858322144,Standard,2.0,1.0,2592
DAG_RANDOM_WALK,Standard_48,0,2.17772,0.0,648,0.06375013671875,-0.00045767075352842745,0.3407936692237854,0.7731481481481481,0.0,0.0,0.0,0.9982197880744934,Standard,3.0,0.5,648
DAG_RANDOM_WALK,Standard_48,1,2.17772,0.0,648,0.06375013671875,-0.00045767075352842745,0.3407936692237854,0.7731481481481481,0.0,0.0,0.0,0.9982197880744934,Standard,3.0,0.5,648
DAG_RANDOM_WALK,Standard_48,2,2.17772,0.0,648,0.06375013671875,-0.00045767075352842745,0.3407936692237854,0.7731481481481481,0.0,0.0,0.0,0.9982197880744934,Standard,3.0,0.5,648
DAG_RANDOM_WALK,Standard_49,0,2.18311,0.0001,1295,0.0305692529296875,-0.00030388585279772506,0.33215805888175964,0.6388888888888888,0.0007716049440205097,3.7275600334396586e-05,7.111566083040088e-05,0.9982725381851196,Standard,3.0,0.5,1296
DAG_RANDOM_WALK,Standard_49,1,2.18311,0.0001,1295,0.0305692529296875,-0.00030388585279772506,0.33215805888175964,0.6388888888888888,0.0007716049440205097,3.7275600334396586e-05,7.111566083040088e-05,0.9982725381851196,Standard,3.0,0.5,1296
DAG_RANDOM_WALK,Standard_49,2,2.18311,0.0001,1295,0.0305692529296875,-0.00030388585279772506,0.33215805888175964,0.6388888888888888,0.0007716049440205097,3.7275600334396586e-05,7.111566083040088e-05,0.9982725381851196,Standard,3.0,0.5,1296
DAG_RANDOM_WALK,Standard_5,0,2.18231,93.96647,1765,1.14949828125,-1.065649451963421,0.6076491475105286,0.4494598765432099,0.007224896922707558,0.1507841795682907,0.005180137697607279,0.9625420570373535,Standard,0.05,1.0,2592
DAG_RANDOM_WALK,Standard_5,1,2.18231,93.96647,1765,1.14949828125,-1.065649451963421,0.6076491475105286,0.4494598765432099,0.007224896922707558,0.1507841795682907,0.005180137697607279,0.9625420570373535,Standard,0.05,1.0,2592
DAG_RANDOM_WALK,Standard_5,2,2.18231,93.96647,1765,1.14949828125,-1.065649451963421,0.6076491475105286,0.4494598765432099,0.007224896922707558,0.1507841795682907,0.005180137697607279,0.9625420570373535,Standard,0.05,1.0,2592
DAG_RANDOM_WALK,Standard_50,0,2.17991,0.00047,2586,0.0471679736328125,-0.00011215225275029717,0.35691627860069275,0.42824074074074076,0.0019290123600512743,0.00011809769057435915,0.00021948004723526537,0.9982473254203796,Standard,3.0,0.5,2592
DAG_RANDOM_WALK,Standard_50,1,2.17991,0.00047,2586,0.0471679736328125,-0.00011215225275029717,0.35691627860069275,0.42824074074074076,0.0019290123600512743,0.00011809769057435915,0.00021948004723526537,0.9982473254203796,Standard,3.0,0.5,2592
DAG_RANDOM_WALK,Standard_50,2,2.17991,0.00047,2586,0.0471679736328125,-0.00011215225275029717,0.35691627860069275,0.42824074074074076,0.0019290123600512743,0.00011809769057435915,0.00021948004723526537,0.9982473254203796,Standard,3.0,0.5,2592
DAG_RANDOM_WALK,Standard_51,0,2.18096,0.0,648,0.03134950927734375,-0.000450834031948677,0.33774691820144653,0.7685185185185185,0.0,0.0,0.0,0.9980941414833069,Standard,3.0,1.0,648
DAG_RANDOM_WALK,Standard_51,1,2.18096,0.0,648,0.03134950927734375,-0.000450834031948677,0.33774691820144653,0.7685185185185185,0.0,0.0,0.0,0.9980941414833069,Standard,3.0,1.0,648
DAG_RANDOM_WALK,Standard_51,2,2.18096,0.0,648,0.03134950927734375,-0.000450834031948677,0.33774691820144653,0.7685185185185185,0.0,0.0,0.0,0.9980941414833069,Standard,3.0,1.0,648
DAG_RANDOM_WALK,Standard_52,0,2.18672,0.0,1296,0.0364809375,-0.00046407311080320923,0.33160150051116943,0.6350308641975309,0.0,0.0,0.0,0.9982448816299438,Standard,3.0,1.0,1296
DAG_RANDOM_WALK,Standard_52,1,2.18672,0.0,1296,0.0364809375,-0.00046407311080320923,0.33160150051116943,0.6350308641975309,0.0,0.0,0.0,0.9982448816299438,Standard,3.0,1.0,1296
DAG_RANDOM_WALK,Standard_52,2,2.18672,0.0,1296,0.0364809375,-0.00046407311080320923,0.33160150051116943,0.6350308641975309,0.0,0.0,0.0,0.9982448816299438,Standard,3.0,1.0,1296
DAG_RANDOM_WALK,Standard_53,0,2.18465,0.0,2592,0.039724404296875,-0.00043191096947126084,0.3564909100532532,0.42978395061728397,0.0,0.0,0.0,0.9982284903526306,Standard,3.0,1.0,2592
DAG_RANDOM_WALK,Standard_53,1,2.18465,0.0,2592,0.039724404296875,-0.00043191096947126084,0.3564909100532532,0.42978395061728397,0.0,0.0,0.0,0.9982284903526306,Standard,3.0,1.0,2592
DAG_RANDOM_WALK,Standard_53,2,2.18465,0.0,2592,0.039724404296875,-0.00043191096947126084,0.3564909100532532,0.42978395061728397,0.0,0.0,0.0,0.9982284903526306,Standard,3.0,1.0,2592
DAG_RANDOM_WALK,Standard_54,0,2.18238,0.0,648,0.03304451904296875,-0.0004014715789588674,0.3386074900627136,0.8040123456790124,0.0,0.0,0.0,0.9983168244361877,Standard,5.0,0.5,648
DAG_RANDOM_WALK,Standard_54,1,2.18238,0.0,648,0.03304451904296875,-0.0004014715789588674,0.3386074900627136,0.8040123456790124,0.0,0.0,0.0,0.9983168244361877,Standard,5.0,0.5,648
DAG_RANDOM_WALK,Standard_54,2,2.18238,0.0,648,0.03304451904296875,-0.0004014715789588674,0.3386074900627136,0.8040123456790124,0.0,0.0,0.0,0.9983168244361877,Standard,5.0,0.5,648
DAG_RANDOM_WALK,Standard_55,0,2.18536,0.0,1296,0.0372807421875,-0.00046674337075991446,0.3314821720123291,0.6165123456790124,0.0,0.0,0.0,0.9982199668884277,Standard,5.0,0.5,1296
DAG_RANDOM_WALK,Standard_55,1,2.18536,0.0,1296,0.0372807421875,-0.00046674337075991446,0.3314821720123291,0.6165123456790124,0.0,0.0,0.0,0.9982199668884277,Standard,5.0,0.5,1296
DAG_RANDOM_WALK,Standard_55,2,2.18536,0.0,1296,0.0372807421875,-0.00046674337075991446,0.3314821720123291,0.6165123456790124,0.0,0.0,0.0,0.9982199668884277,Standard,5.0,0.5,1296
DAG_RANDOM_WALK,Standard_56,0,2.17816,0.0,2592,0.02685313720703125,-0.0004255168888007699,0.35609444975852966,0.42901234567901236,0.0,0.0,0.0,0.9983106255531311,Standard,5.0,0.5,2592
DAG_RANDOM_WALK,Standard_56,1,2.17816,0.0,2592,0.02685313720703125,-0.0004255168888007699,0.35609444975852966,0.42901234567901236,0.0,0.0,0.0,0.9983106255531311,Standard,5.0,0.5,2592
DAG_RANDOM_WALK,Standard_56,2,2.17816,0.0,2592,0.02685313720703125,-0.0004255168888007699,0.35609444975852966,0.42901234567901236,0.0,0.0,0.0,0.9983106255531311,Standard,5.0,0.5,2592
DAG_RANDOM_WALK,Standard_57,0,2.18137,0.0,648,0.055926279296875,-0.00043590750444466586,0.3405548930168152,0.7592592592592593,0.0,0.0,0.0,0.9982928037643433,Standard,5.0,1.0,648
DAG_RANDOM_WALK,Standard_57,1,2.18137,0.0,648,0.055926279296875,-0.00043590750444466586,0.3405548930168152,0.7592592592592593,0.0,0.0,0.0,0.9982928037643433,Standard,5.0,1.0,648
DAG_RANDOM_WALK,Standard_57,2,2.18137,0.0,648,0.055926279296875,-0.00043590750444466586,0.3405548930168152,0.7592592592592593,0.0,0.0,0.0,0.9982928037643433,Standard,5.0,1.0,648
DAG_RANDOM_WALK,Standard_58,0,2.19006,0.0,1296,0.04286025390625,-0.00042020113678331583,0.3312646448612213,0.6188271604938271,0.0,0.0,0.0,0.9982327222824097,Standard,5.0,1.0,1296
DAG_RANDOM_WALK,Standard_58,1,2.19006,0.0,1296,0.04286025390625,-0.00042020113678331583,0.3312646448612213,0.6188271604938271,0.0,0.0,0.0,0.9982327222824097,Standard,5.0,1.0,1296
DAG_RANDOM_WALK,Standard_58,2,2.19006,0.0,1296,0.04286025390625,-0.00042020113678331583,0.3312646448612213,0.6188271604938271,0.0,0.0,0.0,0.9982327222824097,Standard,5.0,1.0,1296
DAG_RANDOM_WALK,Standard_59,0,2.18288,0.0,2592,0.0355211962890625,-0.0004460425351260344,0.3569084107875824,0.42592592592592593,0.0,0.0,0.0,0.9982319474220276,Standard,5.0,1.0,2592
DAG_RANDOM_WALK,Standard_59,1,2.18288,0.0,2592,0.0355211962890625,-0.0004460425351260344,0.3569084107875824,0.42592592592592593,0.0,0.0,0.0,0.9982319474220276,Standard,5.0,1.0,2592
DAG_RANDOM_WALK,Standard_59,2,2.18288,0.0,2592,0.0355211962890625,-0.0004460425351260344,0.3569084107875824,0.42592592592592593,0.0,0.0,0.0,0.9982319474220276,Standard,5.0,1.0,2592
DAG_RANDOM_WALK,Standard_6,0,2.1868,1.90932,633,0.1533755859375,0.06021354484166386,0.3383345901966095,0.7746913580246914,0.00012790452456101775,0.009295073337852955,0.00025117050972767174,0.9954525232315063,Standard,0.1,0.5,648
DAG_RANDOM_WALK,Standard_6,1,2.1868,1.90932,633,0.1533755859375,0.06021354484166386,0.3383345901966095,0.7746913580246914,0.00012790452456101775,0.009295073337852955,0.00025117050972767174,0.9954525232315063,Standard,0.1,0.5,648
DAG_RANDOM_WALK,Standard_6,2,2.1868,1.90932,633,0.1533755859375,0.06021354484166386,0.3383345901966095,0.7746913580246914,0.00012790452456101775,0.009295073337852955,0.00025117050972767174,0.9954525232315063,Standard,0.1,0.5,648
DAG_RANDOM_WALK,Standard_7,0,2.18254,2.10077,1274,0.13888443359375,0.06508683819449868,0.3327425718307495,0.628858024691358,0.00012531809625215828,0.004506068304181099,0.0002371046575717628,0.9967008829116821,Standard,0.1,0.5,1296
DAG_RANDOM_WALK,Standard_7,1,2.18254,2.10077,1274,0.13888443359375,0.06508683819449868,0.3327425718307495,0.628858024691358,0.00012531809625215828,0.004506068304181099,0.0002371046575717628,0.9967008829116821,Standard,0.1,0.5,1296
DAG_RANDOM_WALK,Standard_7,2,2.18254,2.10077,1274,0.13888443359375,0.06508683819449868,0.3327425718307495,0.628858024691358,0.00012531809625215828,0.004506068304181099,0.0002371046575717628,0.9967008829116821,Standard,0.1,0.5,1296
DAG_RANDOM_WALK,Standard_8,0,2.18543,2.18378,2568,0.1501600390625,0.06701769481410103,0.354609876871109,0.4324845679012346,0.00011822383385151625,0.002953395713120699,0.0001956230407813564,0.9974855184555054,Standard,0.1,0.5,2592
DAG_RANDOM_WALK,Standard_8,1,2.18543,2.18378,2568,0.1501600390625,0.06701769481410103,0.354609876871109,0.4324845679012346,0.00011822383385151625,0.002953395713120699,0.0001956230407813564,0.9974855184555054,Standard,0.1,0.5,2592
DAG_RANDOM_WALK,Standard_8,2,2.18543,2.18378,2568,0.1501600390625,0.06701769481410103,0.354609876871109,0.4324845679012346,0.00011822383385151625,0.002953395713120699,0.0001956230407813564,0.9974855184555054,Standard,0.1,0.5,2592
DAG_RANDOM_WALK,Standard_9,0,2.17801,66.29721,1,0.9281406876568765,-0.24323348206384066,0.3682495951652527,0.8317901234567902,0.00841409433633089,0.48711639642715454,0.016325324773788452,0.8975844383239746,Standard,0.1,1.0,648
DAG_RANDOM_WALK,Standard_9,1,2.17801,66.29721,1,0.9281406876568765,-0.24323348206384066,0.3682495951652527,0.8317901234567902,0.00841409433633089,0.48711639642715454,0.016325324773788452,0.8975844383239746,Standard,0.1,1.0,648
DAG_RANDOM_WALK,Standard_9,2,2.17801,66.29721,1,0.9281406876568765,-0.24323348206384066,0.3682495951652527,0.8317901234567902,0.00841409433633089,0.48711639642715454,0.016325324773788452,0.8975844383239746,Standard,0.1,1.0,648
HIERARCHICAL_PAIRS,Standard_0,0,1.93807,2.69946,626,0.21254146566619408,0.08310341511560748,0.33836477994918823,0.7839506172839507,0.0004674533265642822,0.01230502687394619,0.0007301979348994792,0.9941129088401794,Standard,0.05,0.5,648
HIERARCHICAL_PAIRS,Standard_0,1,1.93807,2.69946,626,0.21254146566619408,0.08310341511560748,0.33836477994918823,0.7839506172839507,0.0004674533265642822,0.01230502687394619,0.0007301979348994792,0.9941129088401794,Standard,0.05,0.5,648
HIERARCHICAL_PAIRS,Standard_0,2,1.93807,2.69946,626,0.21254146566619408,0.08310341511560748,0.33836477994918823,0.7839506172839507,0.0004674533265642822,0.01230502687394619,0.0007301979348994792,0.9941129088401794,Standard,0.05,0.5,648
HIERARCHICAL_PAIRS,Standard_1,0,1.94472,3.01903,1269,0.20330070626072186,0.09163364111997108,0.32955485582351685,0.6242283950617284,4.215264561935328e-05,0.007436237297952175,8.369503484573215e-05,0.9961174726486206,Standard,0.05,0.5,1296
HIERARCHICAL_PAIRS,Standard_1,1,1.94472,3.01903,1269,0.20330070626072186,0.09163364111997108,0.32955485582351685,0.6242283950617284,4.215264561935328e-05,0.007436237297952175,8.369503484573215e-05,0.9961174726486206,Standard,0.05,0.5,1296
HIERARCHICAL_PAIRS,Standard_1,2,1.94472,3.01903,1269,0.20330070626072186,0.09163364111997108,0.32955485582351685,0.6242283950617284,4.215264561935328e-05,0.007436237297952175,8.369503484573215e-05,0.9961174726486206,Standard,0.05,0.5,1296
HIERARCHICAL_PAIRS,Standard_10,0,1.94347,63.0302,333,1.2101635124467491,-0.7637187599691155,0.37792879343032837,0.6574074074074074,0.008671101182699203,0.3603571653366089,0.015174743719398975,0.9507689476013184,Standard,0.1,1.0,1296
HIERARCHICAL_PAIRS,Standard_10,1,1.94347,63.0302,333,1.2101635124467491,-0.7637187599691155,0.37792879343032837,0.6574074074074074,0.008671101182699203,0.3603571653366089,0.015174743719398975,0.9507689476013184,Standard,0.1,1.0,1296
HIERARCHICAL_PAIRS,Standard_10,2,1.94347,63.0302,333,1.2101635124467491,-0.7637187599691155,0.37792879343032837,0.6574074074074074,0.008671101182699203,0.3603571653366089,0.015174743719398975,0.9507689476013184,Standard,0.1,1.0,1296
HIERARCHICAL_PAIRS,Standard_11,0,1.94485,66.32887,1440,1.2161676976993008,-0.9499957643306833,0.47346583008766174,0.439429012345679,0.009262090548872948,0.19800233840942383,0.00913414265960455,0.9733441472053528,Standard,0.1,1.0,2592
HIERARCHICAL_PAIRS,Standard_11,1,1.94485,66.32887,1440,1.2161676976993008,-0.9499957643306833,0.47346583008766174,0.439429012345679,0.009262090548872948,0.19800233840942383,0.00913414265960455,0.9733441472053528,Standard,0.1,1.0,2592
HIERARCHICAL_PAIRS,Standard_11,2,1.94485,66.32887,1440,1.2161676976993008,-0.9499957643306833,0.47346583008766174,0.439429012345679,0.009262090548872948,0.19800233840942383,0.00913414265960455,0.9733441472053528,Standard,0.1,1.0,2592
HIERARCHICAL_PAIRS,Standard_12,0,1.9361,0.80693,628,0.06879051554078425,0.008261171654339594,0.33891505002975464,0.7824074074074074,0.0007702967850491405,0.010078796185553074,0.0008793161250650883,0.9970582723617554,Standard,0.2,0.5,648
HIERARCHICAL_PAIRS,Standard_12,1,1.9361,0.80693,628,0.06879051554078425,0.008261171654339594,0.33891505002975464,0.7824074074074074,0.0007702967850491405,0.010078796185553074,0.0008793161250650883,0.9970582723617554,Standard,0.2,0.5,648
HIERARCHICAL_PAIRS,Standard_12,2,1.9361,0.80693,628,0.06879051554078425,0.008261171654339594,0.33891505002975464,0.7824074074074074,0.0007702967850491405,0.010078796185553074,0.0008793161250650883,0.9970582723617554,Standard,0.2,0.5,648
HIERARCHICAL_PAIRS,Standard_13,0,1.95241,0.75903,1273,0.08008802331012228,0.00495393528763266,0.3307788074016571,0.6327160493827161,0.0003243503160774708,0.0048540132120251656,0.000406533305067569,0.9976392388343811,Standard,0.2,0.5,1296
HIERARCHICAL_PAIRS,Standard_13,1,1.95241,0.75903,1273,0.08008802331012228,0.00495393528763266,0.3307788074016571,0.6327160493827161,0.0003243503160774708,0.0048540132120251656,0.000406533305067569,0.9976392388343811,Standard,0.2,0.5,1296
HIERARCHICAL_PAIRS,Standard_13,2,1.95241,0.75903,1273,0.08008802331012228,0.00495393528763266,0.3307788074016571,0.6327160493827161,0.0003243503160774708,0.0048540132120251656,0.000406533305067569,0.9976392388343811,Standard,0.2,0.5,1296
HIERARCHICAL_PAIRS,Standard_14,0,1.94811,0.62116,2562,0.06371120950450068,0.0021807859969786847,0.3552209436893463,0.4351851851851852,0.00020625439356081188,0.0020010964944958687,0.0003052487154491246,0.9981743097305298,Standard,0.2,0.5,2592
HIERARCHICAL_PAIRS,Standard_14,1,1.94811,0.62116,2562,0.06371120950450068,0.0021807859969786847,0.3552209436893463,0.4351851851851852,0.00020625439356081188,0.0020010964944958687,0.0003052487154491246,0.9981743097305298,Standard,0.2,0.5,2592
HIERARCHICAL_PAIRS,Standard_14,2,1.94811,0.62116,2562,0.06371120950450068,0.0021807859969786847,0.3552209436893463,0.4351851851851852,0.00020625439356081188,0.0020010964944958687,0.0003052487154491246,0.9981743097305298,Standard,0.2,0.5,2592
HIERARCHICAL_PAIRS,Standard_15,0,1.94434,40.05371,2,0.7132225616084554,0.4354887480107724,0.3943382501602173,0.8472222222222222,0.014829270541667938,0.5326850414276123,0.025449682027101517,0.9379754662513733,Standard,0.2,1.0,648
HIERARCHICAL_PAIRS,Standard_15,1,1.94434,40.05371,2,0.7132225616084554,0.4354887480107724,0.3943382501602173,0.8472222222222222,0.014829270541667938,0.5326850414276123,0.025449682027101517,0.9379754662513733,Standard,0.2,1.0,648
HIERARCHICAL_PAIRS,Standard_15,2,1.94434,40.05371,2,0.7132225616084554,0.4354887480107724,0.3943382501602173,0.8472222222222222,0.014829270541667938,0.5326850414276123,0.025449682027101517,0.9379754662513733,Standard,0.2,1.0,648
HIERARCHICAL_PAIRS,Standard_16,0,1.93838,45.9737,245,0.7797623972934609,0.2782368203224661,0.3727528750896454,0.6473765432098766,0.026140425354242325,0.3206521272659302,0.019397735595703125,0.9633899331092834,Standard,0.2,1.0,1296
HIERARCHICAL_PAIRS,Standard_16,1,1.93838,45.9737,245,0.7797623972934609,0.2782368203224661,0.3727528750896454,0.6473765432098766,0.026140425354242325,0.3206521272659302,0.019397735595703125,0.9633899331092834,Standard,0.2,1.0,1296
HIERARCHICAL_PAIRS,Standard_16,2,1.93838,45.9737,245,0.7797623972934609,0.2782368203224661,0.3727528750896454,0.6473765432098766,0.026140425354242325,0.3206521272659302,0.019397735595703125,0.9633899331092834,Standard,0.2,1.0,1296
HIERARCHICAL_PAIRS,Standard_17,0,1.94158,47.08747,1450,0.8487183924271079,0.21538122892298162,0.462237149477005,0.42669753086419754,0.021089477464556694,0.16817867755889893,0.012517979368567467,0.9793810248374939,Standard,0.2,1.0,2592
HIERARCHICAL_PAIRS,Standard_17,1,1.94158,47.08747,1450,0.8487183924271079,0.21538122892298162,0.462237149477005,0.42669753086419754,0.021089477464556694,0.16817867755889893,0.012517979368567467,0.9793810248374939,Standard,0.2,1.0,2592
HIERARCHICAL_PAIRS,Standard_17,2,1.94158,47.08747,1450,0.8487183924271079,0.21538122892298162,0.462237149477005,0.42669753086419754,0.021089477464556694,0.16817867755889893,0.012517979368567467,0.9793810248374939,Standard,0.2,1.0,2592
HIERARCHICAL_PAIRS,Standard_18,0,1.94068,0.08148,622,0.028825851995200477,-0.018335944346710598,0.33931055665016174,0.8194444444444444,0.0036867933813482523,0.002416771138086915,0.0015504759503528476,0.9981040358543396,Standard,0.4,0.5,648
HIERARCHICAL_PAIRS,Standard_18,1,1.94068,0.08148,622,0.028825851995200477,-0.018335944346710598,0.33931055665016174,0.8194444444444444,0.0036867933813482523,0.002416771138086915,0.0015504759503528476,0.9981040358543396,Standard,0.4,0.5,648
HIERARCHICAL_PAIRS,Standard_18,2,1.94068,0.08148,622,0.028825851995200477,-0.018335944346710598,0.33931055665016174,0.8194444444444444,0.0036867933813482523,0.002416771138086915,0.0015504759503528476,0.9981040358543396,Standard,0.4,0.5,648
HIERARCHICAL_PAIRS,Standard_19,0,1.94638,0.07776,1263,0.02515596640415264,-0.018581626188915568,0.33030205965042114,0.6188271604938271,0.005478544160723686,0.0012198960175737739,0.0006919699371792376,0.9982191324234009,Standard,0.4,0.5,1296
HIERARCHICAL_PAIRS,Standard_19,1,1.94638,0.07776,1263,0.02515596640415264,-0.018581626188915568,0.33030205965042114,0.6188271604938271,0.005478544160723686,0.0012198960175737739,0.0006919699371792376,0.9982191324234009,Standard,0.4,0.5,1296
HIERARCHICAL_PAIRS,Standard_19,2,1.94638,0.07776,1263,0.02515596640415264,-0.018581626188915568,0.33030205965042114,0.6188271604938271,0.005478544160723686,0.0012198960175737739,0.0006919699371792376,0.9982191324234009,Standard,0.4,0.5,1296
HIERARCHICAL_PAIRS,Standard_2,0,1.93675,2.65191,2569,0.19444148994891236,0.07721945161128296,0.35636672377586365,0.42862654320987653,7.92127539170906e-05,0.003205857239663601,0.00014594753156416118,0.9974201321601868,Standard,0.05,0.5,2592
HIERARCHICAL_PAIRS,Standard_2,1,1.93675,2.65191,2569,0.19444148994891236,0.07721945161128296,0.35636672377586365,0.42862654320987653,7.92127539170906e-05,0.003205857239663601,0.00014594753156416118,0.9974201321601868,Standard,0.05,0.5,2592
HIERARCHICAL_PAIRS,Standard_2,2,1.93675,2.65191,2569,0.19444148994891236,0.07721945161128296,0.35636672377586365,0.42862654320987653,7.92127539170906e-05,0.003205857239663601,0.00014594753156416118,0.9974201321601868,Standard,0.05,0.5,2592
HIERARCHICAL_PAIRS,Standard_20,0,1.94297,0.11502,2548,0.03220121087953825,-0.015441027338007451,0.35861027240753174,0.43287037037037035,0.0031751913484185934,0.0010100740473717451,0.0007104577962309122,0.9981850385665894,Standard,0.4,0.5,2592
HIERARCHICAL_PAIRS,Standard_20,1,1.94297,0.11502,2548,0.03220121087953825,-0.015441027338007451,0.35861027240753174,0.43287037037037035,0.0031751913484185934,0.0010100740473717451,0.0007104577962309122,0.9981850385665894,Standard,0.4,0.5,2592
HIERARCHICAL_PAIRS,Standard_20,2,1.94297,0.11502,2548,0.03220121087953825,-0.015441027338007451,0.35861027240753174,0.43287037037037035,0.0031751913484185934,0.0010100740473717451,0.0007104577962309122,0.9981850385665894,Standard,0.4,0.5,2592
HIERARCHICAL_PAIRS,Standard_21,0,1.94504,8.11175,7,0.2433127100243092,0.22521698050982186,0.3671976625919342,0.7577160493827161,0.0477004311978817,0.19560042023658752,0.031607452780008316,0.9864409565925598,Standard,0.4,1.0,648
HIERARCHICAL_PAIRS,Standard_21,1,1.94504,8.11175,7,0.2433127100243092,0.22521698050982186,0.3671976625919342,0.7577160493827161,0.0477004311978817,0.19560042023658752,0.031607452780008316,0.9864409565925598,Standard,0.4,1.0,648
HIERARCHICAL_PAIRS,Standard_21,2,1.94504,8.11175,7,0.2433127100243092,0.22521698050982186,0.3671976625919342,0.7577160493827161,0.0477004311978817,0.19560042023658752,0.031607452780008316,0.9864409565925598,Standard,0.4,1.0,648
HIERARCHICAL_PAIRS,Standard_22,0,1.93612,9.48926,203,0.27362951130889196,0.23719995632799395,0.3661624491214752,0.6134259259259259,0.0919354259967804,0.11929716914892197,0.03183118626475334,0.9896343946456909,Standard,0.4,1.0,1296
HIERARCHICAL_PAIRS,Standard_22,1,1.93612,9.48926,203,0.27362951130889196,0.23719995632799395,0.3661624491214752,0.6134259259259259,0.0919354259967804,0.11929716914892197,0.03183118626475334,0.9896343946456909,Standard,0.4,1.0,1296
HIERARCHICAL_PAIRS,Standard_22,2,1.93612,9.48926,203,0.27362951130889196,0.23719995632799395,0.3661624491214752,0.6134259259259259,0.0919354259967804,0.11929716914892197,0.03183118626475334,0.9896343946456909,Standard,0.4,1.0,1296
HIERARCHICAL_PAIRS,Standard_23,0,1.93752,9.26059,1409,0.2645879876852659,0.22308568209078927,0.4347384572029114,0.4228395061728395,0.0581493079662323,0.058683112263679504,0.016948973760008812,0.9928969144821167,Standard,0.4,1.0,2592
HIERARCHICAL_PAIRS,Standard_23,1,1.93752,9.26059,1409,0.2645879876852659,0.22308568209078927,0.4347384572029114,0.4228395061728395,0.0581493079662323,0.058683112263679504,0.016948973760008812,0.9928969144821167,Standard,0.4,1.0,2592
HIERARCHICAL_PAIRS,Standard_23,2,1.93752,9.26059,1409,0.2645879876852659,0.22308568209078927,0.4347384572029114,0.4228395061728395,0.0581493079662323,0.058683112263679504,0.016948973760008812,0.9928969144821167,Standard,0.4,1.0,2592
HIERARCHICAL_PAIRS,Standard_24,0,1.9487,0.04949,617,0.038569712681952244,-0.01908929507633328,0.33942216634750366,0.7932098765432098,0.006565859075635672,0.0015771364560350776,0.0014959165127947927,0.9987931251525879,Standard,0.6,0.5,648
HIERARCHICAL_PAIRS,Standard_24,1,1.9487,0.04949,617,0.038569712681952244,-0.01908929507633328,0.33942216634750366,0.7932098765432098,0.006565859075635672,0.0015771364560350776,0.0014959165127947927,0.9987931251525879,Standard,0.6,0.5,648
HIERARCHICAL_PAIRS,Standard_24,2,1.9487,0.04949,617,0.038569712681952244,-0.01908929507633328,0.33942216634750366,0.7932098765432098,0.006565859075635672,0.0015771364560350776,0.0014959165127947927,0.9987931251525879,Standard,0.6,0.5,648
HIERARCHICAL_PAIRS,Standard_25,0,1.94053,0.05337,1260,0.026699832887088337,-0.01924131215479785,0.33216890692710876,0.6327160493827161,0.00272059952840209,0.0004779760492965579,0.0005879265372641385,0.9980726838111877,Standard,0.6,0.5,1296
HIERARCHICAL_PAIRS,Standard_25,1,1.94053,0.05337,1260,0.026699832887088337,-0.01924131215479785,0.33216890692710876,0.6327160493827161,0.00272059952840209,0.0004779760492965579,0.0005879265372641385,0.9980726838111877,Standard,0.6,0.5,1296
HIERARCHICAL_PAIRS,Standard_25,2,1.94053,0.05337,1260,0.026699832887088337,-0.01924131215479785,0.33216890692710876,0.6327160493827161,0.00272059952840209,0.0004779760492965579,0.0005879265372641385,0.9980726838111877,Standard,0.6,0.5,1296
HIERARCHICAL_PAIRS,Standard_26,0,1.94257,0.07076,2541,0.02535897683409977,-0.018055465978455754,0.3609406352043152,0.4359567901234568,0.005029919557273388,0.0006707331631332636,0.0007262581493705511,0.998168408870697,Standard,0.6,0.5,2592
HIERARCHICAL_PAIRS,Standard_26,1,1.94257,0.07076,2541,0.02535897683409977,-0.018055465978455754,0.3609406352043152,0.4359567901234568,0.005029919557273388,0.0006707331631332636,0.0007262581493705511,0.998168408870697,Standard,0.6,0.5,2592
HIERARCHICAL_PAIRS,Standard_26,2,1.94257,0.07076,2541,0.02535897683409977,-0.018055465978455754,0.3609406352043152,0.4359567901234568,0.005029919557273388,0.0006707331631332636,0.0007262581493705511,0.998168408870697,Standard,0.6,0.5,2592
HIERARCHICAL_PAIRS,Standard_27,0,1.95475,2.40945,21,0.08825135300724465,0.040080290291307,0.355830579996109,0.7469135802469136,0.06525442004203796,0.045962199568748474,0.02499539405107498,0.9945545792579651,Standard,0.6,1.0,648
HIERARCHICAL_PAIRS,Standard_27,1,1.95475,2.40945,21,0.08825135300724465,0.040080290291307,0.355830579996109,0.7469135802469136,0.06525442004203796,0.045962199568748474,0.02499539405107498,0.9945545792579651,Standard,0.6,1.0,648
HIERARCHICAL_PAIRS,Standard_27,2,1.95475,2.40945,21,0.08825135300724465,0.040080290291307,0.355830579996109,0.7469135802469136,0.06525442004203796,0.045962199568748474,0.02499539405107498,0.9945545792579651,Standard,0.6,1.0,648
HIERARCHICAL_PAIRS,Standard_28,0,1.94726,2.96899,253,0.178208023215694,0.09376502530613395,0.358083575963974,0.5987654320987654,0.12466006726026535,0.041921745985746384,0.032212670892477036,0.9947517514228821,Standard,0.6,1.0,1296
HIERARCHICAL_PAIRS,Standard_28,1,1.94726,2.96899,253,0.178208023215694,0.09376502530613395,0.358083575963974,0.5987654320987654,0.12466006726026535,0.041921745985746384,0.032212670892477036,0.9947517514228821,Standard,0.6,1.0,1296
HIERARCHICAL_PAIRS,Standard_28,2,1.94726,2.96899,253,0.178208023215694,0.09376502530613395,0.358083575963974,0.5987654320987654,0.12466006726026535,0.041921745985746384,0.032212670892477036,0.9947517514228821,Standard,0.6,1.0,1296
HIERARCHICAL_PAIRS,Standard_29,0,1.94628,3.1716,1422,0.13454198402348264,0.07297832527313042,0.4129241108894348,0.40933641975308643,0.07931170612573624,0.020960433408617973,0.01804734393954277,0.9929967522621155,Standard,0.6,1.0,2592
HIERARCHICAL_PAIRS,Standard_29,1,1.94628,3.1716,1422,0.13454198402348264,0.07297832527313042,0.4129241108894348,0.40933641975308643,0.07931170612573624,0.020960433408617973,0.01804734393954277,0.9929967522621155,Standard,0.6,1.0,2592
HIERARCHICAL_PAIRS,Standard_29,2,1.94628,3.1716,1422,0.13454198402348264,0.07297832527313042,0.4129241108894348,0.40933641975308643,0.07931170612573624,0.020960433408617973,0.01804734393954277,0.9929967522621155,Standard,0.6,1.0,2592
HIERARCHICAL_PAIRS,Standard_3,0,1.93754,84.27388,9,1.0845990654364701,0.26904231517187016,0.3678264021873474,0.8070987654320988,0.008936910890042782,0.5194407105445862,0.016093019396066666,0.8699474334716797,Standard,0.05,1.0,648
HIERARCHICAL_PAIRS,Standard_3,1,1.93754,84.27388,9,1.0845990654364701,0.26904231517187016,0.3678264021873474,0.8070987654320988,0.008936910890042782,0.5194407105445862,0.016093019396066666,0.8699474334716797,Standard,0.05,1.0,648
HIERARCHICAL_PAIRS,Standard_3,2,1.93754,84.27388,9,1.0845990654364701,0.26904231517187016,0.3678264021873474,0.8070987654320988,0.008936910890042782,0.5194407105445862,0.016093019396066666,0.8699474334716797,Standard,0.05,1.0,648
HIERARCHICAL_PAIRS,Standard_30,0,1.94408,0.02777,618,0.02429747744653204,-0.020319726130047844,0.3423660695552826,0.7978395061728395,0.005204810760915279,0.000604982313234359,0.0009550098911859095,0.9985916614532471,Standard,1.0,0.5,648
HIERARCHICAL_PAIRS,Standard_30,1,1.94408,0.02777,618,0.02429747744653204,-0.020319726130047844,0.3423660695552826,0.7978395061728395,0.005204810760915279,0.000604982313234359,0.0009550098911859095,0.9985916614532471,Standard,1.0,0.5,648
HIERARCHICAL_PAIRS,Standard_30,2,1.94408,0.02777,618,0.02429747744653204,-0.020319726130047844,0.3423660695552826,0.7978395061728395,0.005204810760915279,0.000604982313234359,0.0009550098911859095,0.9985916614532471,Standard,1.0,0.5,648
HIERARCHICAL_PAIRS,Standard_31,0,1.94212,0.03124,1257,0.032055206558773426,-0.02116563830034801,0.3331758677959442,0.6334876543209876,0.0051654321141541,0.0006496248533949256,0.0006066443747840822,0.9984684586524963,Standard,1.0,0.5,1296
HIERARCHICAL_PAIRS,Standard_31,1,1.94212,0.03124,1257,0.032055206558773426,-0.02116563830034801,0.3331758677959442,0.6334876543209876,0.0051654321141541,0.0006496248533949256,0.0006066443747840822,0.9984684586524963,Standard,1.0,0.5,1296
HIERARCHICAL_PAIRS,Standard_31,2,1.94212,0.03124,1257,0.032055206558773426,-0.02116563830034801,0.3331758677959442,0.6334876543209876,0.0051654321141541,0.0006496248533949256,0.0006066443747840822,0.9984684586524963,Standard,1.0,0.5,1296
HIERARCHICAL_PAIRS,Standard_32,0,1.94425,0.03038,2549,0.025539087459809668,-0.02105334230954692,0.3599635362625122,0.4263117283950617,0.0039017696399241686,0.00029979957616887987,0.00040927648660726845,0.9984257817268372,Standard,1.0,0.5,2592
HIERARCHICAL_PAIRS,Standard_32,1,1.94425,0.03038,2549,0.025539087459809668,-0.02105334230954692,0.3599635362625122,0.4263117283950617,0.0039017696399241686,0.00029979957616887987,0.00040927648660726845,0.9984257817268372,Standard,1.0,0.5,2592
HIERARCHICAL_PAIRS,Standard_32,2,1.94425,0.03038,2549,0.025539087459809668,-0.02105334230954692,0.3599635362625122,0.4263117283950617,0.0039017696399241686,0.00029979957616887987,0.00040927648660726845,0.9984257817268372,Standard,1.0,0.5,2592
HIERARCHICAL_PAIRS,Standard_33,0,1.93458,1.27967,61,0.07270506350540298,0.0026895716349261134,0.3600664436817169,0.7222222222222222,0.09009765088558197,0.023260891437530518,0.018625440075993538,0.995758056640625,Standard,1.0,1.0,648
HIERARCHICAL_PAIRS,Standard_33,1,1.93458,1.27967,61,0.07270506350540298,0.0026895716349261134,0.3600664436817169,0.7222222222222222,0.09009765088558197,0.023260891437530518,0.018625440075993538,0.995758056640625,Standard,1.0,1.0,648
HIERARCHICAL_PAIRS,Standard_33,2,1.93458,1.27967,61,0.07270506350540298,0.0026895716349261134,0.3600664436817169,0.7222222222222222,0.09009765088558197,0.023260891437530518,0.018625440075993538,0.995758056640625,Standard,1.0,1.0,648
HIERARCHICAL_PAIRS,Standard_34,0,1.9391,1.70859,368,0.08488808882012584,0.008373021799821023,0.36676332354545593,0.5987654320987654,0.13255293667316437,0.01971948891878128,0.023500962182879448,0.9951562881469727,Standard,1.0,1.0,1296
HIERARCHICAL_PAIRS,Standard_34,1,1.9391,1.70859,368,0.08488808882012584,0.008373021799821023,0.36676332354545593,0.5987654320987654,0.13255293667316437,0.01971948891878128,0.023500962182879448,0.9951562881469727,Standard,1.0,1.0,1296
HIERARCHICAL_PAIRS,Standard_34,2,1.9391,1.70859,368,0.08488808882012584,0.008373021799821023,0.36676332354545593,0.5987654320987654,0.13255293667316437,0.01971948891878128,0.023500962182879448,0.9951562881469727,Standard,1.0,1.0,1296
HIERARCHICAL_PAIRS,Standard_35,0,1.94127,1.83098,1545,0.08123885868964262,0.005145876502910984,0.42053499817848206,0.4193672839506173,0.08716491609811783,0.011339462362229824,0.013535126112401485,0.9958522319793701,Standard,1.0,1.0,2592
HIERARCHICAL_PAIRS,Standard_35,1,1.94127,1.83098,1545,0.08123885868964262,0.005145876502910984,0.42053499817848206,0.4193672839506173,0.08716491609811783,0.011339462362229824,0.013535126112401485,0.9958522319793701,Standard,1.0,1.0,2592
HIERARCHICAL_PAIRS,Standard_35,2,1.94127,1.83098,1545,0.08123885868964262,0.005145876502910984,0.42053499817848206,0.4193672839506173,0.08716491609811783,0.011339462362229824,0.013535126112401485,0.9958522319793701,Standard,1.0,1.0,2592
HIERARCHICAL_PAIRS,Standard_36,0,1.94686,0.01652,612,0.018537017940350974,-0.021131183625475725,0.3427709639072418,0.7901234567901234,0.008240475319325924,0.0008177559357136488,0.0008509807521477342,0.9983633756637573,Standard,1.5,0.5,648
HIERARCHICAL_PAIRS,Standard_36,1,1.94686,0.01652,612,0.018537017940350974,-0.021131183625475725,0.3427709639072418,0.7901234567901234,0.008240475319325924,0.0008177559357136488,0.0008509807521477342,0.9983633756637573,Standard,1.5,0.5,648
HIERARCHICAL_PAIRS,Standard_36,2,1.94686,0.01652,612,0.018537017940350974,-0.021131183625475725,0.3427709639072418,0.7901234567901234,0.008240475319325924,0.0008177559357136488,0.0008509807521477342,0.9983633756637573,Standard,1.5,0.5,648
HIERARCHICAL_PAIRS,Standard_37,0,1.94581,0.02302,1256,0.020810955571477666,-0.02111220543144743,0.3342033624649048,0.6203703703703703,0.003675298299640417,0.0005159295978955925,0.0008069959585554898,0.9981991052627563,Standard,1.5,0.5,1296
HIERARCHICAL_PAIRS,Standard_37,1,1.94581,0.02302,1256,0.020810955571477666,-0.02111220543144743,0.3342033624649048,0.6203703703703703,0.003675298299640417,0.0005159295978955925,0.0008069959585554898,0.9981991052627563,Standard,1.5,0.5,1296
HIERARCHICAL_PAIRS,Standard_37,2,1.94581,0.02302,1256,0.020810955571477666,-0.02111220543144743,0.3342033624649048,0.6203703703703703,0.003675298299640417,0.0005159295978955925,0.0008069959585554898,0.9981991052627563,Standard,1.5,0.5,1296
HIERARCHICAL_PAIRS,Standard_38,0,1.93875,0.02786,2546,0.020924188522273825,-0.02102081991406579,0.3620920181274414,0.43209876543209874,0.0021444966550916433,0.00026227731723338366,0.00036237252061255276,0.9981546401977539,Standard,1.5,0.5,2592
HIERARCHICAL_PAIRS,Standard_38,1,1.93875,0.02786,2546,0.020924188522273825,-0.02102081991406579,0.3620920181274414,0.43209876543209874,0.0021444966550916433,0.00026227731723338366,0.00036237252061255276,0.9981546401977539,Standard,1.5,0.5,2592
HIERARCHICAL_PAIRS,Standard_38,2,1.93875,0.02786,2546,0.020924188522273825,-0.02102081991406579,0.3620920181274414,0.43209876543209874,0.0021444966550916433,0.00026227731723338366,0.00036237252061255276,0.9981546401977539,Standard,1.5,0.5,2592
HIERARCHICAL_PAIRS,Standard_39,0,1.94045,0.81955,162,0.05342889938665438,-0.006760498637545798,0.36152032017707825,0.7237654320987654,0.055785171687603,0.00955216959118843,0.008450197987258434,0.9960081577301025,Standard,1.5,1.0,648
HIERARCHICAL_PAIRS,Standard_39,1,1.94045,0.81955,162,0.05342889938665438,-0.006760498637545798,0.36152032017707825,0.7237654320987654,0.055785171687603,0.00955216959118843,0.008450197987258434,0.9960081577301025,Standard,1.5,1.0,648
HIERARCHICAL_PAIRS,Standard_39,2,1.94045,0.81955,162,0.05342889938665438,-0.006760498637545798,0.36152032017707825,0.7237654320987654,0.055785171687603,0.00955216959118843,0.008450197987258434,0.9960081577301025,Standard,1.5,1.0,648
HIERARCHICAL_PAIRS,Standard_4,0,1.95311,78.21764,533,1.2596827914555162,-0.5405126291959206,0.38618242740631104,0.6435185185185185,0.013304940424859524,0.32112422585487366,0.01257591787725687,0.9389913082122803,Standard,0.05,1.0,1296
HIERARCHICAL_PAIRS,Standard_4,1,1.95311,78.21764,533,1.2596827914555162,-0.5405126291959206,0.38618242740631104,0.6435185185185185,0.013304940424859524,0.32112422585487366,0.01257591787725687,0.9389913082122803,Standard,0.05,1.0,1296
HIERARCHICAL_PAIRS,Standard_4,2,1.95311,78.21764,533,1.2596827914555162,-0.5405126291959206,0.38618242740631104,0.6435185185185185,0.013304940424859524,0.32112422585487366,0.01257591787725687,0.9389913082122803,Standard,0.05,1.0,1296
HIERARCHICAL_PAIRS,Standard_40,0,1.93992,1.04797,635,0.06632949003455751,-0.012382388898146468,0.36498507857322693,0.6072530864197531,0.06809870153665543,0.007643542718142271,0.007505748886615038,0.9968448877334595,Standard,1.5,1.0,1296
HIERARCHICAL_PAIRS,Standard_40,1,1.93992,1.04797,635,0.06632949003455751,-0.012382388898146468,0.36498507857322693,0.6072530864197531,0.06809870153665543,0.007643542718142271,0.007505748886615038,0.9968448877334595,Standard,1.5,1.0,1296
HIERARCHICAL_PAIRS,Standard_40,2,1.93992,1.04797,635,0.06632949003455751,-0.012382388898146468,0.36498507857322693,0.6072530864197531,0.06809870153665543,0.007643542718142271,0.007505748886615038,0.9968448877334595,Standard,1.5,1.0,1296
HIERARCHICAL_PAIRS,Standard_41,0,1.94767,1.10032,1847,0.06790973547569888,-0.009270650449198836,0.4131815433502197,0.4224537037037037,0.05363443121314049,0.004840268287807703,0.0051804762333631516,0.9963698387145996,Standard,1.5,1.0,2592
HIERARCHICAL_PAIRS,Standard_41,1,1.94767,1.10032,1847,0.06790973547569888,-0.009270650449198836,0.4131815433502197,0.4224537037037037,0.05363443121314049,0.004840268287807703,0.0051804762333631516,0.9963698387145996,Standard,1.5,1.0,2592
HIERARCHICAL_PAIRS,Standard_41,2,1.94767,1.10032,1847,0.06790973547569888,-0.009270650449198836,0.4131815433502197,0.4224537037037037,0.05363443121314049,0.004840268287807703,0.0051804762333631516,0.9963698387145996,Standard,1.5,1.0,2592
HIERARCHICAL_PAIRS,Standard_42,0,1.9504,0.00282,622,0.018649505931644154,-0.022402197045007677,0.3440110385417938,0.7870370370370371,0.009309040382504463,0.00011565805471036583,0.00022817055287305266,0.9978366494178772,Standard,2.0,0.5,648
HIERARCHICAL_PAIRS,Standard_42,1,1.9504,0.00282,622,0.018649505931644154,-0.022402197045007677,0.3440110385417938,0.7870370370370371,0.009309040382504463,0.00011565805471036583,0.00022817055287305266,0.9978366494178772,Standard,2.0,0.5,648
HIERARCHICAL_PAIRS,Standard_42,2,1.9504,0.00282,622,0.018649505931644154,-0.022402197045007677,0.3440110385417938,0.7870370370370371,0.009309040382504463,0.00011565805471036583,0.00022817055287305266,0.9978366494178772,Standard,2.0,0.5,648
HIERARCHICAL_PAIRS,Standard_43,0,1.94118,0.00364,1269,0.028319794835441718,-0.021858980397926775,0.3353410065174103,0.6180555555555556,0.0011240486055612564,1.3420964933175128e-05,2.391752423136495e-05,0.9975162744522095,Standard,2.0,0.5,1296
HIERARCHICAL_PAIRS,Standard_43,1,1.94118,0.00364,1269,0.028319794835441718,-0.021858980397926775,0.3353410065174103,0.6180555555555556,0.0011240486055612564,1.3420964933175128e-05,2.391752423136495e-05,0.9975162744522095,Standard,2.0,0.5,1296
HIERARCHICAL_PAIRS,Standard_43,2,1.94118,0.00364,1269,0.028319794835441718,-0.021858980397926775,0.3353410065174103,0.6180555555555556,0.0011240486055612564,1.3420964933175128e-05,2.391752423136495e-05,0.9975162744522095,Standard,2.0,0.5,1296
HIERARCHICAL_PAIRS,Standard_44,0,1.94289,0.00498,2558,0.021436813626710814,-0.021665639839384854,0.3624818027019501,0.42476851851851855,0.0020876198541373014,4.642287240130827e-05,7.06423816154711e-05,0.9977031946182251,Standard,2.0,0.5,2592
HIERARCHICAL_PAIRS,Standard_44,1,1.94289,0.00498,2558,0.021436813626710814,-0.021665639839384854,0.3624818027019501,0.42476851851851855,0.0020876198541373014,4.642287240130827e-05,7.06423816154711e-05,0.9977031946182251,Standard,2.0,0.5,2592
HIERARCHICAL_PAIRS,Standard_44,2,1.94289,0.00498,2558,0.021436813626710814,-0.021665639839384854,0.3624818027019501,0.42476851851851855,0.0020876198541373014,4.642287240130827e-05,7.06423816154711e-05,0.9977031946182251,Standard,2.0,0.5,2592
HIERARCHICAL_PAIRS,Standard_45,0,1.94799,0.01748,561,0.020825718797982853,-0.02144568930033164,0.346845418214798,0.7854938271604939,0.007537737488746643,0.0005298490286804736,0.0008361003710888326,0.997778594493866,Standard,2.0,1.0,648
HIERARCHICAL_PAIRS,Standard_45,1,1.94799,0.01748,561,0.020825718797982853,-0.02144568930033164,0.346845418214798,0.7854938271604939,0.007537737488746643,0.0005298490286804736,0.0008361003710888326,0.997778594493866,Standard,2.0,1.0,648
HIERARCHICAL_PAIRS,Standard_45,2,1.94799,0.01748,561,0.020825718797982853,-0.02144568930033164,0.346845418214798,0.7854938271604939,0.007537737488746643,0.0005298490286804736,0.0008361003710888326,0.997778594493866,Standard,2.0,1.0,648
HIERARCHICAL_PAIRS,Standard_46,0,1.93734,0.08101,1128,0.030568854119050706,-0.019613025508735227,0.3366372287273407,0.6257716049382716,0.004726174287497997,0.0005117334658280015,0.0005974507657811046,0.9976751208305359,Standard,2.0,1.0,1296
HIERARCHICAL_PAIRS,Standard_46,1,1.93734,0.08101,1128,0.030568854119050706,-0.019613025508735227,0.3366372287273407,0.6257716049382716,0.004726174287497997,0.0005117334658280015,0.0005974507657811046,0.9976751208305359,Standard,2.0,1.0,1296
HIERARCHICAL_PAIRS,Standard_46,2,1.93734,0.08101,1128,0.030568854119050706,-0.019613025508735227,0.3366372287273407,0.6257716049382716,0.004726174287497997,0.0005117334658280015,0.0005974507657811046,0.9976751208305359,Standard,2.0,1.0,1296
HIERARCHICAL_PAIRS,Standard_47,0,1.93925,0.15632,2367,0.02915241395785357,-0.017876408104191777,0.36798161268234253,0.4236111111111111,0.0017106890445575118,0.00041851922287605703,0.00043354491936042905,0.9968859553337097,Standard,2.0,1.0,2592
HIERARCHICAL_PAIRS,Standard_47,1,1.93925,0.15632,2367,0.02915241395785357,-0.017876408104191777,0.36798161268234253,0.4236111111111111,0.0017106890445575118,0.00041851922287605703,0.00043354491936042905,0.9968859553337097,Standard,2.0,1.0,2592
HIERARCHICAL_PAIRS,Standard_47,2,1.93925,0.15632,2367,0.02915241395785357,-0.017876408104191777,0.36798161268234253,0.4236111111111111,0.0017106890445575118,0.00041851922287605703,0.00043354491936042905,0.9968859553337097,Standard,2.0,1.0,2592
HIERARCHICAL_PAIRS,Standard_48,0,1.94469,0.0,648,0.02913016819059983,-0.022226155393525238,0.33808860182762146,0.7962962962962963,0.0,0.0,0.0,0.9983531832695007,Standard,3.0,0.5,648
HIERARCHICAL_PAIRS,Standard_48,1,1.94469,0.0,648,0.02913016819059983,-0.022226155393525238,0.33808860182762146,0.7962962962962963,0.0,0.0,0.0,0.9983531832695007,Standard,3.0,0.5,648
HIERARCHICAL_PAIRS,Standard_48,2,1.94469,0.0,648,0.02913016819059983,-0.022226155393525238,0.33808860182762146,0.7962962962962963,0.0,0.0,0.0,0.9983531832695007,Standard,3.0,0.5,648
HIERARCHICAL_PAIRS,Standard_49,0,1.94818,0.0,1296,0.01833865879470275,-0.021720338712821308,0.3309996426105499,0.6172839506172839,0.0,0.0,0.0,0.9976381063461304,Standard,3.0,0.5,1296
HIERARCHICAL_PAIRS,Standard_49,1,1.94818,0.0,1296,0.01833865879470275,-0.021720338712821308,0.3309996426105499,0.6172839506172839,0.0,0.0,0.0,0.9976381063461304,Standard,3.0,0.5,1296
HIERARCHICAL_PAIRS,Standard_49,2,1.94818,0.0,1296,0.01833865879470275,-0.021720338712821308,0.3309996426105499,0.6172839506172839,0.0,0.0,0.0,0.9976381063461304,Standard,3.0,0.5,1296
HIERARCHICAL_PAIRS,Standard_5,0,1.9418,79.43867,1755,1.35117456544524,-0.9562878293083275,0.5240302681922913,0.4371141975308642,0.011236223392188549,0.1747446060180664,0.0073738438077270985,0.9682731032371521,Standard,0.05,1.0,2592
HIERARCHICAL_PAIRS,Standard_5,1,1.9418,79.43867,1755,1.35117456544524,-0.9562878293083275,0.5240302681922913,0.4371141975308642,0.011236223392188549,0.1747446060180664,0.0073738438077270985,0.9682731032371521,Standard,0.05,1.0,2592
HIERARCHICAL_PAIRS,Standard_5,2,1.9418,79.43867,1755,1.35117456544524,-0.9562878293083275,0.5240302681922913,0.4371141975308642,0.011236223392188549,0.1747446060180664,0.0073738438077270985,0.9682731032371521,Standard,0.05,1.0,2592
HIERARCHICAL_PAIRS,Standard_50,0,1.94452,0.0,2592,0.02486647592696038,-0.02229598596114002,0.35614514350891113,0.4216820987654321,0.0,0.0,0.0,0.997562825679779,Standard,3.0,0.5,2592
HIERARCHICAL_PAIRS,Standard_50,1,1.94452,0.0,2592,0.02486647592696038,-0.02229598596114002,0.35614514350891113,0.4216820987654321,0.0,0.0,0.0,0.997562825679779,Standard,3.0,0.5,2592
HIERARCHICAL_PAIRS,Standard_50,2,1.94452,0.0,2592,0.02486647592696038,-0.02229598596114002,0.35614514350891113,0.4216820987654321,0.0,0.0,0.0,0.997562825679779,Standard,3.0,0.5,2592
HIERARCHICAL_PAIRS,Standard_51,0,1.94302,0.0,648,0.019015761921448614,-0.022141428143405584,0.3397064805030823,0.7685185185185185,0.0,0.0,0.0,0.9983919858932495,Standard,3.0,1.0,648
HIERARCHICAL_PAIRS,Standard_51,1,1.94302,0.0,648,0.019015761921448614,-0.022141428143405584,0.3397064805030823,0.7685185185185185,0.0,0.0,0.0,0.9983919858932495,Standard,3.0,1.0,648
HIERARCHICAL_PAIRS,Standard_51,2,1.94302,0.0,648,0.019015761921448614,-0.022141428143405584,0.3397064805030823,0.7685185185185185,0.0,0.0,0.0,0.9983919858932495,Standard,3.0,1.0,648
HIERARCHICAL_PAIRS,Standard_52,0,1.93824,0.0,1296,0.022757946529393357,-0.022236518874300115,0.33278796076774597,0.6350308641975309,0.0,0.0,0.0,0.9980442523956299,Standard,3.0,1.0,1296
HIERARCHICAL_PAIRS,Standard_52,1,1.93824,0.0,1296,0.022757946529393357,-0.022236518874300115,0.33278796076774597,0.6350308641975309,0.0,0.0,0.0,0.9980442523956299,Standard,3.0,1.0,1296
HIERARCHICAL_PAIRS,Standard_52,2,1.93824,0.0,1296,0.022757946529393357,-0.022236518874300115,0.33278796076774597,0.6350308641975309,0.0,0.0,0.0,0.9980442523956299,Standard,3.0,1.0,1296
HIERARCHICAL_PAIRS,Standard_53,0,1.95031,0.0,2592,0.02429254666771073,-0.021908985429058836,0.3567613363265991,0.42901234567901236,0.0,0.0,0.0,0.9982471466064453,Standard,3.0,1.0,2592
HIERARCHICAL_PAIRS,Standard_53,1,1.95031,0.0,2592,0.02429254666771073,-0.021908985429058836,0.3567613363265991,0.42901234567901236,0.0,0.0,0.0,0.9982471466064453,Standard,3.0,1.0,2592
HIERARCHICAL_PAIRS,Standard_53,2,1.95031,0.0,2592,0.02429254666771073,-0.021908985429058836,0.3567613363265991,0.42901234567901236,0.0,0.0,0.0,0.9982471466064453,Standard,3.0,1.0,2592
HIERARCHICAL_PAIRS,Standard_54,0,1.94615,0.0,648,0.018386027359686915,-0.022661264445021256,0.337344229221344,0.7824074074074074,0.0,0.0,0.0,0.9984769225120544,Standard,5.0,0.5,648
HIERARCHICAL_PAIRS,Standard_54,1,1.94615,0.0,648,0.018386027359686915,-0.022661264445021256,0.337344229221344,0.7824074074074074,0.0,0.0,0.0,0.9984769225120544,Standard,5.0,0.5,648
HIERARCHICAL_PAIRS,Standard_54,2,1.94615,0.0,648,0.018386027359686915,-0.022661264445021256,0.337344229221344,0.7824074074074074,0.0,0.0,0.0,0.9984769225120544,Standard,5.0,0.5,648
HIERARCHICAL_PAIRS,Standard_55,0,1.95084,0.0,1296,0.022852687101978325,-0.022679759880676942,0.33098775148391724,0.6273148148148148,0.0,0.0,0.0,0.9978417158126831,Standard,5.0,0.5,1296
HIERARCHICAL_PAIRS,Standard_55,1,1.95084,0.0,1296,0.022852687101978325,-0.022679759880676942,0.33098775148391724,0.6273148148148148,0.0,0.0,0.0,0.9978417158126831,Standard,5.0,0.5,1296
HIERARCHICAL_PAIRS,Standard_55,2,1.95084,0.0,1296,0.022852687101978325,-0.022679759880676942,0.33098775148391724,0.6273148148148148,0.0,0.0,0.0,0.9978417158126831,Standard,5.0,0.5,1296
HIERARCHICAL_PAIRS,Standard_56,0,1.9401,0.0,2592,0.01737223815482021,-0.02231968195854228,0.3576962649822235,0.42746913580246915,0.0,0.0,0.0,0.9979792237281799,Standard,5.0,0.5,2592
HIERARCHICAL_PAIRS,Standard_56,1,1.9401,0.0,2592,0.01737223815482021,-0.02231968195854228,0.3576962649822235,0.42746913580246915,0.0,0.0,0.0,0.9979792237281799,Standard,5.0,0.5,2592
HIERARCHICAL_PAIRS,Standard_56,2,1.9401,0.0,2592,0.01737223815482021,-0.02231968195854228,0.3576962649822235,0.42746913580246915,0.0,0.0,0.0,0.9979792237281799,Standard,5.0,0.5,2592
HIERARCHICAL_PAIRS,Standard_57,0,1.94921,0.0,648,0.027898653091253434,-0.022041840615716124,0.3370995819568634,0.7746913580246914,0.0,0.0,0.0,0.9978845715522766,Standard,5.0,1.0,648
HIERARCHICAL_PAIRS,Standard_57,1,1.94921,0.0,648,0.027898653091253434,-0.022041840615716124,0.3370995819568634,0.7746913580246914,0.0,0.0,0.0,0.9978845715522766,Standard,5.0,1.0,648
HIERARCHICAL_PAIRS,Standard_57,2,1.94921,0.0,648,0.027898653091253434,-0.022041840615716124,0.3370995819568634,0.7746913580246914,0.0,0.0,0.0,0.9978845715522766,Standard,5.0,1.0,648
HIERARCHICAL_PAIRS,Standard_58,0,1.95098,0.0,1296,0.021713462472164616,-0.022753359478599355,0.33173444867134094,0.6057098765432098,0.0,0.0,0.0,0.9980047941207886,Standard,5.0,1.0,1296
HIERARCHICAL_PAIRS,Standard_58,1,1.95098,0.0,1296,0.021713462472164616,-0.022753359478599355,0.33173444867134094,0.6057098765432098,0.0,0.0,0.0,0.9980047941207886,Standard,5.0,1.0,1296
HIERARCHICAL_PAIRS,Standard_58,2,1.95098,0.0,1296,0.021713462472164616,-0.022753359478599355,0.33173444867134094,0.6057098765432098,0.0,0.0,0.0,0.9980047941207886,Standard,5.0,1.0,1296
HIERARCHICAL_PAIRS,Standard_59,0,1.93987,0.0,2592,0.0185939192904766,-0.022477675801442887,0.35700905323028564,0.4324845679012346,0.0,0.0,0.0,0.9977783560752869,Standard,5.0,1.0,2592
HIERARCHICAL_PAIRS,Standard_59,1,1.93987,0.0,2592,0.0185939192904766,-0.022477675801442887,0.35700905323028564,0.4324845679012346,0.0,0.0,0.0,0.9977783560752869,Standard,5.0,1.0,2592
HIERARCHICAL_PAIRS,Standard_59,2,1.93987,0.0,2592,0.0185939192904766,-0.022477675801442887,0.35700905323028564,0.4324845679012346,0.0,0.0,0.0,0.9977783560752869,Standard,5.0,1.0,2592
HIERARCHICAL_PAIRS,Standard_6,0,1.94479,1.66637,633,0.13284782880331303,0.03733385706939396,0.34119725227355957,0.7870370370370371,8.179825817933306e-05,0.01118761207908392,0.0001621931151021272,0.9951227307319641,Standard,0.1,0.5,648
HIERARCHICAL_PAIRS,Standard_6,1,1.94479,1.66637,633,0.13284782880331303,0.03733385706939396,0.34119725227355957,0.7870370370370371,8.179825817933306e-05,0.01118761207908392,0.0001621931151021272,0.9951227307319641,Standard,0.1,0.5,648
HIERARCHICAL_PAIRS,Standard_6,2,1.94479,1.66637,633,0.13284782880331303,0.03733385706939396,0.34119725227355957,0.7870370370370371,8.179825817933306e-05,0.01118761207908392,0.0001621931151021272,0.9951227307319641,Standard,0.1,0.5,648
HIERARCHICAL_PAIRS,Standard_7,0,1.94617,1.81905,1274,0.13973166041641258,0.045138727861376515,0.329743891954422,0.6095679012345679,0.00014781874779146165,0.006285619456321001,0.0002695239381864667,0.9966415762901306,Standard,0.1,0.5,1296
HIERARCHICAL_PAIRS,Standard_7,1,1.94617,1.81905,1274,0.13973166041641258,0.045138727861376515,0.329743891954422,0.6095679012345679,0.00014781874779146165,0.006285619456321001,0.0002695239381864667,0.9966415762901306,Standard,0.1,0.5,1296
HIERARCHICAL_PAIRS,Standard_7,2,1.94617,1.81905,1274,0.13973166041641258,0.045138727861376515,0.329743891954422,0.6095679012345679,0.00014781874779146165,0.006285619456321001,0.0002695239381864667,0.9966415762901306,Standard,0.1,0.5,1296
HIERARCHICAL_PAIRS,Standard_8,0,1.94101,1.8234,2568,0.1473602009416541,0.0495815924936962,0.35561925172805786,0.4340277777777778,6.160522025311366e-05,0.0020265374332666397,9.728594159241766e-05,0.9972090721130371,Standard,0.1,0.5,2592
HIERARCHICAL_PAIRS,Standard_8,1,1.94101,1.8234,2568,0.1473602009416541,0.0495815924936962,0.35561925172805786,0.4340277777777778,6.160522025311366e-05,0.0020265374332666397,9.728594159241766e-05,0.9972090721130371,Standard,0.1,0.5,2592
HIERARCHICAL_PAIRS,Standard_8,2,1.94101,1.8234,2568,0.1473602009416541,0.0495815924936962,0.35561925172805786,0.4340277777777778,6.160522025311366e-05,0.0020265374332666397,9.728594159241766e-05,0.9972090721130371,Standard,0.1,0.5,2592
HIERARCHICAL_PAIRS,Standard_9,0,1.9491,56.14739,1,1.0850972829263983,-0.17691362579007452,0.38592827320098877,0.8472222222222222,0.012000437825918198,0.5826199650764465,0.021596839651465416,0.9138122200965881,Standard,0.1,1.0,648
HIERARCHICAL_PAIRS,Standard_9,1,1.9491,56.14739,1,1.0850972829263983,-0.17691362579007452,0.38592827320098877,0.8472222222222222,0.012000437825918198,0.5826199650764465,0.021596839651465416,0.9138122200965881,Standard,0.1,1.0,648
HIERARCHICAL_PAIRS,Standard_9,2,1.9491,56.14739,1,1.0850972829263983,-0.17691362579007452,0.38592827320098877,0.8472222222222222,0.012000437825918198,0.5826199650764465,0.021596839651465416,0.9138122200965881,Standard,0.1,1.0,648
POWER_LAW_DIGRAPH,Standard_0,0,10.32509,7.51574,611,0.32934776624355105,0.1206828711963357,0.3510293662548065,0.7746913580246914,0.000668627442792058,0.01810634508728981,0.0007603098056279123,0.9804255962371826,Standard,0.05,0.5,648
POWER_LAW_DIGRAPH,Standard_0,1,10.32509,7.51574,611,0.32934776624355105,0.1206828711963357,0.3510293662548065,0.7746913580246914,0.000668627442792058,0.01810634508728981,0.0007603098056279123,0.9804255962371826,Standard,0.05,0.5,648
POWER_LAW_DIGRAPH,Standard_0,2,10.32509,7.51574,611,0.32934776624355105,0.1206828711963357,0.3510293662548065,0.7746913580246914,0.000668627442792058,0.01810634508728981,0.0007603098056279123,0.9804255962371826,Standard,0.05,0.5,648
POWER_LAW_DIGRAPH,Standard_1,0,10.30028,8.9279,1239,0.36687464940518905,0.14260681992085888,0.338894784450531,0.6265432098765432,0.000627113098744303,0.010449212975800037,0.00050322525203228,0.985308825969696,Standard,0.05,0.5,1296
POWER_LAW_DIGRAPH,Standard_1,1,10.30028,8.9279,1239,0.36687464940518905,0.14260681992085888,0.338894784450531,0.6265432098765432,0.000627113098744303,0.010449212975800037,0.00050322525203228,0.985308825969696,Standard,0.05,0.5,1296
POWER_LAW_DIGRAPH,Standard_1,2,10.30028,8.9279,1239,0.36687464940518905,0.14260681992085888,0.338894784450531,0.6265432098765432,0.000627113098744303,0.010449212975800037,0.00050322525203228,0.985308825969696,Standard,0.05,0.5,1296
POWER_LAW_DIGRAPH,Standard_10,0,10.31143,239.16132,218,2.980488790143405,-4.986207660998033,0.4073745310306549,0.7013888888888888,0.03909061849117279,0.42667990922927856,0.02632363885641098,0.8145729303359985,Standard,0.1,1.0,1296
POWER_LAW_DIGRAPH,Standard_10,1,10.31143,239.16132,218,2.980488790143405,-4.986207660998033,0.4073745310306549,0.7013888888888888,0.03909061849117279,0.42667990922927856,0.02632363885641098,0.8145729303359985,Standard,0.1,1.0,1296
POWER_LAW_DIGRAPH,Standard_10,2,10.31143,239.16132,218,2.980488790143405,-4.986207660998033,0.4073745310306549,0.7013888888888888,0.03909061849117279,0.42667990922927856,0.02632363885641098,0.8145729303359985,Standard,0.1,1.0,1296
POWER_LAW_DIGRAPH,Standard_11,0,10.32545,257.15866,1054,3.1362025383581984,-5.940628460000027,0.45452654361724854,0.45023148148148145,0.05912784859538078,0.23412539064884186,0.017009705305099487,0.8967128992080688,Standard,0.1,1.0,2592
POWER_LAW_DIGRAPH,Standard_11,1,10.32545,257.15866,1054,3.1362025383581984,-5.940628460000027,0.45452654361724854,0.45023148148148145,0.05912784859538078,0.23412539064884186,0.017009705305099487,0.8967128992080688,Standard,0.1,1.0,2592
POWER_LAW_DIGRAPH,Standard_11,2,10.32545,257.15866,1054,3.1362025383581984,-5.940628460000027,0.45452654361724854,0.45023148148148145,0.05912784859538078,0.23412539064884186,0.017009705305099487,0.8967128992080688,Standard,0.1,1.0,2592
POWER_LAW_DIGRAPH,Standard_12,0,10.3146,3.60049,615,0.15933262074243632,0.052546803198379566,0.34488895535469055,0.7932098765432098,0.0006693096365779638,0.011280878446996212,0.0008509550825692713,0.9864721298217773,Standard,0.2,0.5,648
POWER_LAW_DIGRAPH,Standard_12,1,10.3146,3.60049,615,0.15933262074243632,0.052546803198379566,0.34488895535469055,0.7932098765432098,0.0006693096365779638,0.011280878446996212,0.0008509550825692713,0.9864721298217773,Standard,0.2,0.5,648
POWER_LAW_DIGRAPH,Standard_12,2,10.3146,3.60049,615,0.15933262074243632,0.052546803198379566,0.34488895535469055,0.7932098765432098,0.0006693096365779638,0.011280878446996212,0.0008509550825692713,0.9864721298217773,Standard,0.2,0.5,648
POWER_LAW_DIGRAPH,Standard_13,0,10.29886,3.56866,1250,0.15747421386309204,0.05255776610429319,0.33498769998550415,0.6280864197530864,0.00031760011916048825,0.004993870854377747,0.00044589577009901404,0.9891753196716309,Standard,0.2,0.5,1296
POWER_LAW_DIGRAPH,Standard_13,1,10.29886,3.56866,1250,0.15747421386309204,0.05255776610429319,0.33498769998550415,0.6280864197530864,0.00031760011916048825,0.004993870854377747,0.00044589577009901404,0.9891753196716309,Standard,0.2,0.5,1296
POWER_LAW_DIGRAPH,Standard_13,2,10.29886,3.56866,1250,0.15747421386309204,0.05255776610429319,0.33498769998550415,0.6280864197530864,0.00031760011916048825,0.004993870854377747,0.00044589577009901404,0.9891753196716309,Standard,0.2,0.5,1296
POWER_LAW_DIGRAPH,Standard_14,0,10.28903,3.55428,2520,0.16086913105559708,0.05164832277953224,0.361187607049942,0.43016975308641975,0.00030111600062809885,0.0022315022069960833,0.00030480133136734366,0.9906718134880066,Standard,0.2,0.5,2592
POWER_LAW_DIGRAPH,Standard_14,1,10.28903,3.55428,2520,0.16086913105559708,0.05164832277953224,0.361187607049942,0.43016975308641975,0.00030111600062809885,0.0022315022069960833,0.00030480133136734366,0.9906718134880066,Standard,0.2,0.5,2592
POWER_LAW_DIGRAPH,Standard_14,2,10.28903,3.55428,2520,0.16086913105559708,0.05164832277953224,0.361187607049942,0.43016975308641975,0.00030111600062809885,0.0022315022069960833,0.00030480133136734366,0.9906718134880066,Standard,0.2,0.5,2592
POWER_LAW_DIGRAPH,Standard_15,0,10.31538,165.36363,0,1.8969513588658358,-0.8247462486362087,0.44452640414237976,0.9151234567901234,0.020369207486510277,0.626358151435852,0.03695422783493996,0.7468838691711426,Standard,0.2,1.0,648
POWER_LAW_DIGRAPH,Standard_15,1,10.31538,165.36363,0,1.8969513588658358,-0.8247462486362087,0.44452640414237976,0.9151234567901234,0.020369207486510277,0.626358151435852,0.03695422783493996,0.7468838691711426,Standard,0.2,1.0,648
POWER_LAW_DIGRAPH,Standard_15,2,10.31538,165.36363,0,1.8969513588658358,-0.8247462486362087,0.44452640414237976,0.9151234567901234,0.020369207486510277,0.626358151435852,0.03695422783493996,0.7468838691711426,Standard,0.2,1.0,648
POWER_LAW_DIGRAPH,Standard_16,0,10.29291,209.42048,80,2.256026663938898,-2.1583320312818444,0.4040079116821289,0.6743827160493827,0.037702299654483795,0.3986085057258606,0.03425576165318489,0.8369112610816956,Standard,0.2,1.0,1296
POWER_LAW_DIGRAPH,Standard_16,1,10.29291,209.42048,80,2.256026663938898,-2.1583320312818444,0.4040079116821289,0.6743827160493827,0.037702299654483795,0.3986085057258606,0.03425576165318489,0.8369112610816956,Standard,0.2,1.0,1296
POWER_LAW_DIGRAPH,Standard_16,2,10.29291,209.42048,80,2.256026663938898,-2.1583320312818444,0.4040079116821289,0.6743827160493827,0.037702299654483795,0.3986085057258606,0.03425576165318489,0.8369112610816956,Standard,0.2,1.0,1296
POWER_LAW_DIGRAPH,Standard_17,0,10.33331,219.25728,651,2.3552216947783053,-2.5403822523564017,0.4664631187915802,0.44290123456790126,0.0725778266787529,0.2157531976699829,0.02526991069316864,0.9106776118278503,Standard,0.2,1.0,2592
POWER_LAW_DIGRAPH,Standard_17,1,10.33331,219.25728,651,2.3552216947783053,-2.5403822523564017,0.4664631187915802,0.44290123456790126,0.0725778266787529,0.2157531976699829,0.02526991069316864,0.9106776118278503,Standard,0.2,1.0,2592
POWER_LAW_DIGRAPH,Standard_17,2,10.33331,219.25728,651,2.3552216947783053,-2.5403822523564017,0.4664631187915802,0.44290123456790126,0.0725778266787529,0.2157531976699829,0.02526991069316864,0.9106776118278503,Standard,0.2,1.0,2592
POWER_LAW_DIGRAPH,Standard_18,0,10.32739,1.76166,613,0.1114631323667664,0.019749465636277885,0.3438701331615448,0.8132716049382716,0.0013889374677091837,0.006659173872321844,0.0017756508896127343,0.9893157482147217,Standard,0.4,0.5,648
POWER_LAW_DIGRAPH,Standard_18,1,10.32739,1.76166,613,0.1114631323667664,0.019749465636277885,0.3438701331615448,0.8132716049382716,0.0013889374677091837,0.006659173872321844,0.0017756508896127343,0.9893157482147217,Standard,0.4,0.5,648
POWER_LAW_DIGRAPH,Standard_18,2,10.32739,1.76166,613,0.1114631323667664,0.019749465636277885,0.3438701331615448,0.8132716049382716,0.0013889374677091837,0.006659173872321844,0.0017756508896127343,0.9893157482147217,Standard,0.4,0.5,648
POWER_LAW_DIGRAPH,Standard_19,0,10.311,1.80946,1243,0.11619134033405412,0.016488788727237913,0.33566391468048096,0.6396604938271605,0.0018808235181495547,0.003221691818907857,0.0013725777389481664,0.9906185865402222,Standard,0.4,0.5,1296
POWER_LAW_DIGRAPH,Standard_19,1,10.311,1.80946,1243,0.11619134033405412,0.016488788727237913,0.33566391468048096,0.6396604938271605,0.0018808235181495547,0.003221691818907857,0.0013725777389481664,0.9906185865402222,Standard,0.4,0.5,1296
POWER_LAW_DIGRAPH,Standard_19,2,10.311,1.80946,1243,0.11619134033405412,0.016488788727237913,0.33566391468048096,0.6396604938271605,0.0018808235181495547,0.003221691818907857,0.0013725777389481664,0.9906185865402222,Standard,0.4,0.5,1296
POWER_LAW_DIGRAPH,Standard_2,0,10.33541,7.82653,2524,0.3349834240392284,0.1258078568536919,0.3687282204627991,0.43441358024691357,0.00020763531210832298,0.0024769625160843134,0.00012544549826998264,0.9888628721237183,Standard,0.05,0.5,2592
POWER_LAW_DIGRAPH,Standard_2,1,10.33541,7.82653,2524,0.3349834240392284,0.1258078568536919,0.3687282204627991,0.43441358024691357,0.00020763531210832298,0.0024769625160843134,0.00012544549826998264,0.9888628721237183,Standard,0.05,0.5,2592
POWER_LAW_DIGRAPH,Standard_2,2,10.33541,7.82653,2524,0.3349834240392284,0.1258078568536919,0.3687282204627991,0.43441358024691357,0.00020763531210832298,0.0024769625160843134,0.00012544549826998264,0.9888628721237183,Standard,0.05,0.5,2592
POWER_LAW_DIGRAPH,Standard_20,0,10.33459,2.29249,2521,0.13444737179819066,0.022650813685244797,0.3643128573894501,0.4367283950617284,0.0018284621182829142,0.0028273912612348795,0.0014697157312184572,0.9909614324569702,Standard,0.4,0.5,2592
POWER_LAW_DIGRAPH,Standard_20,1,10.33459,2.29249,2521,0.13444737179819066,0.022650813685244797,0.3643128573894501,0.4367283950617284,0.0018284621182829142,0.0028273912612348795,0.0014697157312184572,0.9909614324569702,Standard,0.4,0.5,2592
POWER_LAW_DIGRAPH,Standard_20,2,10.33459,2.29249,2521,0.13444737179819066,0.022650813685244797,0.3643128573894501,0.4367283950617284,0.0018284621182829142,0.0028273912612348795,0.0014697157312184572,0.9909614324569702,Standard,0.4,0.5,2592
POWER_LAW_DIGRAPH,Standard_21,0,10.32554,80.55608,4,1.0501409335387102,-0.2759744170544274,0.39145153760910034,0.7777777777777778,0.026980873197317123,0.31599801778793335,0.0414666123688221,0.8726246953010559,Standard,0.4,1.0,648
POWER_LAW_DIGRAPH,Standard_21,1,10.32554,80.55608,4,1.0501409335387102,-0.2759744170544274,0.39145153760910034,0.7777777777777778,0.026980873197317123,0.31599801778793335,0.0414666123688221,0.8726246953010559,Standard,0.4,1.0,648
POWER_LAW_DIGRAPH,Standard_21,2,10.32554,80.55608,4,1.0501409335387102,-0.2759744170544274,0.39145153760910034,0.7777777777777778,0.026980873197317123,0.31599801778793335,0.0414666123688221,0.8726246953010559,Standard,0.4,1.0,648
POWER_LAW_DIGRAPH,Standard_22,0,10.34712,102.5244,72,1.2243000569179976,-0.7539004931325612,0.38590314984321594,0.6350308641975309,0.05776244029402733,0.2163020223379135,0.053703684359788895,0.9163554906845093,Standard,0.4,1.0,1296
POWER_LAW_DIGRAPH,Standard_22,1,10.34712,102.5244,72,1.2243000569179976,-0.7539004931325612,0.38590314984321594,0.6350308641975309,0.05776244029402733,0.2163020223379135,0.053703684359788895,0.9163554906845093,Standard,0.4,1.0,1296
POWER_LAW_DIGRAPH,Standard_22,2,10.34712,102.5244,72,1.2243000569179976,-0.7539004931325612,0.38590314984321594,0.6350308641975309,0.05776244029402733,0.2163020223379135,0.053703684359788895,0.9163554906845093,Standard,0.4,1.0,1296
POWER_LAW_DIGRAPH,Standard_23,0,10.32414,102.6612,544,1.2201167888466746,-0.7546060802353745,0.44430890679359436,0.4351851851851852,0.092439666390419,0.1173011064529419,0.03716395050287247,0.9541656970977783,Standard,0.4,1.0,2592
POWER_LAW_DIGRAPH,Standard_23,1,10.32414,102.6612,544,1.2201167888466746,-0.7546060802353745,0.44430890679359436,0.4351851851851852,0.092439666390419,0.1173011064529419,0.03716395050287247,0.9541656970977783,Standard,0.4,1.0,2592
POWER_LAW_DIGRAPH,Standard_23,2,10.32414,102.6612,544,1.2201167888466746,-0.7546060802353745,0.44430890679359436,0.4351851851851852,0.092439666390419,0.1173011064529419,0.03716395050287247,0.9541656970977783,Standard,0.4,1.0,2592
POWER_LAW_DIGRAPH,Standard_24,0,10.31267,1.58691,603,0.11150886211699516,0.009268628424472958,0.34522247314453125,0.779320987654321,0.004188834223896265,0.005812876857817173,0.0028729706536978483,0.9894737005233765,Standard,0.6,0.5,648
POWER_LAW_DIGRAPH,Standard_24,1,10.31267,1.58691,603,0.11150886211699516,0.009268628424472958,0.34522247314453125,0.779320987654321,0.004188834223896265,0.005812876857817173,0.0028729706536978483,0.9894737005233765,Standard,0.6,0.5,648
POWER_LAW_DIGRAPH,Standard_24,2,10.31267,1.58691,603,0.11150886211699516,0.009268628424472958,0.34522247314453125,0.779320987654321,0.004188834223896265,0.005812876857817173,0.0028729706536978483,0.9894737005233765,Standard,0.6,0.5,648
POWER_LAW_DIGRAPH,Standard_25,0,10.30457,1.88894,1228,0.12778856358463977,0.00858721889579972,0.3396487236022949,0.6342592592592593,0.003969770390540361,0.004059687722474337,0.002617128659039736,0.9903101921081543,Standard,0.6,0.5,1296
POWER_LAW_DIGRAPH,Standard_25,1,10.30457,1.88894,1228,0.12778856358463977,0.00858721889579972,0.3396487236022949,0.6342592592592593,0.003969770390540361,0.004059687722474337,0.002617128659039736,0.9903101921081543,Standard,0.6,0.5,1296
POWER_LAW_DIGRAPH,Standard_25,2,10.30457,1.88894,1228,0.12778856358463977,0.00858721889579972,0.3396487236022949,0.6342592592592593,0.003969770390540361,0.004059687722474337,0.002617128659039736,0.9903101921081543,Standard,0.6,0.5,1296
POWER_LAW_DIGRAPH,Standard_26,0,10.32053,2.1221,2486,0.1381148435762239,0.01032592014138245,0.36591845750808716,0.43287037037037035,0.0046076783910393715,0.0030673693399876356,0.00277113588526845,0.9910744428634644,Standard,0.6,0.5,2592
POWER_LAW_DIGRAPH,Standard_26,1,10.32053,2.1221,2486,0.1381148435762239,0.01032592014138245,0.36591845750808716,0.43287037037037035,0.0046076783910393715,0.0030673693399876356,0.00277113588526845,0.9910744428634644,Standard,0.6,0.5,2592
POWER_LAW_DIGRAPH,Standard_26,2,10.32053,2.1221,2486,0.1381148435762239,0.01032592014138245,0.36591845750808716,0.43287037037037035,0.0046076783910393715,0.0030673693399876356,0.00277113588526845,0.9910744428634644,Standard,0.6,0.5,2592
POWER_LAW_DIGRAPH,Standard_27,0,10.29872,50.40026,2,0.759179604645173,-0.23605353943144558,0.3583966791629791,0.7299382716049383,0.03584342077374458,0.1557576060295105,0.042338307946920395,0.9166641235351562,Standard,0.6,1.0,648
POWER_LAW_DIGRAPH,Standard_27,1,10.29872,50.40026,2,0.759179604645173,-0.23605353943144558,0.3583966791629791,0.7299382716049383,0.03584342077374458,0.1557576060295105,0.042338307946920395,0.9166641235351562,Standard,0.6,1.0,648
POWER_LAW_DIGRAPH,Standard_27,2,10.29872,50.40026,2,0.759179604645173,-0.23605353943144558,0.3583966791629791,0.7299382716049383,0.03584342077374458,0.1557576060295105,0.042338307946920395,0.9166641235351562,Standard,0.6,1.0,648
POWER_LAW_DIGRAPH,Standard_28,0,10.31335,65.05465,55,0.8882610302285189,-0.59299355809433,0.3757833242416382,0.6365740740740741,0.07376760989427567,0.13115936517715454,0.06338030099868774,0.944087564945221,Standard,0.6,1.0,1296
POWER_LAW_DIGRAPH,Standard_28,1,10.31335,65.05465,55,0.8882610302285189,-0.59299355809433,0.3757833242416382,0.6365740740740741,0.07376760989427567,0.13115936517715454,0.06338030099868774,0.944087564945221,Standard,0.6,1.0,1296
POWER_LAW_DIGRAPH,Standard_28,2,10.31335,65.05465,55,0.8882610302285189,-0.59299355809433,0.3757833242416382,0.6365740740740741,0.07376760989427567,0.13115936517715454,0.06338030099868774,0.944087564945221,Standard,0.6,1.0,1296
POWER_LAW_DIGRAPH,Standard_29,0,10.30584,67.93123,525,0.9177518830132253,-0.6571253018782526,0.43098288774490356,0.43094135802469136,0.10668681561946869,0.0757727101445198,0.043951719999313354,0.9669381380081177,Standard,0.6,1.0,2592
POWER_LAW_DIGRAPH,Standard_29,1,10.30584,67.93123,525,0.9177518830132253,-0.6571253018782526,0.43098288774490356,0.43094135802469136,0.10668681561946869,0.0757727101445198,0.043951719999313354,0.9669381380081177,Standard,0.6,1.0,2592
POWER_LAW_DIGRAPH,Standard_29,2,10.30584,67.93123,525,0.9177518830132253,-0.6571253018782526,0.43098288774490356,0.43094135802469136,0.10668681561946869,0.0757727101445198,0.043951719999313354,0.9669381380081177,Standard,0.6,1.0,2592
POWER_LAW_DIGRAPH,Standard_3,0,10.34959,223.79452,2,2.086439169495464,-0.8975087071653189,0.39182645082473755,0.8271604938271605,0.016442442312836647,0.5803124904632568,0.026843206956982613,0.6559534072875977,Standard,0.05,1.0,648
POWER_LAW_DIGRAPH,Standard_3,1,10.34959,223.79452,2,2.086439169495464,-0.8975087071653189,0.39182645082473755,0.8271604938271605,0.016442442312836647,0.5803124904632568,0.026843206956982613,0.6559534072875977,Standard,0.05,1.0,648
POWER_LAW_DIGRAPH,Standard_3,2,10.34959,223.79452,2,2.086439169495464,-0.8975087071653189,0.39182645082473755,0.8271604938271605,0.016442442312836647,0.5803124904632568,0.026843206956982613,0.6559534072875977,Standard,0.05,1.0,648
POWER_LAW_DIGRAPH,Standard_30,0,10.32392,1.18991,596,0.09054173865599709,0.005920211390358032,0.35442492365837097,0.7978395061728395,0.015952415764331818,0.006721533369272947,0.006469603627920151,0.990206778049469,Standard,1.0,0.5,648
POWER_LAW_DIGRAPH,Standard_30,1,10.32392,1.18991,596,0.09054173865599709,0.005920211390358032,0.35442492365837097,0.7978395061728395,0.015952415764331818,0.006721533369272947,0.006469603627920151,0.990206778049469,Standard,1.0,0.5,648
POWER_LAW_DIGRAPH,Standard_30,2,10.32392,1.18991,596,0.09054173865599709,0.005920211390358032,0.35442492365837097,0.7978395061728395,0.015952415764331818,0.006721533369272947,0.006469603627920151,0.990206778049469,Standard,1.0,0.5,648
POWER_LAW_DIGRAPH,Standard_31,0,10.32576,1.49887,1203,0.112587455771308,0.006627852088124442,0.34702205657958984,0.6358024691358025,0.019207820296287537,0.006978420540690422,0.008586819283664227,0.9907539486885071,Standard,1.0,0.5,1296
POWER_LAW_DIGRAPH,Standard_31,1,10.32576,1.49887,1203,0.112587455771308,0.006627852088124442,0.34702205657958984,0.6358024691358025,0.019207820296287537,0.006978420540690422,0.008586819283664227,0.9907539486885071,Standard,1.0,0.5,1296
POWER_LAW_DIGRAPH,Standard_31,2,10.32576,1.49887,1203,0.112587455771308,0.006627852088124442,0.34702205657958984,0.6358024691358025,0.019207820296287537,0.006978420540690422,0.008586819283664227,0.9907539486885071,Standard,1.0,0.5,1296
POWER_LAW_DIGRAPH,Standard_32,0,10.3067,1.53481,2469,0.11734787239551756,0.005590218250723256,0.3760736882686615,0.42862654320987653,0.013861173763871193,0.0038876114413142204,0.004784772638231516,0.9913180470466614,Standard,1.0,0.5,2592
POWER_LAW_DIGRAPH,Standard_32,1,10.3067,1.53481,2469,0.11734787239551756,0.005590218250723256,0.3760736882686615,0.42862654320987653,0.013861173763871193,0.0038876114413142204,0.004784772638231516,0.9913180470466614,Standard,1.0,0.5,2592
POWER_LAW_DIGRAPH,Standard_32,2,10.3067,1.53481,2469,0.11734787239551756,0.005590218250723256,0.3760736882686615,0.42862654320987653,0.013861173763871193,0.0038876114413142204,0.004784772638231516,0.9913180470466614,Standard,1.0,0.5,2592
POWER_LAW_DIGRAPH,Standard_33,0,10.3292,37.81531,0,0.6849888618235056,-0.31458618824721674,0.36587703227996826,0.7222222222222222,0.057304080575704575,0.10804679244756699,0.04393734410405159,0.9351628422737122,Standard,1.0,1.0,648
POWER_LAW_DIGRAPH,Standard_33,1,10.3292,37.81531,0,0.6849888618235056,-0.31458618824721674,0.36587703227996826,0.7222222222222222,0.057304080575704575,0.10804679244756699,0.04393734410405159,0.9351628422737122,Standard,1.0,1.0,648
POWER_LAW_DIGRAPH,Standard_33,2,10.3292,37.81531,0,0.6849888618235056,-0.31458618824721674,0.36587703227996826,0.7222222222222222,0.057304080575704575,0.10804679244756699,0.04393734410405159,0.9351628422737122,Standard,1.0,1.0,648
POWER_LAW_DIGRAPH,Standard_34,0,10.32645,49.20992,8,0.8231111557620292,-0.6808954656672406,0.40089482069015503,0.6473765432098766,0.1291503757238388,0.10739507526159286,0.07785074412822723,0.9557649493217468,Standard,1.0,1.0,1296
POWER_LAW_DIGRAPH,Standard_34,1,10.32645,49.20992,8,0.8231111557620292,-0.6808954656672406,0.40089482069015503,0.6473765432098766,0.1291503757238388,0.10739507526159286,0.07785074412822723,0.9557649493217468,Standard,1.0,1.0,1296
POWER_LAW_DIGRAPH,Standard_34,2,10.32645,49.20992,8,0.8231111557620292,-0.6808954656672406,0.40089482069015503,0.6473765432098766,0.1291503757238388,0.10739507526159286,0.07785074412822723,0.9557649493217468,Standard,1.0,1.0,1296
POWER_LAW_DIGRAPH,Standard_35,0,10.28563,51.31042,144,0.8471344463461674,-0.7522762629935882,0.4663473963737488,0.4351851851851852,0.17190459370613098,0.0656842365860939,0.05481124296784401,0.9729391932487488,Standard,1.0,1.0,2592
POWER_LAW_DIGRAPH,Standard_35,1,10.28563,51.31042,144,0.8471344463461674,-0.7522762629935882,0.4663473963737488,0.4351851851851852,0.17190459370613098,0.0656842365860939,0.05481124296784401,0.9729391932487488,Standard,1.0,1.0,2592
POWER_LAW_DIGRAPH,Standard_35,2,10.28563,51.31042,144,0.8471344463461674,-0.7522762629935882,0.4663473963737488,0.4351851851851852,0.17190459370613098,0.0656842365860939,0.05481124296784401,0.9729391932487488,Standard,1.0,1.0,2592
POWER_LAW_DIGRAPH,Standard_36,0,10.34221,1.01748,574,0.07866936464280301,0.006674844082781628,0.3685232400894165,0.7885802469135802,0.04185463860630989,0.009057474322617054,0.012177724391222,0.9901426434516907,Standard,1.5,0.5,648
POWER_LAW_DIGRAPH,Standard_36,1,10.34221,1.01748,574,0.07866936464280301,0.006674844082781628,0.3685232400894165,0.7885802469135802,0.04185463860630989,0.009057474322617054,0.012177724391222,0.9901426434516907,Standard,1.5,0.5,648
POWER_LAW_DIGRAPH,Standard_36,2,10.34221,1.01748,574,0.07866936464280301,0.006674844082781628,0.3685232400894165,0.7885802469135802,0.04185463860630989,0.009057474322617054,0.012177724391222,0.9901426434516907,Standard,1.5,0.5,648
POWER_LAW_DIGRAPH,Standard_37,0,10.28264,1.29262,1167,0.10051021547794044,0.005002961614857027,0.35758084058761597,0.6296296296296297,0.04467330127954483,0.00764641584828496,0.010973700322210789,0.9908837080001831,Standard,1.5,0.5,1296
POWER_LAW_DIGRAPH,Standard_37,1,10.28264,1.29262,1167,0.10051021547794044,0.005002961614857027,0.35758084058761597,0.6296296296296297,0.04467330127954483,0.00764641584828496,0.010973700322210789,0.9908837080001831,Standard,1.5,0.5,1296
POWER_LAW_DIGRAPH,Standard_37,2,10.28264,1.29262,1167,0.10051021547794044,0.005002961614857027,0.35758084058761597,0.6296296296296297,0.04467330127954483,0.00764641584828496,0.010973700322210789,0.9908837080001831,Standard,1.5,0.5,1296
POWER_LAW_DIGRAPH,Standard_38,0,10.31869,1.44043,2421,0.11341591700979947,-0.0007538245123859255,0.3844541013240814,0.43287037037037035,0.02650054544210434,0.0037634053733199835,0.005120050627738237,0.9911914467811584,Standard,1.5,0.5,2592
POWER_LAW_DIGRAPH,Standard_38,1,10.31869,1.44043,2421,0.11341591700979947,-0.0007538245123859255,0.3844541013240814,0.43287037037037035,0.02650054544210434,0.0037634053733199835,0.005120050627738237,0.9911914467811584,Standard,1.5,0.5,2592
POWER_LAW_DIGRAPH,Standard_38,2,10.31869,1.44043,2421,0.11341591700979947,-0.0007538245123859255,0.3844541013240814,0.43287037037037035,0.02650054544210434,0.0037634053733199835,0.005120050627738237,0.9911914467811584,Standard,1.5,0.5,2592
POWER_LAW_DIGRAPH,Standard_39,0,10.31378,27.97342,54,0.5987437410925466,-0.28237827366643176,0.4000034034252167,0.7623456790123457,0.13588197529315948,0.09642419964075089,0.06309329718351364,0.9500747323036194,Standard,1.5,1.0,648
POWER_LAW_DIGRAPH,Standard_39,1,10.31378,27.97342,54,0.5987437410925466,-0.28237827366643176,0.4000034034252167,0.7623456790123457,0.13588197529315948,0.09642419964075089,0.06309329718351364,0.9500747323036194,Standard,1.5,1.0,648
POWER_LAW_DIGRAPH,Standard_39,2,10.31378,27.97342,54,0.5987437410925466,-0.28237827366643176,0.4000034034252167,0.7623456790123457,0.13588197529315948,0.09642419964075089,0.06309329718351364,0.9500747323036194,Standard,1.5,1.0,648
POWER_LAW_DIGRAPH,Standard_4,0,10.32075,242.604,447,2.7276737947672305,-3.511788209163913,0.38850265741348267,0.6844135802469136,0.03467681258916855,0.3661990165710449,0.018522748723626137,0.8108882904052734,Standard,0.05,1.0,1296
POWER_LAW_DIGRAPH,Standard_4,1,10.32075,242.604,447,2.7276737947672305,-3.511788209163913,0.38850265741348267,0.6844135802469136,0.03467681258916855,0.3661990165710449,0.018522748723626137,0.8108882904052734,Standard,0.05,1.0,1296
POWER_LAW_DIGRAPH,Standard_4,2,10.32075,242.604,447,2.7276737947672305,-3.511788209163913,0.38850265741348267,0.6844135802469136,0.03467681258916855,0.3661990165710449,0.018522748723626137,0.8108882904052734,Standard,0.05,1.0,1296
POWER_LAW_DIGRAPH,Standard_40,0,10.31634,36.38432,208,0.7320474255529844,-0.6041851948115744,0.45121756196022034,0.654320987654321,0.2391715794801712,0.10035266727209091,0.09770308434963226,0.9651862382888794,Standard,1.5,1.0,1296
POWER_LAW_DIGRAPH,Standard_40,1,10.31634,36.38432,208,0.7320474255529844,-0.6041851948115744,0.45121756196022034,0.654320987654321,0.2391715794801712,0.10035266727209091,0.09770308434963226,0.9651862382888794,Standard,1.5,1.0,1296
POWER_LAW_DIGRAPH,Standard_40,2,10.31634,36.38432,208,0.7320474255529844,-0.6041851948115744,0.45121756196022034,0.654320987654321,0.2391715794801712,0.10035266727209091,0.09770308434963226,0.9651862382888794,Standard,1.5,1.0,1296
POWER_LAW_DIGRAPH,Standard_41,0,10.33313,39.34976,708,0.7748788667929293,-0.7001323731355837,0.5641965270042419,0.4479166666666667,0.2530258297920227,0.07171110808849335,0.07887276262044907,0.9775748252868652,Standard,1.5,1.0,2592
POWER_LAW_DIGRAPH,Standard_41,1,10.33313,39.34976,708,0.7748788667929293,-0.7001323731355837,0.5641965270042419,0.4479166666666667,0.2530258297920227,0.07171110808849335,0.07887276262044907,0.9775748252868652,Standard,1.5,1.0,2592
POWER_LAW_DIGRAPH,Standard_41,2,10.33313,39.34976,708,0.7748788667929293,-0.7001323731355837,0.5641965270042419,0.4479166666666667,0.2530258297920227,0.07171110808849335,0.07887276262044907,0.9775748252868652,Standard,1.5,1.0,2592
POWER_LAW_DIGRAPH,Standard_42,0,10.2997,0.35488,523,0.028547096618609175,0.010652460952189746,0.3989267349243164,0.7808641975308642,0.11127495765686035,0.010602391324937344,0.017533276230096817,0.991136908531189,Standard,2.0,0.5,648
POWER_LAW_DIGRAPH,Standard_42,1,10.2997,0.35488,523,0.028547096618609175,0.010652460952189746,0.3989267349243164,0.7808641975308642,0.11127495765686035,0.010602391324937344,0.017533276230096817,0.991136908531189,Standard,2.0,0.5,648
POWER_LAW_DIGRAPH,Standard_42,2,10.2997,0.35488,523,0.028547096618609175,0.010652460952189746,0.3989267349243164,0.7808641975308642,0.11127495765686035,0.010602391324937344,0.017533276230096817,0.991136908531189,Standard,2.0,0.5,648
POWER_LAW_DIGRAPH,Standard_43,0,10.32436,0.504,1139,0.040581496464835075,0.011224392262851213,0.3659805655479431,0.621141975308642,0.06391824036836624,0.005795208737254143,0.00939928088337183,0.9913269877433777,Standard,2.0,0.5,1296
POWER_LAW_DIGRAPH,Standard_43,1,10.32436,0.504,1139,0.040581496464835075,0.011224392262851213,0.3659805655479431,0.621141975308642,0.06391824036836624,0.005795208737254143,0.00939928088337183,0.9913269877433777,Standard,2.0,0.5,1296
POWER_LAW_DIGRAPH,Standard_43,2,10.32436,0.504,1139,0.040581496464835075,0.011224392262851213,0.3659805655479431,0.621141975308642,0.06391824036836624,0.005795208737254143,0.00939928088337183,0.9913269877433777,Standard,2.0,0.5,1296
POWER_LAW_DIGRAPH,Standard_44,0,10.292,0.61027,2358,0.04897492896436002,0.01275092128661992,0.40047088265419006,0.43364197530864196,0.04227859154343605,0.0033392957411706448,0.005455024540424347,0.9913906455039978,Standard,2.0,0.5,2592
POWER_LAW_DIGRAPH,Standard_44,1,10.292,0.61027,2358,0.04897492896436002,0.01275092128661992,0.40047088265419006,0.43364197530864196,0.04227859154343605,0.0033392957411706448,0.005455024540424347,0.9913906455039978,Standard,2.0,0.5,2592
POWER_LAW_DIGRAPH,Standard_44,2,10.292,0.61027,2358,0.04897492896436002,0.01275092128661992,0.40047088265419006,0.43364197530864196,0.04227859154343605,0.0033392957411706448,0.005455024540424347,0.9913906455039978,Standard,2.0,0.5,2592
POWER_LAW_DIGRAPH,Standard_45,0,10.32765,1.87627,479,0.08496524561751077,0.03401471657897981,0.40192362666130066,0.7870370370370371,0.11000016331672668,0.027343790978193283,0.03853966295719147,0.9891024231910706,Standard,2.0,1.0,648
POWER_LAW_DIGRAPH,Standard_45,1,10.32765,1.87627,479,0.08496524561751077,0.03401471657897981,0.40192362666130066,0.7870370370370371,0.11000016331672668,0.027343790978193283,0.03853966295719147,0.9891024231910706,Standard,2.0,1.0,648
POWER_LAW_DIGRAPH,Standard_45,2,10.32765,1.87627,479,0.08496524561751077,0.03401471657897981,0.40192362666130066,0.7870370370370371,0.11000016331672668,0.027343790978193283,0.03853966295719147,0.9891024231910706,Standard,2.0,1.0,648
POWER_LAW_DIGRAPH,Standard_46,0,10.31744,5.63957,962,0.19876660978018204,0.04302489950012012,0.40067338943481445,0.6195987654320988,0.1228286400437355,0.030410654842853546,0.040051642805337906,0.9875665307044983,Standard,2.0,1.0,1296
POWER_LAW_DIGRAPH,Standard_46,1,10.31744,5.63957,962,0.19876660978018204,0.04302489950012012,0.40067338943481445,0.6195987654320988,0.1228286400437355,0.030410654842853546,0.040051642805337906,0.9875665307044983,Standard,2.0,1.0,1296
POWER_LAW_DIGRAPH,Standard_46,2,10.31744,5.63957,962,0.19876660978018204,0.04302489950012012,0.40067338943481445,0.6195987654320988,0.1228286400437355,0.030410654842853546,0.040051642805337906,0.9875665307044983,Standard,2.0,1.0,1296
POWER_LAW_DIGRAPH,Standard_47,0,10.3036,8.99776,1988,0.28186054518200093,0.042880969206163466,0.48837971687316895,0.43209876543209874,0.12919384241104126,0.027733953669667244,0.03894539177417755,0.9883997440338135,Standard,2.0,1.0,2592
POWER_LAW_DIGRAPH,Standard_47,1,10.3036,8.99776,1988,0.28186054518200093,0.042880969206163466,0.48837971687316895,0.43209876543209874,0.12919384241104126,0.027733953669667244,0.03894539177417755,0.9883997440338135,Standard,2.0,1.0,2592
POWER_LAW_DIGRAPH,Standard_47,2,10.3036,8.99776,1988,0.28186054518200093,0.042880969206163466,0.48837971687316895,0.43209876543209874,0.12919384241104126,0.027733953669667244,0.03894539177417755,0.9883997440338135,Standard,2.0,1.0,2592
POWER_LAW_DIGRAPH,Standard_48,0,10.35203,0.00961,578,0.003854617673660218,0.0009996782718402208,0.3935934901237488,0.7561728395061729,0.07316809147596359,0.0021682074293494225,0.004081920720636845,0.9912550449371338,Standard,3.0,0.5,648
POWER_LAW_DIGRAPH,Standard_48,1,10.35203,0.00961,578,0.003854617673660218,0.0009996782718402208,0.3935934901237488,0.7561728395061729,0.07316809147596359,0.0021682074293494225,0.004081920720636845,0.9912550449371338,Standard,3.0,0.5,648
POWER_LAW_DIGRAPH,Standard_48,2,10.35203,0.00961,578,0.003854617673660218,0.0009996782718402208,0.3935934901237488,0.7561728395061729,0.07316809147596359,0.0021682074293494225,0.004081920720636845,0.9912550449371338,Standard,3.0,0.5,648
POWER_LAW_DIGRAPH,Standard_49,0,10.30121,0.01573,1156,0.0032256996865177175,0.0012939421144899654,0.37188979983329773,0.6180555555555556,0.05590148642659187,0.001315960311330855,0.002477891743183136,0.9913104772567749,Standard,3.0,0.5,1296
POWER_LAW_DIGRAPH,Standard_49,1,10.30121,0.01573,1156,0.0032256996865177175,0.0012939421144899654,0.37188979983329773,0.6180555555555556,0.05590148642659187,0.001315960311330855,0.002477891743183136,0.9913104772567749,Standard,3.0,0.5,1296
POWER_LAW_DIGRAPH,Standard_49,2,10.30121,0.01573,1156,0.0032256996865177175,0.0012939421144899654,0.37188979983329773,0.6180555555555556,0.05590148642659187,0.001315960311330855,0.002477891743183136,0.9913104772567749,Standard,3.0,0.5,1296
POWER_LAW_DIGRAPH,Standard_5,0,10.29605,251.27132,1603,2.953558532397354,-4.657476520428325,0.4269447326660156,0.4402006172839506,0.02791384980082512,0.19734777510166168,0.010424007661640644,0.8984233736991882,Standard,0.05,1.0,2592
POWER_LAW_DIGRAPH,Standard_5,1,10.29605,251.27132,1603,2.953558532397354,-4.657476520428325,0.4269447326660156,0.4402006172839506,0.02791384980082512,0.19734777510166168,0.010424007661640644,0.8984233736991882,Standard,0.05,1.0,2592
POWER_LAW_DIGRAPH,Standard_5,2,10.29605,251.27132,1603,2.953558532397354,-4.657476520428325,0.4269447326660156,0.4402006172839506,0.02791384980082512,0.19734777510166168,0.010424007661640644,0.8984233736991882,Standard,0.05,1.0,2592
POWER_LAW_DIGRAPH,Standard_50,0,10.32482,0.02402,2387,0.003920201747190442,0.0016794545914480263,0.4065122604370117,0.4236111111111111,0.03647838532924652,0.0008769597625359893,0.0016548215644434094,0.991570770740509,Standard,3.0,0.5,2592
POWER_LAW_DIGRAPH,Standard_50,1,10.32482,0.02402,2387,0.003920201747190442,0.0016794545914480263,0.4065122604370117,0.4236111111111111,0.03647838532924652,0.0008769597625359893,0.0016548215644434094,0.991570770740509,Standard,3.0,0.5,2592
POWER_LAW_DIGRAPH,Standard_50,2,10.32482,0.02402,2387,0.003920201747190442,0.0016794545914480263,0.4065122604370117,0.4236111111111111,0.03647838532924652,0.0008769597625359893,0.0016548215644434094,0.991570770740509,Standard,3.0,0.5,2592
POWER_LAW_DIGRAPH,Standard_51,0,10.30215,0.00133,634,0.0023750751080514254,-0.0002706985331182299,0.3659760355949402,0.779320987654321,0.007054673507809639,0.00028157338965684175,0.000529540004208684,0.9913746118545532,Standard,3.0,1.0,648
POWER_LAW_DIGRAPH,Standard_51,1,10.30215,0.00133,634,0.0023750751080514254,-0.0002706985331182299,0.3659760355949402,0.779320987654321,0.007054673507809639,0.00028157338965684175,0.000529540004208684,0.9913746118545532,Standard,3.0,1.0,648
POWER_LAW_DIGRAPH,Standard_51,2,10.30215,0.00133,634,0.0023750751080514254,-0.0002706985331182299,0.3659760355949402,0.779320987654321,0.007054673507809639,0.00028157338965684175,0.000529540004208684,0.9913746118545532,Standard,3.0,1.0,648
POWER_LAW_DIGRAPH,Standard_52,0,10.30499,0.00144,1285,0.002949992683598761,-0.0002044584450031639,0.35700130462646484,0.6087962962962963,0.005144033115357161,0.00011114469089079648,0.00021598060266114771,0.9913650155067444,Standard,3.0,1.0,1296
POWER_LAW_DIGRAPH,Standard_52,1,10.30499,0.00144,1285,0.002949992683598761,-0.0002044584450031639,0.35700130462646484,0.6087962962962963,0.005144033115357161,0.00011114469089079648,0.00021598060266114771,0.9913650155067444,Standard,3.0,1.0,1296
POWER_LAW_DIGRAPH,Standard_52,2,10.30499,0.00144,1285,0.002949992683598761,-0.0002044584450031639,0.35700130462646484,0.6087962962962963,0.005144033115357161,0.00011114469089079648,0.00021598060266114771,0.9913650155067444,Standard,3.0,1.0,1296
POWER_LAW_DIGRAPH,Standard_53,0,10.33447,0.00483,2551,0.0029988949971107514,0.00025983280090302596,0.39211782813072205,0.42746913580246915,0.0076214224100112915,0.00022662911214865744,0.00042499523260630667,0.99128657579422,Standard,3.0,1.0,2592
POWER_LAW_DIGRAPH,Standard_53,1,10.33447,0.00483,2551,0.0029988949971107514,0.00025983280090302596,0.39211782813072205,0.42746913580246915,0.0076214224100112915,0.00022662911214865744,0.00042499523260630667,0.99128657579422,Standard,3.0,1.0,2592
POWER_LAW_DIGRAPH,Standard_53,2,10.33447,0.00483,2551,0.0029988949971107514,0.00025983280090302596,0.39211782813072205,0.42746913580246915,0.0076214224100112915,0.00022662911214865744,0.00042499523260630667,0.99128657579422,Standard,3.0,1.0,2592
POWER_LAW_DIGRAPH,Standard_54,0,10.2819,0.00089,627,0.002658634784276944,-0.00036945908730845467,0.3730645477771759,0.7700617283950617,0.004102366045117378,1.5606363376718946e-05,3.0639846954727545e-05,0.9912889003753662,Standard,5.0,0.5,648
POWER_LAW_DIGRAPH,Standard_54,1,10.2819,0.00089,627,0.002658634784276944,-0.00036945908730845467,0.3730645477771759,0.7700617283950617,0.004102366045117378,1.5606363376718946e-05,3.0639846954727545e-05,0.9912889003753662,Standard,5.0,0.5,648
POWER_LAW_DIGRAPH,Standard_54,2,10.2819,0.00089,627,0.002658634784276944,-0.00036945908730845467,0.3730645477771759,0.7700617283950617,0.004102366045117378,1.5606363376718946e-05,3.0639846954727545e-05,0.9912889003753662,Standard,5.0,0.5,648
POWER_LAW_DIGRAPH,Standard_55,0,10.31073,0.00073,1270,0.002707320041261687,-0.000425039042343478,0.35737892985343933,0.621141975308642,0.0,0.0,0.0,0.9914630055427551,Standard,5.0,0.5,1296
POWER_LAW_DIGRAPH,Standard_55,1,10.31073,0.00073,1270,0.002707320041261687,-0.000425039042343478,0.35737892985343933,0.621141975308642,0.0,0.0,0.0,0.9914630055427551,Standard,5.0,0.5,1296
POWER_LAW_DIGRAPH,Standard_55,2,10.31073,0.00073,1270,0.002707320041261687,-0.000425039042343478,0.35737892985343933,0.621141975308642,0.0,0.0,0.0,0.9914630055427551,Standard,5.0,0.5,1296
POWER_LAW_DIGRAPH,Standard_56,0,10.33497,0.00284,2513,0.004665060408532591,-0.00039346201021528415,0.3892572522163391,0.42824074074074076,0.002537416759878397,9.21422088140389e-06,1.7350317648379132e-05,0.9915766716003418,Standard,5.0,0.5,2592
POWER_LAW_DIGRAPH,Standard_56,1,10.33497,0.00284,2513,0.004665060408532591,-0.00039346201021528415,0.3892572522163391,0.42824074074074076,0.002537416759878397,9.21422088140389e-06,1.7350317648379132e-05,0.9915766716003418,Standard,5.0,0.5,2592
POWER_LAW_DIGRAPH,Standard_56,2,10.33497,0.00284,2513,0.004665060408532591,-0.00039346201021528415,0.3892572522163391,0.42824074074074076,0.002537416759878397,9.21422088140389e-06,1.7350317648379132e-05,0.9915766716003418,Standard,5.0,0.5,2592
POWER_LAW_DIGRAPH,Standard_57,0,10.31452,0.00015,641,0.0026888161090173105,-0.00043616212906671947,0.38035526871681213,0.7962962962962963,0.0,0.0,0.0,0.9912697076797485,Standard,5.0,1.0,648
POWER_LAW_DIGRAPH,Standard_57,1,10.31452,0.00015,641,0.0026888161090173105,-0.00043616212906671947,0.38035526871681213,0.7962962962962963,0.0,0.0,0.0,0.9912697076797485,Standard,5.0,1.0,648
POWER_LAW_DIGRAPH,Standard_57,2,10.31452,0.00015,641,0.0026888161090173105,-0.00043616212906671947,0.38035526871681213,0.7962962962962963,0.0,0.0,0.0,0.9912697076797485,Standard,5.0,1.0,648
POWER_LAW_DIGRAPH,Standard_58,0,10.30984,0.00062,1283,0.0029892643268647663,-0.00043602066719095056,0.3664778172969818,0.6203703703703703,0.0001286008337046951,1.3442595445667394e-06,2.6607067411532626e-06,0.9912365674972534,Standard,5.0,1.0,1296
POWER_LAW_DIGRAPH,Standard_58,1,10.30984,0.00062,1283,0.0029892643268647663,-0.00043602066719095056,0.3664778172969818,0.6203703703703703,0.0001286008337046951,1.3442595445667394e-06,2.6607067411532626e-06,0.9912365674972534,Standard,5.0,1.0,1296
POWER_LAW_DIGRAPH,Standard_58,2,10.30984,0.00062,1283,0.0029892643268647663,-0.00043602066719095056,0.3664778172969818,0.6203703703703703,0.0001286008337046951,1.3442595445667394e-06,2.6607067411532626e-06,0.9912365674972534,Standard,5.0,1.0,1296
POWER_LAW_DIGRAPH,Standard_59,0,10.32826,0.00054,2577,0.0024903374295323953,-0.0004027704889248973,0.40155765414237976,0.41512345679012347,0.00026455026818439364,1.98087286662485e-06,3.920086328434991e-06,0.9912885427474976,Standard,5.0,1.0,2592
POWER_LAW_DIGRAPH,Standard_59,1,10.32826,0.00054,2577,0.0024903374295323953,-0.0004027704889248973,0.40155765414237976,0.41512345679012347,0.00026455026818439364,1.98087286662485e-06,3.920086328434991e-06,0.9912885427474976,Standard,5.0,1.0,2592
POWER_LAW_DIGRAPH,Standard_59,2,10.32826,0.00054,2577,0.0024903374295323953,-0.0004027704889248973,0.40155765414237976,0.41512345679012347,0.00026455026818439364,1.98087286662485e-06,3.920086328434991e-06,0.9912885427474976,Standard,5.0,1.0,2592
POWER_LAW_DIGRAPH,Standard_6,0,10.3141,4.87803,618,0.23840376158692975,0.07617590327222046,0.3486383855342865,0.7808641975308642,0.00038858462357893586,0.012112489901483059,0.0005236923461779952,0.9846282601356506,Standard,0.1,0.5,648
POWER_LAW_DIGRAPH,Standard_6,1,10.3141,4.87803,618,0.23840376158692975,0.07617590327222046,0.3486383855342865,0.7808641975308642,0.00038858462357893586,0.012112489901483059,0.0005236923461779952,0.9846282601356506,Standard,0.1,0.5,648
POWER_LAW_DIGRAPH,Standard_6,2,10.3141,4.87803,618,0.23840376158692975,0.07617590327222046,0.3486383855342865,0.7808641975308642,0.00038858462357893586,0.012112489901483059,0.0005236923461779952,0.9846282601356506,Standard,0.1,0.5,648
POWER_LAW_DIGRAPH,Standard_7,0,10.33239,5.91442,1246,0.26640354719065656,0.09278856277562908,0.3375682830810547,0.6203703703703703,0.0004164055862929672,0.007697264198213816,0.00041243701707571745,0.9873735308647156,Standard,0.1,0.5,1296
POWER_LAW_DIGRAPH,Standard_7,1,10.33239,5.91442,1246,0.26640354719065656,0.09278856277562908,0.3375682830810547,0.6203703703703703,0.0004164055862929672,0.007697264198213816,0.00041243701707571745,0.9873735308647156,Standard,0.1,0.5,1296
POWER_LAW_DIGRAPH,Standard_7,2,10.33239,5.91442,1246,0.26640354719065656,0.09278856277562908,0.3375682830810547,0.6203703703703703,0.0004164055862929672,0.007697264198213816,0.00041243701707571745,0.9873735308647156,Standard,0.1,0.5,1296
POWER_LAW_DIGRAPH,Standard_8,0,10.28821,6.22057,2524,0.27963958664722516,0.0951295042642093,0.36193010210990906,0.43364197530864196,0.00026976974913850427,0.0032655433751642704,0.0002030358009506017,0.9895736575126648,Standard,0.1,0.5,2592
POWER_LAW_DIGRAPH,Standard_8,1,10.28821,6.22057,2524,0.27963958664722516,0.0951295042642093,0.36193010210990906,0.43364197530864196,0.00026976974913850427,0.0032655433751642704,0.0002030358009506017,0.9895736575126648,Standard,0.1,0.5,2592
POWER_LAW_DIGRAPH,Standard_8,2,10.28821,6.22057,2524,0.27963958664722516,0.0951295042642093,0.36193010210990906,0.43364197530864196,0.00026976974913850427,0.0032655433751642704,0.0002030358009506017,0.9895736575126648,Standard,0.1,0.5,2592
POWER_LAW_DIGRAPH,Standard_9,0,10.28865,193.00592,0,2.4868509989195413,-2.5436819104724444,0.43449440598487854,0.9228395061728395,0.017543133348226547,0.6503008008003235,0.03397223725914955,0.7045570611953735,Standard,0.1,1.0,648
POWER_LAW_DIGRAPH,Standard_9,1,10.28865,193.00592,0,2.4868509989195413,-2.5436819104724444,0.43449440598487854,0.9228395061728395,0.017543133348226547,0.6503008008003235,0.03397223725914955,0.7045570611953735,Standard,0.1,1.0,648
POWER_LAW_DIGRAPH,Standard_9,2,10.28865,193.00592,0,2.4868509989195413,-2.5436819104724444,0.43449440598487854,0.9228395061728395,0.017543133348226547,0.6503008008003235,0.03397223725914955,0.7045570611953735,Standard,0.1,1.0,648
SIMPLICIAL_COMPLEX,Standard_0,0,76.11155,0.03778,626,0.027621259740083514,-0.00020731254209205296,0.3390945792198181,0.7700617283950617,0.0024434507358819246,7.946751429699361e-05,0.00015345928841270506,0.9412800073623657,Standard,0.05,0.5,648
SIMPLICIAL_COMPLEX,Standard_0,1,76.11155,0.03778,626,0.027621259740083514,-0.00020731254209205296,0.3390945792198181,0.7700617283950617,0.0024434507358819246,7.946751429699361e-05,0.00015345928841270506,0.9412800073623657,Standard,0.05,0.5,648
SIMPLICIAL_COMPLEX,Standard_0,2,76.11155,0.03778,626,0.027621259740083514,-0.00020731254209205296,0.3390945792198181,0.7700617283950617,0.0024434507358819246,7.946751429699361e-05,0.00015345928841270506,0.9412800073623657,Standard,0.05,0.5,648
SIMPLICIAL_COMPLEX,Standard_1,0,76.09899,0.0311,1269,0.028093571580916132,-0.0005656942105305429,0.33201417326927185,0.6450617283950617,0.001118711312301457,2.0428409698070027e-05,3.985982039012015e-05,0.9409132599830627,Standard,0.05,0.5,1296
SIMPLICIAL_COMPLEX,Standard_1,1,76.09899,0.0311,1269,0.028093571580916132,-0.0005656942105305429,0.33201417326927185,0.6450617283950617,0.001118711312301457,2.0428409698070027e-05,3.985982039012015e-05,0.9409132599830627,Standard,0.05,0.5,1296
SIMPLICIAL_COMPLEX,Standard_1,2,76.09899,0.0311,1269,0.028093571580916132,-0.0005656942105305429,0.33201417326927185,0.6450617283950617,0.001118711312301457,2.0428409698070027e-05,3.985982039012015e-05,0.9409132599830627,Standard,0.05,0.5,1296
SIMPLICIAL_COMPLEX,Standard_10,0,75.66034,0.17547,507,0.020595823502579838,0.012710796349102327,0.36287617683410645,0.6658950617283951,0.08334986120462418,0.00031677421065978706,0.0006306641735136509,0.9409474730491638,Standard,0.1,1.0,1296
SIMPLICIAL_COMPLEX,Standard_10,1,75.66034,0.17547,507,0.020595823502579838,0.012710796349102327,0.36287617683410645,0.6658950617283951,0.08334986120462418,0.00031677421065978706,0.0006306641735136509,0.9409474730491638,Standard,0.1,1.0,1296
SIMPLICIAL_COMPLEX,Standard_10,2,75.66034,0.17547,507,0.020595823502579838,0.012710796349102327,0.36287617683410645,0.6658950617283951,0.08334986120462418,0.00031677421065978706,0.0006306641735136509,0.9409474730491638,Standard,0.1,1.0,1296
SIMPLICIAL_COMPLEX,Standard_11,0,75.85285,0.17769,1752,0.020433826867210944,0.013505280255186936,0.38928765058517456,0.439429012345679,0.05062255263328552,0.0001813778653740883,0.0003611867723520845,0.9403159022331238,Standard,0.1,1.0,2592
SIMPLICIAL_COMPLEX,Standard_11,1,75.85285,0.17769,1752,0.020433826867210944,0.013505280255186936,0.38928765058517456,0.439429012345679,0.05062255263328552,0.0001813778653740883,0.0003611867723520845,0.9403159022331238,Standard,0.1,1.0,2592
SIMPLICIAL_COMPLEX,Standard_11,2,75.85285,0.17769,1752,0.020433826867210944,0.013505280255186936,0.38928765058517456,0.439429012345679,0.05062255263328552,0.0001813778653740883,0.0003611867723520845,0.9403159022331238,Standard,0.1,1.0,2592
SIMPLICIAL_COMPLEX,Standard_12,0,75.83903,0.00161,638,0.021152125642229232,-0.002981861199356395,0.3410036563873291,0.7685185185185185,0.0027653714641928673,7.633039786014706e-06,1.5222980437101796e-05,0.9415221810340881,Standard,0.2,0.5,648
SIMPLICIAL_COMPLEX,Standard_12,1,75.83903,0.00161,638,0.021152125642229232,-0.002981861199356395,0.3410036563873291,0.7685185185185185,0.0027653714641928673,7.633039786014706e-06,1.5222980437101796e-05,0.9415221810340881,Standard,0.2,0.5,648
SIMPLICIAL_COMPLEX,Standard_12,2,75.83903,0.00161,638,0.021152125642229232,-0.002981861199356395,0.3410036563873291,0.7685185185185185,0.0027653714641928673,7.633039786014706e-06,1.5222980437101796e-05,0.9415221810340881,Standard,0.2,0.5,648
SIMPLICIAL_COMPLEX,Standard_13,0,75.93378,0.00155,1287,0.02455372563576966,-0.0029222705546423366,0.3316539525985718,0.625,0.0006209182320162654,2.0259215034457156e-06,4.037985036120517e-06,0.9414039850234985,Standard,0.2,0.5,1296
SIMPLICIAL_COMPLEX,Standard_13,1,75.93378,0.00155,1287,0.02455372563576966,-0.0029222705546423366,0.3316539525985718,0.625,0.0006209182320162654,2.0259215034457156e-06,4.037985036120517e-06,0.9414039850234985,Standard,0.2,0.5,1296
SIMPLICIAL_COMPLEX,Standard_13,2,75.93378,0.00155,1287,0.02455372563576966,-0.0029222705546423366,0.3316539525985718,0.625,0.0006209182320162654,2.0259215034457156e-06,4.037985036120517e-06,0.9414039850234985,Standard,0.2,0.5,1296
SIMPLICIAL_COMPLEX,Standard_14,0,75.77977,0.00112,2585,0.022924763015599276,-0.0030338077198917013,0.3552315831184387,0.4347993827160494,6.722316175000742e-05,2.711628894758178e-07,5.392281536842347e-07,0.9420111179351807,Standard,0.2,0.5,2592
SIMPLICIAL_COMPLEX,Standard_14,1,75.77977,0.00112,2585,0.022924763015599276,-0.0030338077198917013,0.3552315831184387,0.4347993827160494,6.722316175000742e-05,2.711628894758178e-07,5.392281536842347e-07,0.9420111179351807,Standard,0.2,0.5,2592
SIMPLICIAL_COMPLEX,Standard_14,2,75.77977,0.00112,2585,0.022924763015599276,-0.0030338077198917013,0.3552315831184387,0.4347993827160494,6.722316175000742e-05,2.711628894758178e-07,5.392281536842347e-07,0.9420111179351807,Standard,0.2,0.5,2592
SIMPLICIAL_COMPLEX,Standard_15,0,75.91575,0.06444,78,0.024806727491043568,0.003016065587358785,0.38732585310935974,0.8518518518518519,0.17256228625774384,0.000344275264069438,0.0006868154159747064,0.9405679702758789,Standard,0.2,1.0,648
SIMPLICIAL_COMPLEX,Standard_15,1,75.91575,0.06444,78,0.024806727491043568,0.003016065587358785,0.38732585310935974,0.8518518518518519,0.17256228625774384,0.000344275264069438,0.0006868154159747064,0.9405679702758789,Standard,0.2,1.0,648
SIMPLICIAL_COMPLEX,Standard_15,2,75.91575,0.06444,78,0.024806727491043568,0.003016065587358785,0.38732585310935974,0.8518518518518519,0.17256228625774384,0.000344275264069438,0.0006868154159747064,0.9405679702758789,Standard,0.2,1.0,648
SIMPLICIAL_COMPLEX,Standard_16,0,75.85225,0.0683,635,0.0266705343600983,0.0033934824164570943,0.3596327602863312,0.6512345679012346,0.1095462366938591,0.00020553224021568894,0.0004101158701814711,0.9408482909202576,Standard,0.2,1.0,1296
SIMPLICIAL_COMPLEX,Standard_16,1,75.85225,0.0683,635,0.0266705343600983,0.0033934824164570943,0.3596327602863312,0.6512345679012346,0.1095462366938591,0.00020553224021568894,0.0004101158701814711,0.9408482909202576,Standard,0.2,1.0,1296
SIMPLICIAL_COMPLEX,Standard_16,2,75.85225,0.0683,635,0.0266705343600983,0.0033934824164570943,0.3596327602863312,0.6512345679012346,0.1095462366938591,0.00020553224021568894,0.0004101158701814711,0.9408482909202576,Standard,0.2,1.0,1296
SIMPLICIAL_COMPLEX,Standard_17,0,76.02792,0.06479,1896,0.02464769267505476,0.003109806801544601,0.3876308798789978,0.4382716049382716,0.058658044785261154,9.64253704296425e-05,0.00019244049326516688,0.9406101703643799,Standard,0.2,1.0,2592
SIMPLICIAL_COMPLEX,Standard_17,1,76.02792,0.06479,1896,0.02464769267505476,0.003109806801544601,0.3876308798789978,0.4382716049382716,0.058658044785261154,9.64253704296425e-05,0.00019244049326516688,0.9406101703643799,Standard,0.2,1.0,2592
SIMPLICIAL_COMPLEX,Standard_17,2,76.02792,0.06479,1896,0.02464769267505476,0.003109806801544601,0.3876308798789978,0.4382716049382716,0.058658044785261154,9.64253704296425e-05,0.00019244049326516688,0.9406101703643799,Standard,0.2,1.0,2592
SIMPLICIAL_COMPLEX,Standard_18,0,75.84414,0.0,648,0.023361817219698766,-0.0029138185829573615,0.33733153343200684,0.7916666666666666,0.0,0.0,0.0,0.9409738183021545,Standard,0.4,0.5,648
SIMPLICIAL_COMPLEX,Standard_18,1,75.84414,0.0,648,0.023361817219698766,-0.0029138185829573615,0.33733153343200684,0.7916666666666666,0.0,0.0,0.0,0.9409738183021545,Standard,0.4,0.5,648
SIMPLICIAL_COMPLEX,Standard_18,2,75.84414,0.0,648,0.023361817219698766,-0.0029138185829573615,0.33733153343200684,0.7916666666666666,0.0,0.0,0.0,0.9409738183021545,Standard,0.4,0.5,648
SIMPLICIAL_COMPLEX,Standard_19,0,76.02478,0.0,1296,0.020575502887123617,-0.0026957074465576714,0.33226290345191956,0.6311728395061729,0.0,0.0,0.0,0.9405626654624939,Standard,0.4,0.5,1296
SIMPLICIAL_COMPLEX,Standard_19,1,76.02478,0.0,1296,0.020575502887123617,-0.0026957074465576714,0.33226290345191956,0.6311728395061729,0.0,0.0,0.0,0.9405626654624939,Standard,0.4,0.5,1296
SIMPLICIAL_COMPLEX,Standard_19,2,76.02478,0.0,1296,0.020575502887123617,-0.0026957074465576714,0.33226290345191956,0.6311728395061729,0.0,0.0,0.0,0.9405626654624939,Standard,0.4,0.5,1296
SIMPLICIAL_COMPLEX,Standard_2,0,75.86325,0.03661,2569,0.026387530703149455,0.0007187245289346222,0.3539981544017792,0.42746913580246915,0.00038192959618754685,9.785147085494827e-06,1.8960045053972863e-05,0.9415445327758789,Standard,0.05,0.5,2592
SIMPLICIAL_COMPLEX,Standard_2,1,75.86325,0.03661,2569,0.026387530703149455,0.0007187245289346222,0.3539981544017792,0.42746913580246915,0.00038192959618754685,9.785147085494827e-06,1.8960045053972863e-05,0.9415445327758789,Standard,0.05,0.5,2592
SIMPLICIAL_COMPLEX,Standard_2,2,75.86325,0.03661,2569,0.026387530703149455,0.0007187245289346222,0.3539981544017792,0.42746913580246915,0.00038192959618754685,9.785147085494827e-06,1.8960045053972863e-05,0.9415445327758789,Standard,0.05,0.5,2592
SIMPLICIAL_COMPLEX,Standard_20,0,76.06992,0.0,2592,0.022509677884421247,-0.0028753901022848805,0.35605892539024353,0.4332561728395062,0.0,0.0,0.0,0.9409402012825012,Standard,0.4,0.5,2592
SIMPLICIAL_COMPLEX,Standard_20,1,76.06992,0.0,2592,0.022509677884421247,-0.0028753901022848805,0.35605892539024353,0.4332561728395062,0.0,0.0,0.0,0.9409402012825012,Standard,0.4,0.5,2592
SIMPLICIAL_COMPLEX,Standard_20,2,76.06992,0.0,2592,0.022509677884421247,-0.0028753901022848805,0.35605892539024353,0.4332561728395062,0.0,0.0,0.0,0.9409402012825012,Standard,0.4,0.5,2592
SIMPLICIAL_COMPLEX,Standard_21,0,75.83162,0.00048,610,0.025580850230144222,-0.003145033751212889,0.36384889483451843,0.7746913580246914,0.020061727613210678,4.824039024242666e-06,9.645162208471447e-06,0.9406986236572266,Standard,0.4,1.0,648
SIMPLICIAL_COMPLEX,Standard_21,1,75.83162,0.00048,610,0.025580850230144222,-0.003145033751212889,0.36384889483451843,0.7746913580246914,0.020061727613210678,4.824039024242666e-06,9.645162208471447e-06,0.9406986236572266,Standard,0.4,1.0,648
SIMPLICIAL_COMPLEX,Standard_21,2,75.83162,0.00048,610,0.025580850230144222,-0.003145033751212889,0.36384889483451843,0.7746913580246914,0.020061727613210678,4.824039024242666e-06,9.645162208471447e-06,0.9406986236572266,Standard,0.4,1.0,648
SIMPLICIAL_COMPLEX,Standard_22,0,75.91952,0.00049,1255,0.027355106237789393,-0.0027974584221088783,0.3516145944595337,0.6188271604938271,0.016075102612376213,3.2189518606173806e-06,6.436469448090065e-06,0.9399670958518982,Standard,0.4,1.0,1296
SIMPLICIAL_COMPLEX,Standard_22,1,75.91952,0.00049,1255,0.027355106237789393,-0.0027974584221088783,0.3516145944595337,0.6188271604938271,0.016075102612376213,3.2189518606173806e-06,6.436469448090065e-06,0.9399670958518982,Standard,0.4,1.0,1296
SIMPLICIAL_COMPLEX,Standard_22,2,75.91952,0.00049,1255,0.027355106237789393,-0.0027974584221088783,0.3516145944595337,0.6188271604938271,0.016075102612376213,3.2189518606173806e-06,6.436469448090065e-06,0.9399670958518982,Standard,0.4,1.0,1296
SIMPLICIAL_COMPLEX,Standard_23,0,75.99107,0.00058,2542,0.02844454641469394,-0.0026427630654626277,0.37740063667297363,0.42399691358024694,0.009837962687015533,1.8035124185189488e-06,3.6062269828107674e-06,0.940364420413971,Standard,0.4,1.0,2592
SIMPLICIAL_COMPLEX,Standard_23,1,75.99107,0.00058,2542,0.02844454641469394,-0.0026427630654626277,0.37740063667297363,0.42399691358024694,0.009837962687015533,1.8035124185189488e-06,3.6062269828107674e-06,0.940364420413971,Standard,0.4,1.0,2592
SIMPLICIAL_COMPLEX,Standard_23,2,75.99107,0.00058,2542,0.02844454641469394,-0.0026427630654626277,0.37740063667297363,0.42399691358024694,0.009837962687015533,1.8035124185189488e-06,3.6062269828107674e-06,0.940364420413971,Standard,0.4,1.0,2592
SIMPLICIAL_COMPLEX,Standard_24,0,75.8213,0.0,648,0.02123819783571793,-0.002984751636110783,0.3395327031612396,0.7654320987654321,0.0,0.0,0.0,0.9411453604698181,Standard,0.6,0.5,648
SIMPLICIAL_COMPLEX,Standard_24,1,75.8213,0.0,648,0.02123819783571793,-0.002984751636110783,0.3395327031612396,0.7654320987654321,0.0,0.0,0.0,0.9411453604698181,Standard,0.6,0.5,648
SIMPLICIAL_COMPLEX,Standard_24,2,75.8213,0.0,648,0.02123819783571793,-0.002984751636110783,0.3395327031612396,0.7654320987654321,0.0,0.0,0.0,0.9411453604698181,Standard,0.6,0.5,648
SIMPLICIAL_COMPLEX,Standard_25,0,76.04532,0.0,1296,0.02363940343418728,-0.0029155864845051838,0.3310961425304413,0.6195987654320988,0.0,0.0,0.0,0.9410585165023804,Standard,0.6,0.5,1296
SIMPLICIAL_COMPLEX,Standard_25,1,76.04532,0.0,1296,0.02363940343418728,-0.0029155864845051838,0.3310961425304413,0.6195987654320988,0.0,0.0,0.0,0.9410585165023804,Standard,0.6,0.5,1296
SIMPLICIAL_COMPLEX,Standard_25,2,76.04532,0.0,1296,0.02363940343418728,-0.0029155864845051838,0.3310961425304413,0.6195987654320988,0.0,0.0,0.0,0.9410585165023804,Standard,0.6,0.5,1296
SIMPLICIAL_COMPLEX,Standard_26,0,76.02867,0.0,2592,0.02123505279590317,-0.002888149917877003,0.3567715585231781,0.4371141975308642,0.0,0.0,0.0,0.9411759376525879,Standard,0.6,0.5,2592
SIMPLICIAL_COMPLEX,Standard_26,1,76.02867,0.0,2592,0.02123505279590317,-0.002888149917877003,0.3567715585231781,0.4371141975308642,0.0,0.0,0.0,0.9411759376525879,Standard,0.6,0.5,2592
SIMPLICIAL_COMPLEX,Standard_26,2,76.02867,0.0,2592,0.02123505279590317,-0.002888149917877003,0.3567715585231781,0.4371141975308642,0.0,0.0,0.0,0.9411759376525879,Standard,0.6,0.5,2592
SIMPLICIAL_COMPLEX,Standard_27,0,75.89804,1e-05,647,0.024171595607463424,-0.003049565503078,0.3448617160320282,0.7361111111111112,0.0,0.0,0.0,0.941308319568634,Standard,0.6,1.0,648
SIMPLICIAL_COMPLEX,Standard_27,1,75.89804,1e-05,647,0.024171595607463424,-0.003049565503078,0.3448617160320282,0.7361111111111112,0.0,0.0,0.0,0.941308319568634,Standard,0.6,1.0,648
SIMPLICIAL_COMPLEX,Standard_27,2,75.89804,1e-05,647,0.024171595607463424,-0.003049565503078,0.3448617160320282,0.7361111111111112,0.0,0.0,0.0,0.941308319568634,Standard,0.6,1.0,648
SIMPLICIAL_COMPLEX,Standard_28,0,75.96467,1e-05,1295,0.023727603469662156,-0.0030146872880045805,0.34218883514404297,0.6072530864197531,0.0,0.0,0.0,0.9399685263633728,Standard,0.6,1.0,1296
SIMPLICIAL_COMPLEX,Standard_28,1,75.96467,1e-05,1295,0.023727603469662156,-0.0030146872880045805,0.34218883514404297,0.6072530864197531,0.0,0.0,0.0,0.9399685263633728,Standard,0.6,1.0,1296
SIMPLICIAL_COMPLEX,Standard_28,2,75.96467,1e-05,1295,0.023727603469662156,-0.0030146872880045805,0.34218883514404297,0.6072530864197531,0.0,0.0,0.0,0.9399685263633728,Standard,0.6,1.0,1296
SIMPLICIAL_COMPLEX,Standard_29,0,75.907,0.0,2592,0.02336256416196209,-0.0034034724301361674,0.3695303499698639,0.41782407407407407,0.0,0.0,0.0,0.941216766834259,Standard,0.6,1.0,2592
SIMPLICIAL_COMPLEX,Standard_29,1,75.907,0.0,2592,0.02336256416196209,-0.0034034724301361674,0.3695303499698639,0.41782407407407407,0.0,0.0,0.0,0.941216766834259,Standard,0.6,1.0,2592
SIMPLICIAL_COMPLEX,Standard_29,2,75.907,0.0,2592,0.02336256416196209,-0.0034034724301361674,0.3695303499698639,0.41782407407407407,0.0,0.0,0.0,0.941216766834259,Standard,0.6,1.0,2592
SIMPLICIAL_COMPLEX,Standard_3,0,75.78298,3.09288,16,0.05387035655275223,0.10051132794152318,0.36143356561660767,0.8209876543209876,0.07826285064220428,0.0044946977868676186,0.007897645235061646,0.936031699180603,Standard,0.05,1.0,648
SIMPLICIAL_COMPLEX,Standard_3,1,75.78298,3.09288,16,0.05387035655275223,0.10051132794152318,0.36143356561660767,0.8209876543209876,0.07826285064220428,0.0044946977868676186,0.007897645235061646,0.936031699180603,Standard,0.05,1.0,648
SIMPLICIAL_COMPLEX,Standard_3,2,75.78298,3.09288,16,0.05387035655275223,0.10051132794152318,0.36143356561660767,0.8209876543209876,0.07826285064220428,0.0044946977868676186,0.007897645235061646,0.936031699180603,Standard,0.05,1.0,648
SIMPLICIAL_COMPLEX,Standard_30,0,76.15094,0.0,648,0.02178520143290989,-0.0028635606603863994,0.3377475440502167,0.7669753086419753,0.0,0.0,0.0,0.9403897523880005,Standard,1.0,0.5,648
SIMPLICIAL_COMPLEX,Standard_30,1,76.15094,0.0,648,0.02178520143290989,-0.0028635606603863994,0.3377475440502167,0.7669753086419753,0.0,0.0,0.0,0.9403897523880005,Standard,1.0,0.5,648
SIMPLICIAL_COMPLEX,Standard_30,2,76.15094,0.0,648,0.02178520143290989,-0.0028635606603863994,0.3377475440502167,0.7669753086419753,0.0,0.0,0.0,0.9403897523880005,Standard,1.0,0.5,648
SIMPLICIAL_COMPLEX,Standard_31,0,75.73551,0.0,1296,0.023537061872525453,-0.0026982585391728264,0.332474946975708,0.6265432098765432,0.0,0.0,0.0,0.9410516023635864,Standard,1.0,0.5,1296
SIMPLICIAL_COMPLEX,Standard_31,1,75.73551,0.0,1296,0.023537061872525453,-0.0026982585391728264,0.332474946975708,0.6265432098765432,0.0,0.0,0.0,0.9410516023635864,Standard,1.0,0.5,1296
SIMPLICIAL_COMPLEX,Standard_31,2,75.73551,0.0,1296,0.023537061872525453,-0.0026982585391728264,0.332474946975708,0.6265432098765432,0.0,0.0,0.0,0.9410516023635864,Standard,1.0,0.5,1296
SIMPLICIAL_COMPLEX,Standard_32,0,75.93958,0.0,2592,0.025607316258039192,-0.0031105030210027973,0.3547757565975189,0.43287037037037035,0.0,0.0,0.0,0.9410985112190247,Standard,1.0,0.5,2592
SIMPLICIAL_COMPLEX,Standard_32,1,75.93958,0.0,2592,0.025607316258039192,-0.0031105030210027973,0.3547757565975189,0.43287037037037035,0.0,0.0,0.0,0.9410985112190247,Standard,1.0,0.5,2592
SIMPLICIAL_COMPLEX,Standard_32,2,75.93958,0.0,2592,0.025607316258039192,-0.0031105030210027973,0.3547757565975189,0.43287037037037035,0.0,0.0,0.0,0.9410985112190247,Standard,1.0,0.5,2592
SIMPLICIAL_COMPLEX,Standard_33,0,75.78745,0.0,648,0.02208197026047244,-0.002768077630012744,0.34720540046691895,0.7098765432098766,0.0,0.0,0.0,0.9405199885368347,Standard,1.0,1.0,648
SIMPLICIAL_COMPLEX,Standard_33,1,75.78745,0.0,648,0.02208197026047244,-0.002768077630012744,0.34720540046691895,0.7098765432098766,0.0,0.0,0.0,0.9405199885368347,Standard,1.0,1.0,648
SIMPLICIAL_COMPLEX,Standard_33,2,75.78745,0.0,648,0.02208197026047244,-0.002768077630012744,0.34720540046691895,0.7098765432098766,0.0,0.0,0.0,0.9405199885368347,Standard,1.0,1.0,648
SIMPLICIAL_COMPLEX,Standard_34,0,75.71714,0.0,1296,0.023629532211652548,-0.0033314213037394236,0.34675928950309753,0.6203703703703703,0.0,0.0,0.0,0.9407967329025269,Standard,1.0,1.0,1296
SIMPLICIAL_COMPLEX,Standard_34,1,75.71714,0.0,1296,0.023629532211652548,-0.0033314213037394236,0.34675928950309753,0.6203703703703703,0.0,0.0,0.0,0.9407967329025269,Standard,1.0,1.0,1296
SIMPLICIAL_COMPLEX,Standard_34,2,75.71714,0.0,1296,0.023629532211652548,-0.0033314213037394236,0.34675928950309753,0.6203703703703703,0.0,0.0,0.0,0.9407967329025269,Standard,1.0,1.0,1296
SIMPLICIAL_COMPLEX,Standard_35,0,75.83593,0.0,2592,0.02056297188604519,-0.002886478442893692,0.3732514977455139,0.4228395061728395,0.0,0.0,0.0,0.9410616159439087,Standard,1.0,1.0,2592
SIMPLICIAL_COMPLEX,Standard_35,1,75.83593,0.0,2592,0.02056297188604519,-0.002886478442893692,0.3732514977455139,0.4228395061728395,0.0,0.0,0.0,0.9410616159439087,Standard,1.0,1.0,2592
SIMPLICIAL_COMPLEX,Standard_35,2,75.83593,0.0,2592,0.02056297188604519,-0.002886478442893692,0.3732514977455139,0.4228395061728395,0.0,0.0,0.0,0.9410616159439087,Standard,1.0,1.0,2592
SIMPLICIAL_COMPLEX,Standard_36,0,76.01047,0.0,648,0.020770763523443498,-0.0029691417751884774,0.3410428762435913,0.7885802469135802,0.0,0.0,0.0,0.9426857233047485,Standard,1.5,0.5,648
SIMPLICIAL_COMPLEX,Standard_36,1,76.01047,0.0,648,0.020770763523443498,-0.0029691417751884774,0.3410428762435913,0.7885802469135802,0.0,0.0,0.0,0.9426857233047485,Standard,1.5,0.5,648
SIMPLICIAL_COMPLEX,Standard_36,2,76.01047,0.0,648,0.020770763523443498,-0.0029691417751884774,0.3410428762435913,0.7885802469135802,0.0,0.0,0.0,0.9426857233047485,Standard,1.5,0.5,648
SIMPLICIAL_COMPLEX,Standard_37,0,75.83986,0.0,1296,0.02198563820565839,-0.0028668842358814395,0.33376944065093994,0.6388888888888888,0.0,0.0,0.0,0.9416648745536804,Standard,1.5,0.5,1296
SIMPLICIAL_COMPLEX,Standard_37,1,75.83986,0.0,1296,0.02198563820565839,-0.0028668842358814395,0.33376944065093994,0.6388888888888888,0.0,0.0,0.0,0.9416648745536804,Standard,1.5,0.5,1296
SIMPLICIAL_COMPLEX,Standard_37,2,75.83986,0.0,1296,0.02198563820565839,-0.0028668842358814395,0.33376944065093994,0.6388888888888888,0.0,0.0,0.0,0.9416648745536804,Standard,1.5,0.5,1296
SIMPLICIAL_COMPLEX,Standard_38,0,75.95632,0.0,2592,0.020390835846928523,-0.0030801575758152566,0.3567553460597992,0.4375,0.0,0.0,0.0,0.9408048391342163,Standard,1.5,0.5,2592
SIMPLICIAL_COMPLEX,Standard_38,1,75.95632,0.0,2592,0.020390835846928523,-0.0030801575758152566,0.3567553460597992,0.4375,0.0,0.0,0.0,0.9408048391342163,Standard,1.5,0.5,2592
SIMPLICIAL_COMPLEX,Standard_38,2,75.95632,0.0,2592,0.020390835846928523,-0.0030801575758152566,0.3567553460597992,0.4375,0.0,0.0,0.0,0.9408048391342163,Standard,1.5,0.5,2592
SIMPLICIAL_COMPLEX,Standard_39,0,75.97289,0.0,648,0.022298946472897287,-0.003030818466499108,0.347206175327301,0.7253086419753086,0.0,0.0,0.0,0.9411783814430237,Standard,1.5,1.0,648
SIMPLICIAL_COMPLEX,Standard_39,1,75.97289,0.0,648,0.022298946472897287,-0.003030818466499108,0.347206175327301,0.7253086419753086,0.0,0.0,0.0,0.9411783814430237,Standard,1.5,1.0,648
SIMPLICIAL_COMPLEX,Standard_39,2,75.97289,0.0,648,0.022298946472897287,-0.003030818466499108,0.347206175327301,0.7253086419753086,0.0,0.0,0.0,0.9411783814430237,Standard,1.5,1.0,648
SIMPLICIAL_COMPLEX,Standard_4,0,75.74844,1.18138,553,0.035015263739041846,0.053955606079276186,0.35408639907836914,0.6550925925925926,0.06155773624777794,0.001039212686009705,0.0019595210906118155,0.9408137202262878,Standard,0.05,1.0,1296
SIMPLICIAL_COMPLEX,Standard_4,1,75.74844,1.18138,553,0.035015263739041846,0.053955606079276186,0.35408639907836914,0.6550925925925926,0.06155773624777794,0.001039212686009705,0.0019595210906118155,0.9408137202262878,Standard,0.05,1.0,1296
SIMPLICIAL_COMPLEX,Standard_4,2,75.74844,1.18138,553,0.035015263739041846,0.053955606079276186,0.35408639907836914,0.6550925925925926,0.06155773624777794,0.001039212686009705,0.0019595210906118155,0.9408137202262878,Standard,0.05,1.0,1296
SIMPLICIAL_COMPLEX,Standard_40,0,75.97026,0.0,1296,0.027103369101671767,-0.0034143854282493447,0.34805217385292053,0.6134259259259259,0.0,0.0,0.0,0.9402366876602173,Standard,1.5,1.0,1296
SIMPLICIAL_COMPLEX,Standard_40,1,75.97026,0.0,1296,0.027103369101671767,-0.0034143854282493447,0.34805217385292053,0.6134259259259259,0.0,0.0,0.0,0.9402366876602173,Standard,1.5,1.0,1296
SIMPLICIAL_COMPLEX,Standard_40,2,75.97026,0.0,1296,0.027103369101671767,-0.0034143854282493447,0.34805217385292053,0.6134259259259259,0.0,0.0,0.0,0.9402366876602173,Standard,1.5,1.0,1296
SIMPLICIAL_COMPLEX,Standard_41,0,76.06495,0.0,2592,0.022453247235508948,-0.0026410877968925384,0.37961700558662415,0.4332561728395062,0.0,0.0,0.0,0.9407670497894287,Standard,1.5,1.0,2592
SIMPLICIAL_COMPLEX,Standard_41,1,76.06495,0.0,2592,0.022453247235508948,-0.0026410877968925384,0.37961700558662415,0.4332561728395062,0.0,0.0,0.0,0.9407670497894287,Standard,1.5,1.0,2592
SIMPLICIAL_COMPLEX,Standard_41,2,76.06495,0.0,2592,0.022453247235508948,-0.0026410877968925384,0.37961700558662415,0.4332561728395062,0.0,0.0,0.0,0.9407670497894287,Standard,1.5,1.0,2592
SIMPLICIAL_COMPLEX,Standard_42,0,75.80622,0.0,648,0.020474195790972524,-0.0029025043451458288,0.3421013355255127,0.7824074074074074,0.0,0.0,0.0,0.9408187866210938,Standard,2.0,0.5,648
SIMPLICIAL_COMPLEX,Standard_42,1,75.80622,0.0,648,0.020474195790972524,-0.0029025043451458288,0.3421013355255127,0.7824074074074074,0.0,0.0,0.0,0.9408187866210938,Standard,2.0,0.5,648
SIMPLICIAL_COMPLEX,Standard_42,2,75.80622,0.0,648,0.020474195790972524,-0.0029025043451458288,0.3421013355255127,0.7824074074074074,0.0,0.0,0.0,0.9408187866210938,Standard,2.0,0.5,648
SIMPLICIAL_COMPLEX,Standard_43,0,75.90625,0.0,1296,0.025089814024201653,-0.0031851037420038697,0.33279523253440857,0.6365740740740741,0.0,0.0,0.0,0.9405044913291931,Standard,2.0,0.5,1296
SIMPLICIAL_COMPLEX,Standard_43,1,75.90625,0.0,1296,0.025089814024201653,-0.0031851037420038697,0.33279523253440857,0.6365740740740741,0.0,0.0,0.0,0.9405044913291931,Standard,2.0,0.5,1296
SIMPLICIAL_COMPLEX,Standard_43,2,75.90625,0.0,1296,0.025089814024201653,-0.0031851037420038697,0.33279523253440857,0.6365740740740741,0.0,0.0,0.0,0.9405044913291931,Standard,2.0,0.5,1296
SIMPLICIAL_COMPLEX,Standard_44,0,76.02304,0.0,2592,0.019852957651273404,-0.00257901761753887,0.355159729719162,0.4263117283950617,0.0,0.0,0.0,0.9415239691734314,Standard,2.0,0.5,2592
SIMPLICIAL_COMPLEX,Standard_44,1,76.02304,0.0,2592,0.019852957651273404,-0.00257901761753887,0.355159729719162,0.4263117283950617,0.0,0.0,0.0,0.9415239691734314,Standard,2.0,0.5,2592
SIMPLICIAL_COMPLEX,Standard_44,2,76.02304,0.0,2592,0.019852957651273404,-0.00257901761753887,0.355159729719162,0.4263117283950617,0.0,0.0,0.0,0.9415239691734314,Standard,2.0,0.5,2592
SIMPLICIAL_COMPLEX,Standard_45,0,75.95124,0.0,648,0.022287668609426332,-0.002933064310620459,0.3442709147930145,0.7916666666666666,0.0,0.0,0.0,0.9412732720375061,Standard,2.0,1.0,648
SIMPLICIAL_COMPLEX,Standard_45,1,75.95124,0.0,648,0.022287668609426332,-0.002933064310620459,0.3442709147930145,0.7916666666666666,0.0,0.0,0.0,0.9412732720375061,Standard,2.0,1.0,648
SIMPLICIAL_COMPLEX,Standard_45,2,75.95124,0.0,648,0.022287668609426332,-0.002933064310620459,0.3442709147930145,0.7916666666666666,0.0,0.0,0.0,0.9412732720375061,Standard,2.0,1.0,648
SIMPLICIAL_COMPLEX,Standard_46,0,75.98002,0.0,1296,0.0244644073816701,-0.0030514562099257514,0.335743248462677,0.6365740740740741,0.0,0.0,0.0,0.9403954148292542,Standard,2.0,1.0,1296
SIMPLICIAL_COMPLEX,Standard_46,1,75.98002,0.0,1296,0.0244644073816701,-0.0030514562099257514,0.335743248462677,0.6365740740740741,0.0,0.0,0.0,0.9403954148292542,Standard,2.0,1.0,1296
SIMPLICIAL_COMPLEX,Standard_46,2,75.98002,0.0,1296,0.0244644073816701,-0.0030514562099257514,0.335743248462677,0.6365740740740741,0.0,0.0,0.0,0.9403954148292542,Standard,2.0,1.0,1296
SIMPLICIAL_COMPLEX,Standard_47,0,75.8239,0.0,2592,0.02109345454130763,-0.002969741115834701,0.3630180358886719,0.4236111111111111,0.0,0.0,0.0,0.941180408000946,Standard,2.0,1.0,2592
SIMPLICIAL_COMPLEX,Standard_47,1,75.8239,0.0,2592,0.02109345454130763,-0.002969741115834701,0.3630180358886719,0.4236111111111111,0.0,0.0,0.0,0.941180408000946,Standard,2.0,1.0,2592
SIMPLICIAL_COMPLEX,Standard_47,2,75.8239,0.0,2592,0.02109345454130763,-0.002969741115834701,0.3630180358886719,0.4236111111111111,0.0,0.0,0.0,0.941180408000946,Standard,2.0,1.0,2592
SIMPLICIAL_COMPLEX,Standard_48,0,75.8764,0.0,648,0.02515042522955009,-0.0026740688640427557,0.33686479926109314,0.8040123456790124,0.0,0.0,0.0,0.9413168430328369,Standard,3.0,0.5,648
SIMPLICIAL_COMPLEX,Standard_48,1,75.8764,0.0,648,0.02515042522955009,-0.0026740688640427557,0.33686479926109314,0.8040123456790124,0.0,0.0,0.0,0.9413168430328369,Standard,3.0,0.5,648
SIMPLICIAL_COMPLEX,Standard_48,2,75.8764,0.0,648,0.02515042522955009,-0.0026740688640427557,0.33686479926109314,0.8040123456790124,0.0,0.0,0.0,0.9413168430328369,Standard,3.0,0.5,648
SIMPLICIAL_COMPLEX,Standard_49,0,75.9617,0.0,1296,0.02079107302518128,-0.0025644191583591436,0.3316207230091095,0.6219135802469136,0.0,0.0,0.0,0.9414286017417908,Standard,3.0,0.5,1296
SIMPLICIAL_COMPLEX,Standard_49,1,75.9617,0.0,1296,0.02079107302518128,-0.0025644191583591436,0.3316207230091095,0.6219135802469136,0.0,0.0,0.0,0.9414286017417908,Standard,3.0,0.5,1296
SIMPLICIAL_COMPLEX,Standard_49,2,75.9617,0.0,1296,0.02079107302518128,-0.0025644191583591436,0.3316207230091095,0.6219135802469136,0.0,0.0,0.0,0.9414286017417908,Standard,3.0,0.5,1296
SIMPLICIAL_COMPLEX,Standard_5,0,76.02979,0.86065,1810,0.03207832211485068,0.044498454263732445,0.37875622510910034,0.43209876543209874,0.03371001407504082,0.0003883821191266179,0.0007496481412090361,0.9406046271324158,Standard,0.05,1.0,2592
SIMPLICIAL_COMPLEX,Standard_5,1,76.02979,0.86065,1810,0.03207832211485068,0.044498454263732445,0.37875622510910034,0.43209876543209874,0.03371001407504082,0.0003883821191266179,0.0007496481412090361,0.9406046271324158,Standard,0.05,1.0,2592
SIMPLICIAL_COMPLEX,Standard_5,2,76.02979,0.86065,1810,0.03207832211485068,0.044498454263732445,0.37875622510910034,0.43209876543209874,0.03371001407504082,0.0003883821191266179,0.0007496481412090361,0.9406046271324158,Standard,0.05,1.0,2592
SIMPLICIAL_COMPLEX,Standard_50,0,75.84838,0.0,2592,0.025259301051798935,-0.00304592866963449,0.3562318682670593,0.4340277777777778,0.0,0.0,0.0,0.9413350224494934,Standard,3.0,0.5,2592
SIMPLICIAL_COMPLEX,Standard_50,1,75.84838,0.0,2592,0.025259301051798935,-0.00304592866963449,0.3562318682670593,0.4340277777777778,0.0,0.0,0.0,0.9413350224494934,Standard,3.0,0.5,2592
SIMPLICIAL_COMPLEX,Standard_50,2,75.84838,0.0,2592,0.025259301051798935,-0.00304592866963449,0.3562318682670593,0.4340277777777778,0.0,0.0,0.0,0.9413350224494934,Standard,3.0,0.5,2592
SIMPLICIAL_COMPLEX,Standard_51,0,75.89766,0.0,648,0.020434185450560832,-0.0025956368229178572,0.3389136791229248,0.7947530864197531,0.0,0.0,0.0,0.9410022497177124,Standard,3.0,1.0,648
SIMPLICIAL_COMPLEX,Standard_51,1,75.89766,0.0,648,0.020434185450560832,-0.0025956368229178572,0.3389136791229248,0.7947530864197531,0.0,0.0,0.0,0.9410022497177124,Standard,3.0,1.0,648
SIMPLICIAL_COMPLEX,Standard_51,2,75.89766,0.0,648,0.020434185450560832,-0.0025956368229178572,0.3389136791229248,0.7947530864197531,0.0,0.0,0.0,0.9410022497177124,Standard,3.0,1.0,648
SIMPLICIAL_COMPLEX,Standard_52,0,75.95045,0.0,1296,0.023052804922328873,-0.0029432571673850827,0.33029457926750183,0.6319444444444444,0.0,0.0,0.0,0.9414241313934326,Standard,3.0,1.0,1296
SIMPLICIAL_COMPLEX,Standard_52,1,75.95045,0.0,1296,0.023052804922328873,-0.0029432571673850827,0.33029457926750183,0.6319444444444444,0.0,0.0,0.0,0.9414241313934326,Standard,3.0,1.0,1296
SIMPLICIAL_COMPLEX,Standard_52,2,75.95045,0.0,1296,0.023052804922328873,-0.0029432571673850827,0.33029457926750183,0.6319444444444444,0.0,0.0,0.0,0.9414241313934326,Standard,3.0,1.0,1296
SIMPLICIAL_COMPLEX,Standard_53,0,76.02391,0.0,2592,0.024028759658106653,-0.0032072032161631903,0.3550276458263397,0.4340277777777778,0.0,0.0,0.0,0.9408299922943115,Standard,3.0,1.0,2592
SIMPLICIAL_COMPLEX,Standard_53,1,76.02391,0.0,2592,0.024028759658106653,-0.0032072032161631903,0.3550276458263397,0.4340277777777778,0.0,0.0,0.0,0.9408299922943115,Standard,3.0,1.0,2592
SIMPLICIAL_COMPLEX,Standard_53,2,76.02391,0.0,2592,0.024028759658106653,-0.0032072032161631903,0.3550276458263397,0.4340277777777778,0.0,0.0,0.0,0.9408299922943115,Standard,3.0,1.0,2592
SIMPLICIAL_COMPLEX,Standard_54,0,75.76308,0.0,648,0.02168722599484463,-0.0028319649351060683,0.3392174243927002,0.7947530864197531,0.0,0.0,0.0,0.9416497349739075,Standard,5.0,0.5,648
SIMPLICIAL_COMPLEX,Standard_54,1,75.76308,0.0,648,0.02168722599484463,-0.0028319649351060683,0.3392174243927002,0.7947530864197531,0.0,0.0,0.0,0.9416497349739075,Standard,5.0,0.5,648
SIMPLICIAL_COMPLEX,Standard_54,2,75.76308,0.0,648,0.02168722599484463,-0.0028319649351060683,0.3392174243927002,0.7947530864197531,0.0,0.0,0.0,0.9416497349739075,Standard,5.0,0.5,648
SIMPLICIAL_COMPLEX,Standard_55,0,75.92979,0.0,1296,0.022527601786210293,-0.0030920779929324294,0.3313513398170471,0.6365740740740741,0.0,0.0,0.0,0.9413559436798096,Standard,5.0,0.5,1296
SIMPLICIAL_COMPLEX,Standard_55,1,75.92979,0.0,1296,0.022527601786210293,-0.0030920779929324294,0.3313513398170471,0.6365740740740741,0.0,0.0,0.0,0.9413559436798096,Standard,5.0,0.5,1296
SIMPLICIAL_COMPLEX,Standard_55,2,75.92979,0.0,1296,0.022527601786210293,-0.0030920779929324294,0.3313513398170471,0.6365740740740741,0.0,0.0,0.0,0.9413559436798096,Standard,5.0,0.5,1296
SIMPLICIAL_COMPLEX,Standard_56,0,75.77631,0.0,2592,0.020275464558712448,-0.002903732406955406,0.3547384738922119,0.42901234567901236,0.0,0.0,0.0,0.9409619569778442,Standard,5.0,0.5,2592
SIMPLICIAL_COMPLEX,Standard_56,1,75.77631,0.0,2592,0.020275464558712448,-0.002903732406955406,0.3547384738922119,0.42901234567901236,0.0,0.0,0.0,0.9409619569778442,Standard,5.0,0.5,2592
SIMPLICIAL_COMPLEX,Standard_56,2,75.77631,0.0,2592,0.020275464558712448,-0.002903732406955406,0.3547384738922119,0.42901234567901236,0.0,0.0,0.0,0.9409619569778442,Standard,5.0,0.5,2592
SIMPLICIAL_COMPLEX,Standard_57,0,75.86193,0.0,648,0.024061978101164318,-0.0028753388492375187,0.3400458097457886,0.7777777777777778,0.0,0.0,0.0,0.9414728283882141,Standard,5.0,1.0,648
SIMPLICIAL_COMPLEX,Standard_57,1,75.86193,0.0,648,0.024061978101164318,-0.0028753388492375187,0.3400458097457886,0.7777777777777778,0.0,0.0,0.0,0.9414728283882141,Standard,5.0,1.0,648
SIMPLICIAL_COMPLEX,Standard_57,2,75.86193,0.0,648,0.024061978101164318,-0.0028753388492375187,0.3400458097457886,0.7777777777777778,0.0,0.0,0.0,0.9414728283882141,Standard,5.0,1.0,648
SIMPLICIAL_COMPLEX,Standard_58,0,75.85556,0.0,1296,0.024654423965279882,-0.00318829445293467,0.3319132924079895,0.6242283950617284,0.0,0.0,0.0,0.9408738613128662,Standard,5.0,1.0,1296
SIMPLICIAL_COMPLEX,Standard_58,1,75.85556,0.0,1296,0.024654423965279882,-0.00318829445293467,0.3319132924079895,0.6242283950617284,0.0,0.0,0.0,0.9408738613128662,Standard,5.0,1.0,1296
SIMPLICIAL_COMPLEX,Standard_58,2,75.85556,0.0,1296,0.024654423965279882,-0.00318829445293467,0.3319132924079895,0.6242283950617284,0.0,0.0,0.0,0.9408738613128662,Standard,5.0,1.0,1296
SIMPLICIAL_COMPLEX,Standard_59,0,75.67179,0.0,2592,0.022850983572746876,-0.003267094220954503,0.3555243909358978,0.4270833333333333,0.0,0.0,0.0,0.9413896799087524,Standard,5.0,1.0,2592
SIMPLICIAL_COMPLEX,Standard_59,1,75.67179,0.0,2592,0.022850983572746876,-0.003267094220954503,0.3555243909358978,0.4270833333333333,0.0,0.0,0.0,0.9413896799087524,Standard,5.0,1.0,2592
SIMPLICIAL_COMPLEX,Standard_59,2,75.67179,0.0,2592,0.022850983572746876,-0.003267094220954503,0.3555243909358978,0.4270833333333333,0.0,0.0,0.0,0.9413896799087524,Standard,5.0,1.0,2592
SIMPLICIAL_COMPLEX,Standard_6,0,75.85474,0.0126,633,0.029291174777576926,-0.0023755600200032756,0.33878806233406067,0.7716049382716049,0.0013838988961651921,2.2051597625249997e-05,4.311600423534401e-05,0.9421180486679077,Standard,0.1,0.5,648
SIMPLICIAL_COMPLEX,Standard_6,1,75.85474,0.0126,633,0.029291174777576926,-0.0023755600200032756,0.33878806233406067,0.7716049382716049,0.0013838988961651921,2.2051597625249997e-05,4.311600423534401e-05,0.9421180486679077,Standard,0.1,0.5,648
SIMPLICIAL_COMPLEX,Standard_6,2,75.85474,0.0126,633,0.029291174777576926,-0.0023755600200032756,0.33878806233406067,0.7716049382716049,0.0013838988961651921,2.2051597625249997e-05,4.311600423534401e-05,0.9421180486679077,Standard,0.1,0.5,648
SIMPLICIAL_COMPLEX,Standard_7,0,75.98919,0.01251,1279,0.0279202111625365,-0.0024600511903989375,0.33122268319129944,0.6195987654320988,0.000608970585744828,7.063026714604348e-06,1.3947306797490455e-05,0.9406266212463379,Standard,0.1,0.5,1296
SIMPLICIAL_COMPLEX,Standard_7,1,75.98919,0.01251,1279,0.0279202111625365,-0.0024600511903989375,0.33122268319129944,0.6195987654320988,0.000608970585744828,7.063026714604348e-06,1.3947306797490455e-05,0.9406266212463379,Standard,0.1,0.5,1296
SIMPLICIAL_COMPLEX,Standard_7,2,75.98919,0.01251,1279,0.0279202111625365,-0.0024600511903989375,0.33122268319129944,0.6195987654320988,0.000608970585744828,7.063026714604348e-06,1.3947306797490455e-05,0.9406266212463379,Standard,0.1,0.5,1296
SIMPLICIAL_COMPLEX,Standard_8,0,75.79725,0.01155,2574,0.027307444270680846,-0.001987342482702825,0.3551740348339081,0.42978395061728397,0.00021436024690046906,1.947387545442325e-06,3.851358542306116e-06,0.9414609670639038,Standard,0.1,0.5,2592
SIMPLICIAL_COMPLEX,Standard_8,1,75.79725,0.01155,2574,0.027307444270680846,-0.001987342482702825,0.3551740348339081,0.42978395061728397,0.00021436024690046906,1.947387545442325e-06,3.851358542306116e-06,0.9414609670639038,Standard,0.1,0.5,2592
SIMPLICIAL_COMPLEX,Standard_8,2,75.79725,0.01155,2574,0.027307444270680846,-0.001987342482702825,0.3551740348339081,0.42978395061728397,0.00021436024690046906,1.947387545442325e-06,3.851358542306116e-06,0.9414609670639038,Standard,0.1,0.5,2592
SIMPLICIAL_COMPLEX,Standard_9,0,76.24213,0.22695,13,0.024638608853787946,0.016075201083487145,0.3820371627807617,0.8719135802469136,0.10727058351039886,0.0005974809173494577,0.0011864834232255816,0.9408499598503113,Standard,0.1,1.0,648
SIMPLICIAL_COMPLEX,Standard_9,1,76.24213,0.22695,13,0.024638608853787946,0.016075201083487145,0.3820371627807617,0.8719135802469136,0.10727058351039886,0.0005974809173494577,0.0011864834232255816,0.9408499598503113,Standard,0.1,1.0,648
SIMPLICIAL_COMPLEX,Standard_9,2,76.24213,0.22695,13,0.024638608853787946,0.016075201083487145,0.3820371627807617,0.8719135802469136,0.10727058351039886,0.0005974809173494577,0.0011864834232255816,0.9408499598503113,Standard,0.1,1.0,648
SPARSE_UNIFORM,Standard_0,0,2.45936,3.98204,625,0.2305556443147578,0.09118417816527791,0.3390127718448639,0.7885802469135802,0.000525051262229681,0.01873035728931427,0.0008018859662115574,0.9915494322776794,Standard,0.05,0.5,648
SPARSE_UNIFORM,Standard_0,1,2.45936,3.98204,625,0.2305556443147578,0.09118417816527791,0.3390127718448639,0.7885802469135802,0.000525051262229681,0.01873035728931427,0.0008018859662115574,0.9915494322776794,Standard,0.05,0.5,648
SPARSE_UNIFORM,Standard_0,2,2.45936,3.98204,625,0.2305556443147578,0.09118417816527791,0.3390127718448639,0.7885802469135802,0.000525051262229681,0.01873035728931427,0.0008018859662115574,0.9915494322776794,Standard,0.05,0.5,648
SPARSE_UNIFORM,Standard_1,0,2.46235,4.50698,1269,0.25856760599124745,0.09860530194266848,0.33100682497024536,0.6342592592592593,7.621390250278637e-05,0.008234819397330284,0.00014720289618708193,0.9942309260368347,Standard,0.05,0.5,1296
SPARSE_UNIFORM,Standard_1,1,2.46235,4.50698,1269,0.25856760599124745,0.09860530194266848,0.33100682497024536,0.6342592592592593,7.621390250278637e-05,0.008234819397330284,0.00014720289618708193,0.9942309260368347,Standard,0.05,0.5,1296
SPARSE_UNIFORM,Standard_1,2,2.46235,4.50698,1269,0.25856760599124745,0.09860530194266848,0.33100682497024536,0.6342592592592593,7.621390250278637e-05,0.008234819397330284,0.00014720289618708193,0.9942309260368347,Standard,0.05,0.5,1296
SPARSE_UNIFORM,Standard_10,0,2.46015,98.44231,320,1.4462647375156565,-0.8682280560697964,0.3896700441837311,0.6990740740740741,0.008607444353401661,0.4310857653617859,0.014222826808691025,0.9235545992851257,Standard,0.1,1.0,1296
SPARSE_UNIFORM,Standard_10,1,2.46015,98.44231,320,1.4462647375156565,-0.8682280560697964,0.3896700441837311,0.6990740740740741,0.008607444353401661,0.4310857653617859,0.014222826808691025,0.9235545992851257,Standard,0.1,1.0,1296
SPARSE_UNIFORM,Standard_10,2,2.46015,98.44231,320,1.4462647375156565,-0.8682280560697964,0.3896700441837311,0.6990740740740741,0.008607444353401661,0.4310857653617859,0.014222826808691025,0.9235545992851257,Standard,0.1,1.0,1296
SPARSE_UNIFORM,Standard_11,0,2.46323,103.4538,1422,1.507799893698212,-1.1020388469064897,0.4323294758796692,0.4402006172839506,0.008720372803509235,0.22840747237205505,0.01065772119909525,0.9583781957626343,Standard,0.1,1.0,2592
SPARSE_UNIFORM,Standard_11,1,2.46323,103.4538,1422,1.507799893698212,-1.1020388469064897,0.4323294758796692,0.4402006172839506,0.008720372803509235,0.22840747237205505,0.01065772119909525,0.9583781957626343,Standard,0.1,1.0,2592
SPARSE_UNIFORM,Standard_11,2,2.46323,103.4538,1422,1.507799893698212,-1.1020388469064897,0.4323294758796692,0.4402006172839506,0.008720372803509235,0.22840747237205505,0.01065772119909525,0.9583781957626343,Standard,0.1,1.0,2592
SPARSE_UNIFORM,Standard_12,0,2.45709,1.18375,628,0.08020170806449417,0.012177078054511625,0.3409421145915985,0.7839506172839507,0.0009834002703428268,0.007983293384313583,0.0011356101604178548,0.9951369762420654,Standard,0.2,0.5,648
SPARSE_UNIFORM,Standard_12,1,2.45709,1.18375,628,0.08020170806449417,0.012177078054511625,0.3409421145915985,0.7839506172839507,0.0009834002703428268,0.007983293384313583,0.0011356101604178548,0.9951369762420654,Standard,0.2,0.5,648
SPARSE_UNIFORM,Standard_12,2,2.45709,1.18375,628,0.08020170806449417,0.012177078054511625,0.3409421145915985,0.7839506172839507,0.0009834002703428268,0.007983293384313583,0.0011356101604178548,0.9951369762420654,Standard,0.2,0.5,648
SPARSE_UNIFORM,Standard_13,0,2.45963,1.15748,1273,0.08331943297067917,0.010147851035847477,0.331600159406662,0.6296296296296297,0.000124889294966124,0.003305871272459626,0.00018555887800175697,0.9971303939819336,Standard,0.2,0.5,1296
SPARSE_UNIFORM,Standard_13,1,2.45963,1.15748,1273,0.08331943297067917,0.010147851035847477,0.331600159406662,0.6296296296296297,0.000124889294966124,0.003305871272459626,0.00018555887800175697,0.9971303939819336,Standard,0.2,0.5,1296
SPARSE_UNIFORM,Standard_13,2,2.45963,1.15748,1273,0.08331943297067917,0.010147851035847477,0.331600159406662,0.6296296296296297,0.000124889294966124,0.003305871272459626,0.00018555887800175697,0.9971303939819336,Standard,0.2,0.5,1296
SPARSE_UNIFORM,Standard_14,0,2.46505,0.95088,2562,0.058126395772356836,0.007166009954010288,0.3559684455394745,0.43209876543209874,0.0005840322701260448,0.002239173511043191,0.0005334680899977684,0.9977798461914062,Standard,0.2,0.5,2592
SPARSE_UNIFORM,Standard_14,1,2.46505,0.95088,2562,0.058126395772356836,0.007166009954010288,0.3559684455394745,0.43209876543209874,0.0005840322701260448,0.002239173511043191,0.0005334680899977684,0.9977798461914062,Standard,0.2,0.5,2592
SPARSE_UNIFORM,Standard_14,2,2.46505,0.95088,2562,0.058126395772356836,0.007166009954010288,0.3559684455394745,0.43209876543209874,0.0005840322701260448,0.002239173511043191,0.0005334680899977684,0.9977798461914062,Standard,0.2,0.5,2592
SPARSE_UNIFORM,Standard_15,0,2.46333,63.02463,1,0.859502762806903,0.4464767390976434,0.42552873492240906,0.9058641975308642,0.012953328900039196,0.6211580634117126,0.02179754711687565,0.9026219844818115,Standard,0.2,1.0,648
SPARSE_UNIFORM,Standard_15,1,2.46333,63.02463,1,0.859502762806903,0.4464767390976434,0.42552873492240906,0.9058641975308642,0.012953328900039196,0.6211580634117126,0.02179754711687565,0.9026219844818115,Standard,0.2,1.0,648
SPARSE_UNIFORM,Standard_15,2,2.46333,63.02463,1,0.859502762806903,0.4464767390976434,0.42552873492240906,0.9058641975308642,0.012953328900039196,0.6211580634117126,0.02179754711687565,0.9026219844818115,Standard,0.2,1.0,648
SPARSE_UNIFORM,Standard_16,0,2.46151,73.0173,211,0.9536709374284686,0.26739696809427926,0.4277792274951935,0.6728395061728395,0.08271759748458862,0.4057700037956238,0.06332969665527344,0.9426290392875671,Standard,0.2,1.0,1296
SPARSE_UNIFORM,Standard_16,1,2.46151,73.0173,211,0.9536709374284686,0.26739696809427926,0.4277792274951935,0.6728395061728395,0.08271759748458862,0.4057700037956238,0.06332969665527344,0.9426290392875671,Standard,0.2,1.0,1296
SPARSE_UNIFORM,Standard_16,2,2.46151,73.0173,211,0.9536709374284686,0.26739696809427926,0.4277792274951935,0.6728395061728395,0.08271759748458862,0.4057700037956238,0.06332969665527344,0.9426290392875671,Standard,0.2,1.0,1296
SPARSE_UNIFORM,Standard_17,0,2.45728,75.23888,1380,1.0508835678690984,0.19367837046370506,0.49750378727912903,0.43287037037037035,0.07059399783611298,0.22579866647720337,0.04999014362692833,0.9683700203895569,Standard,0.2,1.0,2592
SPARSE_UNIFORM,Standard_17,1,2.45728,75.23888,1380,1.0508835678690984,0.19367837046370506,0.49750378727912903,0.43287037037037035,0.07059399783611298,0.22579866647720337,0.04999014362692833,0.9683700203895569,Standard,0.2,1.0,2592
SPARSE_UNIFORM,Standard_17,2,2.45728,75.23888,1380,1.0508835678690984,0.19367837046370506,0.49750378727912903,0.43287037037037035,0.07059399783611298,0.22579866647720337,0.04999014362692833,0.9683700203895569,Standard,0.2,1.0,2592
SPARSE_UNIFORM,Standard_18,0,2.46232,0.1481,622,0.02164825967278092,-0.013331368731442472,0.34252992272377014,0.8101851851851852,0.003325953846797347,0.0026297506410628557,0.0017804455710574985,0.9971780776977539,Standard,0.4,0.5,648
SPARSE_UNIFORM,Standard_18,1,2.46232,0.1481,622,0.02164825967278092,-0.013331368731442472,0.34252992272377014,0.8101851851851852,0.003325953846797347,0.0026297506410628557,0.0017804455710574985,0.9971780776977539,Standard,0.4,0.5,648
SPARSE_UNIFORM,Standard_18,2,2.46232,0.1481,622,0.02164825967278092,-0.013331368731442472,0.34252992272377014,0.8101851851851852,0.003325953846797347,0.0026297506410628557,0.0017804455710574985,0.9971780776977539,Standard,0.4,0.5,648
SPARSE_UNIFORM,Standard_19,0,2.46248,0.15286,1263,0.02782753936443976,-0.011844749825439704,0.33470258116722107,0.625,0.006210453808307648,0.002687121508643031,0.0032493211328983307,0.9975903630256653,Standard,0.4,0.5,1296
SPARSE_UNIFORM,Standard_19,1,2.46248,0.15286,1263,0.02782753936443976,-0.011844749825439704,0.33470258116722107,0.625,0.006210453808307648,0.002687121508643031,0.0032493211328983307,0.9975903630256653,Standard,0.4,0.5,1296
SPARSE_UNIFORM,Standard_19,2,2.46248,0.15286,1263,0.02782753936443976,-0.011844749825439704,0.33470258116722107,0.625,0.006210453808307648,0.002687121508643031,0.0032493211328983307,0.9975903630256653,Standard,0.4,0.5,1296
SPARSE_UNIFORM,Standard_2,0,2.46453,3.98659,2569,0.2604370981802332,0.08232902638066075,0.3547603487968445,0.43171296296296297,2.834922997863032e-05,0.0038445349782705307,5.58071697014384e-05,0.9964351058006287,Standard,0.05,0.5,2592
SPARSE_UNIFORM,Standard_2,1,2.46453,3.98659,2569,0.2604370981802332,0.08232902638066075,0.3547603487968445,0.43171296296296297,2.834922997863032e-05,0.0038445349782705307,5.58071697014384e-05,0.9964351058006287,Standard,0.05,0.5,2592
SPARSE_UNIFORM,Standard_2,2,2.46453,3.98659,2569,0.2604370981802332,0.08232902638066075,0.3547603487968445,0.43171296296296297,2.834922997863032e-05,0.0038445349782705307,5.58071697014384e-05,0.9964351058006287,Standard,0.05,0.5,2592
SPARSE_UNIFORM,Standard_20,0,2.46514,0.19876,2544,0.03215706497990233,-0.008318571277348141,0.3648061752319336,0.42939814814814814,0.006277690175920725,0.002941651502624154,0.0032923310063779354,0.9977030754089355,Standard,0.4,0.5,2592
SPARSE_UNIFORM,Standard_20,1,2.46514,0.19876,2544,0.03215706497990233,-0.008318571277348141,0.3648061752319336,0.42939814814814814,0.006277690175920725,0.002941651502624154,0.0032923310063779354,0.9977030754089355,Standard,0.4,0.5,2592
SPARSE_UNIFORM,Standard_20,2,2.46514,0.19876,2544,0.03215706497990233,-0.008318571277348141,0.3648061752319336,0.42939814814814814,0.006277690175920725,0.002941651502624154,0.0032923310063779354,0.9977030754089355,Standard,0.4,0.5,2592
SPARSE_UNIFORM,Standard_21,0,2.4704,13.97859,4,0.2808839840735951,0.2377753424162703,0.4217875897884369,0.7746913580246914,0.0983063131570816,0.26774176955223083,0.07577360421419144,0.9775959253311157,Standard,0.4,1.0,648
SPARSE_UNIFORM,Standard_21,1,2.4704,13.97859,4,0.2808839840735951,0.2377753424162703,0.4217875897884369,0.7746913580246914,0.0983063131570816,0.26774176955223083,0.07577360421419144,0.9775959253311157,Standard,0.4,1.0,648
SPARSE_UNIFORM,Standard_21,2,2.4704,13.97859,4,0.2808839840735951,0.2377753424162703,0.4217875897884369,0.7746913580246914,0.0983063131570816,0.26774176955223083,0.07577360421419144,0.9775959253311157,Standard,0.4,1.0,648
SPARSE_UNIFORM,Standard_22,0,2.4636,16.60669,139,0.33468755360468533,0.2651362900494698,0.5326550602912903,0.6628086419753086,0.31306979060173035,0.2826266288757324,0.21012786030769348,0.9853757619857788,Standard,0.4,1.0,1296
SPARSE_UNIFORM,Standard_22,1,2.4636,16.60669,139,0.33468755360468533,0.2651362900494698,0.5326550602912903,0.6628086419753086,0.31306979060173035,0.2826266288757324,0.21012786030769348,0.9853757619857788,Standard,0.4,1.0,1296
SPARSE_UNIFORM,Standard_22,2,2.4636,16.60669,139,0.33468755360468533,0.2651362900494698,0.5326550602912903,0.6628086419753086,0.31306979060173035,0.2826266288757324,0.21012786030769348,0.9853757619857788,Standard,0.4,1.0,1296
SPARSE_UNIFORM,Standard_23,0,2.45177,16.06889,1307,0.4165385549647323,0.2655418338961051,0.622366189956665,0.4398148148148148,0.20499125123023987,0.16388849914073944,0.13551844656467438,0.9903064966201782,Standard,0.4,1.0,2592
SPARSE_UNIFORM,Standard_23,1,2.45177,16.06889,1307,0.4165385549647323,0.2655418338961051,0.622366189956665,0.4398148148148148,0.20499125123023987,0.16388849914073944,0.13551844656467438,0.9903064966201782,Standard,0.4,1.0,2592
SPARSE_UNIFORM,Standard_23,2,2.45177,16.06889,1307,0.4165385549647323,0.2655418338961051,0.622366189956665,0.4398148148148148,0.20499125123023987,0.16388849914073944,0.13551844656467438,0.9903064966201782,Standard,0.4,1.0,2592
SPARSE_UNIFORM,Standard_24,0,2.45963,0.08984,612,0.02152257548311234,-0.01372174719102115,0.35061562061309814,0.8055555555555556,0.015716364607214928,0.005785739980638027,0.0075474949553608894,0.9981892108917236,Standard,0.6,0.5,648
SPARSE_UNIFORM,Standard_24,1,2.45963,0.08984,612,0.02152257548311234,-0.01372174719102115,0.35061562061309814,0.8055555555555556,0.015716364607214928,0.005785739980638027,0.0075474949553608894,0.9981892108917236,Standard,0.6,0.5,648
SPARSE_UNIFORM,Standard_24,2,2.45963,0.08984,612,0.02152257548311234,-0.01372174719102115,0.35061562061309814,0.8055555555555556,0.015716364607214928,0.005785739980638027,0.0075474949553608894,0.9981892108917236,Standard,0.6,0.5,648
SPARSE_UNIFORM,Standard_25,0,2.45894,0.11139,1248,0.024128825245794152,-0.013328558427777137,0.33928826451301575,0.6504629629629629,0.013189838267862797,0.0032612185459583998,0.004830246325582266,0.9981359839439392,Standard,0.6,0.5,1296
SPARSE_UNIFORM,Standard_25,1,2.45894,0.11139,1248,0.024128825245794152,-0.013328558427777137,0.33928826451301575,0.6504629629629629,0.013189838267862797,0.0032612185459583998,0.004830246325582266,0.9981359839439392,Standard,0.6,0.5,1296
SPARSE_UNIFORM,Standard_25,2,2.45894,0.11139,1248,0.024128825245794152,-0.013328558427777137,0.33928826451301575,0.6504629629629629,0.013189838267862797,0.0032612185459583998,0.004830246325582266,0.9981359839439392,Standard,0.6,0.5,1296
SPARSE_UNIFORM,Standard_26,0,2.45335,0.14115,2525,0.025609085537656697,-0.008241721014015546,0.3703484833240509,0.4324845679012346,0.012491080909967422,0.003220911370590329,0.0048425872810184956,0.9979890584945679,Standard,0.6,0.5,2592
SPARSE_UNIFORM,Standard_26,1,2.45335,0.14115,2525,0.025609085537656697,-0.008241721014015546,0.3703484833240509,0.4324845679012346,0.012491080909967422,0.003220911370590329,0.0048425872810184956,0.9979890584945679,Standard,0.6,0.5,2592
SPARSE_UNIFORM,Standard_26,2,2.45335,0.14115,2525,0.025609085537656697,-0.008241721014015546,0.3703484833240509,0.4324845679012346,0.012491080909967422,0.003220911370590329,0.0048425872810184956,0.9979890584945679,Standard,0.6,0.5,2592
SPARSE_UNIFORM,Standard_27,0,2.46718,4.3626,2,0.11972345001796056,0.06492700579894772,0.43103933334350586,0.7592592592592593,0.16843703389167786,0.12450376898050308,0.11115799099206924,0.9912946820259094,Standard,0.6,1.0,648
SPARSE_UNIFORM,Standard_27,1,2.46718,4.3626,2,0.11972345001796056,0.06492700579894772,0.43103933334350586,0.7592592592592593,0.16843703389167786,0.12450376898050308,0.11115799099206924,0.9912946820259094,Standard,0.6,1.0,648
SPARSE_UNIFORM,Standard_27,2,2.46718,4.3626,2,0.11972345001796056,0.06492700579894772,0.43103933334350586,0.7592592592592593,0.16843703389167786,0.12450376898050308,0.11115799099206924,0.9912946820259094,Standard,0.6,1.0,648
SPARSE_UNIFORM,Standard_28,0,2.46028,5.41775,119,0.19722063515120672,0.1351896250391994,0.5625826120376587,0.6921296296296297,0.39222270250320435,0.2128039449453354,0.2518686354160309,0.993654727935791,Standard,0.6,1.0,1296
SPARSE_UNIFORM,Standard_28,1,2.46028,5.41775,119,0.19722063515120672,0.1351896250391994,0.5625826120376587,0.6921296296296297,0.39222270250320435,0.2128039449453354,0.2518686354160309,0.993654727935791,Standard,0.6,1.0,1296
SPARSE_UNIFORM,Standard_28,2,2.46028,5.41775,119,0.19722063515120672,0.1351896250391994,0.5625826120376587,0.6921296296296297,0.39222270250320435,0.2128039449453354,0.2518686354160309,0.993654727935791,Standard,0.6,1.0,1296
SPARSE_UNIFORM,Standard_29,0,2.45534,5.75275,1281,0.17187234459463133,0.1254678183832464,0.6405847072601318,0.44405864197530864,0.23758964240550995,0.12264415621757507,0.14917223155498505,0.9923295378684998,Standard,0.6,1.0,2592
SPARSE_UNIFORM,Standard_29,1,2.45534,5.75275,1281,0.17187234459463133,0.1254678183832464,0.6405847072601318,0.44405864197530864,0.23758964240550995,0.12264415621757507,0.14917223155498505,0.9923295378684998,Standard,0.6,1.0,2592
SPARSE_UNIFORM,Standard_29,2,2.45534,5.75275,1281,0.17187234459463133,0.1254678183832464,0.6405847072601318,0.44405864197530864,0.23758964240550995,0.12264415621757507,0.14917223155498505,0.9923295378684998,Standard,0.6,1.0,2592
SPARSE_UNIFORM,Standard_3,0,2.46598,124.04766,9,1.269531844338905,0.22610193309952353,0.3820420801639557,0.8117283950617284,0.00794571079313755,0.5863884687423706,0.014349643141031265,0.8085642457008362,Standard,0.05,1.0,648
SPARSE_UNIFORM,Standard_3,1,2.46598,124.04766,9,1.269531844338905,0.22610193309952353,0.3820420801639557,0.8117283950617284,0.00794571079313755,0.5863884687423706,0.014349643141031265,0.8085642457008362,Standard,0.05,1.0,648
SPARSE_UNIFORM,Standard_3,2,2.46598,124.04766,9,1.269531844338905,0.22610193309952353,0.3820420801639557,0.8117283950617284,0.00794571079313755,0.5863884687423706,0.014349643141031265,0.8085642457008362,Standard,0.05,1.0,648
SPARSE_UNIFORM,Standard_30,0,2.46186,0.06485,610,0.020470817146603627,-0.01293234601109905,0.35264092683792114,0.7947530864197531,0.01897478476166725,0.0043160757049918175,0.0068767135962843895,0.9978434443473816,Standard,1.0,0.5,648
SPARSE_UNIFORM,Standard_30,1,2.46186,0.06485,610,0.020470817146603627,-0.01293234601109905,0.35264092683792114,0.7947530864197531,0.01897478476166725,0.0043160757049918175,0.0068767135962843895,0.9978434443473816,Standard,1.0,0.5,648
SPARSE_UNIFORM,Standard_30,2,2.46186,0.06485,610,0.020470817146603627,-0.01293234601109905,0.35264092683792114,0.7947530864197531,0.01897478476166725,0.0043160757049918175,0.0068767135962843895,0.9978434443473816,Standard,1.0,0.5,648
SPARSE_UNIFORM,Standard_31,0,2.44934,0.06401,1245,0.02353134393975319,-0.014660344474157316,0.3442157804965973,0.6473765432098766,0.016235066577792168,0.0047035980969667435,0.007211585063487291,0.9978343844413757,Standard,1.0,0.5,1296
SPARSE_UNIFORM,Standard_31,1,2.44934,0.06401,1245,0.02353134393975319,-0.014660344474157316,0.3442157804965973,0.6473765432098766,0.016235066577792168,0.0047035980969667435,0.007211585063487291,0.9978343844413757,Standard,1.0,0.5,1296
SPARSE_UNIFORM,Standard_31,2,2.44934,0.06401,1245,0.02353134393975319,-0.014660344474157316,0.3442157804965973,0.6473765432098766,0.016235066577792168,0.0047035980969667435,0.007211585063487291,0.9978343844413757,Standard,1.0,0.5,1296
SPARSE_UNIFORM,Standard_32,0,2.45373,0.06205,2540,0.02346122677307378,-0.015094437222786805,0.36513063311576843,0.43132716049382713,0.007857155986130238,0.0021016185637563467,0.003229401772841811,0.9973792433738708,Standard,1.0,0.5,2592
SPARSE_UNIFORM,Standard_32,1,2.45373,0.06205,2540,0.02346122677307378,-0.015094437222786805,0.36513063311576843,0.43132716049382713,0.007857155986130238,0.0021016185637563467,0.003229401772841811,0.9973792433738708,Standard,1.0,0.5,2592
SPARSE_UNIFORM,Standard_32,2,2.45373,0.06205,2540,0.02346122677307378,-0.015094437222786805,0.36513063311576843,0.43132716049382713,0.007857155986130238,0.0021016185637563467,0.003229401772841811,0.9973792433738708,Standard,1.0,0.5,2592
SPARSE_UNIFORM,Standard_33,0,2.45981,2.45221,0,0.08931239575611565,0.032031564845191984,0.4767153859138489,0.7453703703703703,0.2380826473236084,0.11297284811735153,0.13869591057300568,0.9944753646850586,Standard,1.0,1.0,648
SPARSE_UNIFORM,Standard_33,1,2.45981,2.45221,0,0.08931239575611565,0.032031564845191984,0.4767153859138489,0.7453703703703703,0.2380826473236084,0.11297284811735153,0.13869591057300568,0.9944753646850586,Standard,1.0,1.0,648
SPARSE_UNIFORM,Standard_33,2,2.45981,2.45221,0,0.08931239575611565,0.032031564845191984,0.4767153859138489,0.7453703703703703,0.2380826473236084,0.11297284811735153,0.13869591057300568,0.9944753646850586,Standard,1.0,1.0,648
SPARSE_UNIFORM,Standard_34,0,2.45612,3.34354,124,0.12634056829293872,0.08042746641009169,0.5887871384620667,0.6813271604938271,0.43069297075271606,0.18252603709697723,0.24626922607421875,0.9956512451171875,Standard,1.0,1.0,1296
SPARSE_UNIFORM,Standard_34,1,2.45612,3.34354,124,0.12634056829293872,0.08042746641009169,0.5887871384620667,0.6813271604938271,0.43069297075271606,0.18252603709697723,0.24626922607421875,0.9956512451171875,Standard,1.0,1.0,1296
SPARSE_UNIFORM,Standard_34,2,2.45612,3.34354,124,0.12634056829293872,0.08042746641009169,0.5887871384620667,0.6813271604938271,0.43069297075271606,0.18252603709697723,0.24626922607421875,0.9956512451171875,Standard,1.0,1.0,1296
SPARSE_UNIFORM,Standard_35,0,2.45524,3.49134,1295,0.15214054926958054,0.09425089611586868,0.655770480632782,0.44521604938271603,0.2510652542114258,0.10493788123130798,0.14182676374912262,0.9950374960899353,Standard,1.0,1.0,2592
SPARSE_UNIFORM,Standard_35,1,2.45524,3.49134,1295,0.15214054926958054,0.09425089611586868,0.655770480632782,0.44521604938271603,0.2510652542114258,0.10493788123130798,0.14182676374912262,0.9950374960899353,Standard,1.0,1.0,2592
SPARSE_UNIFORM,Standard_35,2,2.45524,3.49134,1295,0.15214054926958054,0.09425089611586868,0.655770480632782,0.44521604938271603,0.2510652542114258,0.10493788123130798,0.14182676374912262,0.9950374960899353,Standard,1.0,1.0,2592
SPARSE_UNIFORM,Standard_36,0,2.46743,0.03462,609,0.03821717836133025,-0.01607050432745094,0.34890955686569214,0.7870370370370371,0.012856430374085903,0.0032907146960496902,0.005081226117908955,0.9979603290557861,Standard,1.5,0.5,648
SPARSE_UNIFORM,Standard_36,1,2.46743,0.03462,609,0.03821717836133025,-0.01607050432745094,0.34890955686569214,0.7870370370370371,0.012856430374085903,0.0032907146960496902,0.005081226117908955,0.9979603290557861,Standard,1.5,0.5,648
SPARSE_UNIFORM,Standard_36,2,2.46743,0.03462,609,0.03821717836133025,-0.01607050432745094,0.34890955686569214,0.7870370370370371,0.012856430374085903,0.0032907146960496902,0.005081226117908955,0.9979603290557861,Standard,1.5,0.5,648
SPARSE_UNIFORM,Standard_37,0,2.47815,0.03992,1254,0.018052704954388495,-0.01627850940861819,0.33814847469329834,0.6365740740740741,0.004677800461649895,0.001051376573741436,0.0016643601702526212,0.9979267120361328,Standard,1.5,0.5,1296
SPARSE_UNIFORM,Standard_37,1,2.47815,0.03992,1254,0.018052704954388495,-0.01627850940861819,0.33814847469329834,0.6365740740740741,0.004677800461649895,0.001051376573741436,0.0016643601702526212,0.9979267120361328,Standard,1.5,0.5,1296
SPARSE_UNIFORM,Standard_37,2,2.47815,0.03992,1254,0.018052704954388495,-0.01627850940861819,0.33814847469329834,0.6365740740740741,0.004677800461649895,0.001051376573741436,0.0016643601702526212,0.9979267120361328,Standard,1.5,0.5,1296
SPARSE_UNIFORM,Standard_38,0,2.46582,0.04518,2547,0.02245958702325134,-0.01669588593032012,0.35950466990470886,0.4371141975308642,0.0012199892662465572,0.00014001457020640373,0.00023944723943714052,0.9975932836532593,Standard,1.5,0.5,2592
SPARSE_UNIFORM,Standard_38,1,2.46582,0.04518,2547,0.02245958702325134,-0.01669588593032012,0.35950466990470886,0.4371141975308642,0.0012199892662465572,0.00014001457020640373,0.00023944723943714052,0.9975932836532593,Standard,1.5,0.5,2592
SPARSE_UNIFORM,Standard_38,2,2.46582,0.04518,2547,0.02245958702325134,-0.01669588593032012,0.35950466990470886,0.4371141975308642,0.0012199892662465572,0.00014001457020640373,0.00023944723943714052,0.9975932836532593,Standard,1.5,0.5,2592
SPARSE_UNIFORM,Standard_39,0,2.45664,1.45436,103,0.06428128768278277,0.012006452108009547,0.4298141300678253,0.7222222222222222,0.15084221959114075,0.04776681959629059,0.0650787502527237,0.9955054521560669,Standard,1.5,1.0,648
SPARSE_UNIFORM,Standard_39,1,2.45664,1.45436,103,0.06428128768278277,0.012006452108009547,0.4298141300678253,0.7222222222222222,0.15084221959114075,0.04776681959629059,0.0650787502527237,0.9955054521560669,Standard,1.5,1.0,648
SPARSE_UNIFORM,Standard_39,2,2.45664,1.45436,103,0.06428128768278277,0.012006452108009547,0.4298141300678253,0.7222222222222222,0.15084221959114075,0.04776681959629059,0.0650787502527237,0.9955054521560669,Standard,1.5,1.0,648
SPARSE_UNIFORM,Standard_4,0,2.45606,118.38315,541,1.4887532622879514,-0.6444397510120883,0.3744516372680664,0.6720679012345679,0.006476484704762697,0.37408778071403503,0.011331799440085888,0.9084249138832092,Standard,0.05,1.0,1296
SPARSE_UNIFORM,Standard_4,1,2.45606,118.38315,541,1.4887532622879514,-0.6444397510120883,0.3744516372680664,0.6720679012345679,0.006476484704762697,0.37408778071403503,0.011331799440085888,0.9084249138832092,Standard,0.05,1.0,1296
SPARSE_UNIFORM,Standard_4,2,2.45606,118.38315,541,1.4887532622879514,-0.6444397510120883,0.3744516372680664,0.6720679012345679,0.006476484704762697,0.37408778071403503,0.011331799440085888,0.9084249138832092,Standard,0.05,1.0,1296
SPARSE_UNIFORM,Standard_40,0,2.46677,2.0407,440,0.10084353972637847,0.03151784529677126,0.4705033600330353,0.6273148148148148,0.22565479576587677,0.0687483698129654,0.0975617915391922,0.9956225156784058,Standard,1.5,1.0,1296
SPARSE_UNIFORM,Standard_40,1,2.46677,2.0407,440,0.10084353972637847,0.03151784529677126,0.4705033600330353,0.6273148148148148,0.22565479576587677,0.0687483698129654,0.0975617915391922,0.9956225156784058,Standard,1.5,1.0,1296
SPARSE_UNIFORM,Standard_40,2,2.46677,2.0407,440,0.10084353972637847,0.03151784529677126,0.4705033600330353,0.6273148148148148,0.22565479576587677,0.0687483698129654,0.0975617915391922,0.9956225156784058,Standard,1.5,1.0,1296
SPARSE_UNIFORM,Standard_41,0,2.46254,2.15956,1584,0.09386370933219178,0.04886076978219911,0.5584525465965271,0.4417438271604938,0.15706728398799896,0.046080332249403,0.06790678203105927,0.9949852228164673,Standard,1.5,1.0,2592
SPARSE_UNIFORM,Standard_41,1,2.46254,2.15956,1584,0.09386370933219178,0.04886076978219911,0.5584525465965271,0.4417438271604938,0.15706728398799896,0.046080332249403,0.06790678203105927,0.9949852228164673,Standard,1.5,1.0,2592
SPARSE_UNIFORM,Standard_41,2,2.46254,2.15956,1584,0.09386370933219178,0.04886076978219911,0.5584525465965271,0.4417438271604938,0.15706728398799896,0.046080332249403,0.06790678203105927,0.9949852228164673,Standard,1.5,1.0,2592
SPARSE_UNIFORM,Standard_42,0,2.45466,0.00316,627,0.047208039946066684,-0.01812093854169472,0.3450799286365509,0.7777777777777778,0.002767713274806738,7.367080979747698e-05,0.00012491924280766398,0.9971802234649658,Standard,2.0,0.5,648
SPARSE_UNIFORM,Standard_42,1,2.45466,0.00316,627,0.047208039946066684,-0.01812093854169472,0.3450799286365509,0.7777777777777778,0.002767713274806738,7.367080979747698e-05,0.00012491924280766398,0.9971802234649658,Standard,2.0,0.5,648
SPARSE_UNIFORM,Standard_42,2,2.45466,0.00316,627,0.047208039946066684,-0.01812093854169472,0.3450799286365509,0.7777777777777778,0.002767713274806738,7.367080979747698e-05,0.00012491924280766398,0.9971802234649658,Standard,2.0,0.5,648
SPARSE_UNIFORM,Standard_43,0,2.45606,0.00561,1270,0.021864809153863744,-0.01806576049317221,0.3348037302494049,0.6149691358024691,0.00011022928083548322,4.486075340537354e-06,8.621283996035345e-06,0.9973722696304321,Standard,2.0,0.5,1296
SPARSE_UNIFORM,Standard_43,1,2.45606,0.00561,1270,0.021864809153863744,-0.01806576049317221,0.3348037302494049,0.6149691358024691,0.00011022928083548322,4.486075340537354e-06,8.621283996035345e-06,0.9973722696304321,Standard,2.0,0.5,1296
SPARSE_UNIFORM,Standard_43,2,2.45606,0.00561,1270,0.021864809153863744,-0.01806576049317221,0.3348037302494049,0.6149691358024691,0.00011022928083548322,4.486075340537354e-06,8.621283996035345e-06,0.9973722696304321,Standard,2.0,0.5,1296
SPARSE_UNIFORM,Standard_44,0,2.4557,0.00825,2563,0.04337023514009793,-0.01806215394724786,0.3595178425312042,0.42592592592592593,1.846991290221922e-05,4.226887085678754e-06,5.700153451471124e-06,0.9976574182510376,Standard,2.0,0.5,2592
SPARSE_UNIFORM,Standard_44,1,2.4557,0.00825,2563,0.04337023514009793,-0.01806215394724786,0.3595178425312042,0.42592592592592593,1.846991290221922e-05,4.226887085678754e-06,5.700153451471124e-06,0.9976574182510376,Standard,2.0,0.5,2592
SPARSE_UNIFORM,Standard_44,2,2.4557,0.00825,2563,0.04337023514009793,-0.01806215394724786,0.3595178425312042,0.42592592592592593,1.846991290221922e-05,4.226887085678754e-06,5.700153451471124e-06,0.9976574182510376,Standard,2.0,0.5,2592
SPARSE_UNIFORM,Standard_45,0,2.45865,0.02957,557,0.013967687859425789,-0.017474338239561238,0.3521267771720886,0.7746913580246914,0.006737248972058296,0.00037982381763868034,0.0006130215479061007,0.9969834685325623,Standard,2.0,1.0,648
SPARSE_UNIFORM,Standard_45,1,2.45865,0.02957,557,0.013967687859425789,-0.017474338239561238,0.3521267771720886,0.7746913580246914,0.006737248972058296,0.00037982381763868034,0.0006130215479061007,0.9969834685325623,Standard,2.0,1.0,648
SPARSE_UNIFORM,Standard_45,2,2.45865,0.02957,557,0.013967687859425789,-0.017474338239561238,0.3521267771720886,0.7746913580246914,0.006737248972058296,0.00037982381763868034,0.0006130215479061007,0.9969834685325623,Standard,2.0,1.0,648
SPARSE_UNIFORM,Standard_46,0,2.45107,0.14083,1129,0.022012710800135116,-0.01479875841898548,0.34355372190475464,0.6280864197530864,0.0046136942692101,0.0006222911179065704,0.0008571072248741984,0.9971247315406799,Standard,2.0,1.0,1296
SPARSE_UNIFORM,Standard_46,1,2.45107,0.14083,1129,0.022012710800135116,-0.01479875841898548,0.34355372190475464,0.6280864197530864,0.0046136942692101,0.0006222911179065704,0.0008571072248741984,0.9971247315406799,Standard,2.0,1.0,1296
SPARSE_UNIFORM,Standard_46,2,2.45107,0.14083,1129,0.022012710800135116,-0.01479875841898548,0.34355372190475464,0.6280864197530864,0.0046136942692101,0.0006222911179065704,0.0008571072248741984,0.9971247315406799,Standard,2.0,1.0,1296
SPARSE_UNIFORM,Standard_47,0,2.45286,0.25702,2359,0.02917000025609454,-0.01315719350708866,0.3755779564380646,0.4251543209876543,0.004462161101400852,0.0007359273149631917,0.0007917533512227237,0.9965172410011292,Standard,2.0,1.0,2592
SPARSE_UNIFORM,Standard_47,1,2.45286,0.25702,2359,0.02917000025609454,-0.01315719350708866,0.3755779564380646,0.4251543209876543,0.004462161101400852,0.0007359273149631917,0.0007917533512227237,0.9965172410011292,Standard,2.0,1.0,2592
SPARSE_UNIFORM,Standard_47,2,2.45286,0.25702,2359,0.02917000025609454,-0.01315719350708866,0.3755779564380646,0.4251543209876543,0.004462161101400852,0.0007359273149631917,0.0007917533512227237,0.9965172410011292,Standard,2.0,1.0,2592
SPARSE_UNIFORM,Standard_48,0,2.46361,0.0,648,0.01962104966055917,-0.01803453100957353,0.34056347608566284,0.7638888888888888,0.0,0.0,0.0,0.9974392652511597,Standard,3.0,0.5,648
SPARSE_UNIFORM,Standard_48,1,2.46361,0.0,648,0.01962104966055917,-0.01803453100957353,0.34056347608566284,0.7638888888888888,0.0,0.0,0.0,0.9974392652511597,Standard,3.0,0.5,648
SPARSE_UNIFORM,Standard_48,2,2.46361,0.0,648,0.01962104966055917,-0.01803453100957353,0.34056347608566284,0.7638888888888888,0.0,0.0,0.0,0.9974392652511597,Standard,3.0,0.5,648
SPARSE_UNIFORM,Standard_49,0,2.45133,0.0,1296,0.013845789774788102,-0.018130064693791637,0.3322694003582001,0.6141975308641975,0.0,0.0,0.0,0.9973540306091309,Standard,3.0,0.5,1296
SPARSE_UNIFORM,Standard_49,1,2.45133,0.0,1296,0.013845789774788102,-0.018130064693791637,0.3322694003582001,0.6141975308641975,0.0,0.0,0.0,0.9973540306091309,Standard,3.0,0.5,1296
SPARSE_UNIFORM,Standard_49,2,2.45133,0.0,1296,0.013845789774788102,-0.018130064693791637,0.3322694003582001,0.6141975308641975,0.0,0.0,0.0,0.9973540306091309,Standard,3.0,0.5,1296
SPARSE_UNIFORM,Standard_5,0,2.4486,120.24277,1774,1.5943394682580379,-1.0810754650913643,0.41887325048446655,0.4367283950617284,0.003294173162430525,0.19575627148151398,0.005893533118069172,0.9521336555480957,Standard,0.05,1.0,2592
SPARSE_UNIFORM,Standard_5,1,2.4486,120.24277,1774,1.5943394682580379,-1.0810754650913643,0.41887325048446655,0.4367283950617284,0.003294173162430525,0.19575627148151398,0.005893533118069172,0.9521336555480957,Standard,0.05,1.0,2592
SPARSE_UNIFORM,Standard_5,2,2.4486,120.24277,1774,1.5943394682580379,-1.0810754650913643,0.41887325048446655,0.4367283950617284,0.003294173162430525,0.19575627148151398,0.005893533118069172,0.9521336555480957,Standard,0.05,1.0,2592
SPARSE_UNIFORM,Standard_50,0,2.46475,0.0,2592,0.017170245319879908,-0.01817327907811106,0.3574954867362976,0.4220679012345679,0.0,0.0,0.0,0.9972478747367859,Standard,3.0,0.5,2592
SPARSE_UNIFORM,Standard_50,1,2.46475,0.0,2592,0.017170245319879908,-0.01817327907811106,0.3574954867362976,0.4220679012345679,0.0,0.0,0.0,0.9972478747367859,Standard,3.0,0.5,2592
SPARSE_UNIFORM,Standard_50,2,2.46475,0.0,2592,0.017170245319879908,-0.01817327907811106,0.3574954867362976,0.4220679012345679,0.0,0.0,0.0,0.9972478747367859,Standard,3.0,0.5,2592
SPARSE_UNIFORM,Standard_51,0,2.4654,0.0,648,0.011074539601106981,-0.01807890656677169,0.33946648240089417,0.75,0.0,0.0,0.0,0.9980548024177551,Standard,3.0,1.0,648
SPARSE_UNIFORM,Standard_51,1,2.4654,0.0,648,0.011074539601106981,-0.01807890656677169,0.33946648240089417,0.75,0.0,0.0,0.0,0.9980548024177551,Standard,3.0,1.0,648
SPARSE_UNIFORM,Standard_51,2,2.4654,0.0,648,0.011074539601106981,-0.01807890656677169,0.33946648240089417,0.75,0.0,0.0,0.0,0.9980548024177551,Standard,3.0,1.0,648
SPARSE_UNIFORM,Standard_52,0,2.45828,0.0,1296,0.015523861450160801,-0.018245819662469076,0.3335355818271637,0.6358024691358025,0.0,0.0,0.0,0.9976449608802795,Standard,3.0,1.0,1296
SPARSE_UNIFORM,Standard_52,1,2.45828,0.0,1296,0.015523861450160801,-0.018245819662469076,0.3335355818271637,0.6358024691358025,0.0,0.0,0.0,0.9976449608802795,Standard,3.0,1.0,1296
SPARSE_UNIFORM,Standard_52,2,2.45828,0.0,1296,0.015523861450160801,-0.018245819662469076,0.3335355818271637,0.6358024691358025,0.0,0.0,0.0,0.9976449608802795,Standard,3.0,1.0,1296
SPARSE_UNIFORM,Standard_53,0,2.46276,0.0,2592,0.017431320418792518,-0.018426326639601864,0.35692736506462097,0.42746913580246915,0.0,0.0,0.0,0.9978066086769104,Standard,3.0,1.0,2592
SPARSE_UNIFORM,Standard_53,1,2.46276,0.0,2592,0.017431320418792518,-0.018426326639601864,0.35692736506462097,0.42746913580246915,0.0,0.0,0.0,0.9978066086769104,Standard,3.0,1.0,2592
SPARSE_UNIFORM,Standard_53,2,2.46276,0.0,2592,0.017431320418792518,-0.018426326639601864,0.35692736506462097,0.42746913580246915,0.0,0.0,0.0,0.9978066086769104,Standard,3.0,1.0,2592
SPARSE_UNIFORM,Standard_54,0,2.45757,0.0,648,0.07460448814702103,-0.01814145762756114,0.3383353352546692,0.7901234567901234,0.0,0.0,0.0,0.9980040192604065,Standard,5.0,0.5,648
SPARSE_UNIFORM,Standard_54,1,2.45757,0.0,648,0.07460448814702103,-0.01814145762756114,0.3383353352546692,0.7901234567901234,0.0,0.0,0.0,0.9980040192604065,Standard,5.0,0.5,648
SPARSE_UNIFORM,Standard_54,2,2.45757,0.0,648,0.07460448814702103,-0.01814145762756114,0.3383353352546692,0.7901234567901234,0.0,0.0,0.0,0.9980040192604065,Standard,5.0,0.5,648
SPARSE_UNIFORM,Standard_55,0,2.45451,0.0,1296,0.012865930047294576,-0.018309240396567006,0.33101558685302734,0.6273148148148148,0.0,0.0,0.0,0.9972549080848694,Standard,5.0,0.5,1296
SPARSE_UNIFORM,Standard_55,1,2.45451,0.0,1296,0.012865930047294576,-0.018309240396567006,0.33101558685302734,0.6273148148148148,0.0,0.0,0.0,0.9972549080848694,Standard,5.0,0.5,1296
SPARSE_UNIFORM,Standard_55,2,2.45451,0.0,1296,0.012865930047294576,-0.018309240396567006,0.33101558685302734,0.6273148148148148,0.0,0.0,0.0,0.9972549080848694,Standard,5.0,0.5,1296
SPARSE_UNIFORM,Standard_56,0,2.4528,0.0,2592,0.011276509847504255,-0.018347916434006795,0.35694947838783264,0.43132716049382713,0.0,0.0,0.0,0.9976449608802795,Standard,5.0,0.5,2592
SPARSE_UNIFORM,Standard_56,1,2.4528,0.0,2592,0.011276509847504255,-0.018347916434006795,0.35694947838783264,0.43132716049382713,0.0,0.0,0.0,0.9976449608802795,Standard,5.0,0.5,2592
SPARSE_UNIFORM,Standard_56,2,2.4528,0.0,2592,0.011276509847504255,-0.018347916434006795,0.35694947838783264,0.43132716049382713,0.0,0.0,0.0,0.9976449608802795,Standard,5.0,0.5,2592
SPARSE_UNIFORM,Standard_57,0,2.46212,0.0,648,0.040202029283334516,-0.017979823652486182,0.3414878249168396,0.7854938271604939,0.0,0.0,0.0,0.9977911710739136,Standard,5.0,1.0,648
SPARSE_UNIFORM,Standard_57,1,2.46212,0.0,648,0.040202029283334516,-0.017979823652486182,0.3414878249168396,0.7854938271604939,0.0,0.0,0.0,0.9977911710739136,Standard,5.0,1.0,648
SPARSE_UNIFORM,Standard_57,2,2.46212,0.0,648,0.040202029283334516,-0.017979823652486182,0.3414878249168396,0.7854938271604939,0.0,0.0,0.0,0.9977911710739136,Standard,5.0,1.0,648
SPARSE_UNIFORM,Standard_58,0,2.45508,0.0,1296,0.08630077882452424,-0.018469957578698404,0.3333171308040619,0.6172839506172839,0.0,0.0,0.0,0.9974198341369629,Standard,5.0,1.0,1296
SPARSE_UNIFORM,Standard_58,1,2.45508,0.0,1296,0.08630077882452424,-0.018469957578698404,0.3333171308040619,0.6172839506172839,0.0,0.0,0.0,0.9974198341369629,Standard,5.0,1.0,1296
SPARSE_UNIFORM,Standard_58,2,2.45508,0.0,1296,0.08630077882452424,-0.018469957578698404,0.3333171308040619,0.6172839506172839,0.0,0.0,0.0,0.9974198341369629,Standard,5.0,1.0,1296
SPARSE_UNIFORM,Standard_59,0,2.45773,0.0,2592,0.01271474755896085,-0.018358043415436676,0.35695263743400574,0.4220679012345679,0.0,0.0,0.0,0.9977678656578064,Standard,5.0,1.0,2592
SPARSE_UNIFORM,Standard_59,1,2.45773,0.0,2592,0.01271474755896085,-0.018358043415436676,0.35695263743400574,0.4220679012345679,0.0,0.0,0.0,0.9977678656578064,Standard,5.0,1.0,2592
SPARSE_UNIFORM,Standard_59,2,2.45773,0.0,2592,0.01271474755896085,-0.018358043415436676,0.35695263743400574,0.4220679012345679,0.0,0.0,0.0,0.9977678656578064,Standard,5.0,1.0,2592
SPARSE_UNIFORM,Standard_6,0,2.45114,2.41765,633,0.15574324301299805,0.0428737390316174,0.3397599160671234,0.7731481481481481,0.0001490572321927175,0.010700986720621586,0.0002898936509154737,0.9937164187431335,Standard,0.1,0.5,648
SPARSE_UNIFORM,Standard_6,1,2.45114,2.41765,633,0.15574324301299805,0.0428737390316174,0.3397599160671234,0.7731481481481481,0.0001490572321927175,0.010700986720621586,0.0002898936509154737,0.9937164187431335,Standard,0.1,0.5,648
SPARSE_UNIFORM,Standard_6,2,2.45114,2.41765,633,0.15574324301299805,0.0428737390316174,0.3397599160671234,0.7731481481481481,0.0001490572321927175,0.010700986720621586,0.0002898936509154737,0.9937164187431335,Standard,0.1,0.5,648
SPARSE_UNIFORM,Standard_7,0,2.46292,2.65084,1274,0.19070970321434005,0.04859126150786952,0.3322099447250366,0.6304012345679012,0.0001926908880705014,0.005747972056269646,0.0002928200119640678,0.9956209063529968,Standard,0.1,0.5,1296
SPARSE_UNIFORM,Standard_7,1,2.46292,2.65084,1274,0.19070970321434005,0.04859126150786952,0.3322099447250366,0.6304012345679012,0.0001926908880705014,0.005747972056269646,0.0002928200119640678,0.9956209063529968,Standard,0.1,0.5,1296
SPARSE_UNIFORM,Standard_7,2,2.46292,2.65084,1274,0.19070970321434005,0.04859126150786952,0.3322099447250366,0.6304012345679012,0.0001926908880705014,0.005747972056269646,0.0002928200119640678,0.9956209063529968,Standard,0.1,0.5,1296
SPARSE_UNIFORM,Standard_8,0,2.45504,2.75108,2568,0.16104396654211955,0.053611510334785284,0.35411638021469116,0.42399691358024694,0.00011210064258193597,0.003924645949155092,0.00018064143660012633,0.9964993596076965,Standard,0.1,0.5,2592
SPARSE_UNIFORM,Standard_8,1,2.45504,2.75108,2568,0.16104396654211955,0.053611510334785284,0.35411638021469116,0.42399691358024694,0.00011210064258193597,0.003924645949155092,0.00018064143660012633,0.9964993596076965,Standard,0.1,0.5,2592
SPARSE_UNIFORM,Standard_8,2,2.45504,2.75108,2568,0.16104396654211955,0.053611510334785284,0.35411638021469116,0.42399691358024694,0.00011210064258193597,0.003924645949155092,0.00018064143660012633,0.9964993596076965,Standard,0.1,0.5,2592
SPARSE_UNIFORM,Standard_9,0,2.45765,85.40714,1,1.3348711765538877,-0.20925419071660256,0.41432562470436096,0.8842592592592593,0.010894892737269402,0.6503157019615173,0.019711151719093323,0.8689724802970886,Standard,0.1,1.0,648
SPARSE_UNIFORM,Standard_9,1,2.45765,85.40714,1,1.3348711765538877,-0.20925419071660256,0.41432562470436096,0.8842592592592593,0.010894892737269402,0.6503157019615173,0.019711151719093323,0.8689724802970886,Standard,0.1,1.0,648
SPARSE_UNIFORM,Standard_9,2,2.45765,85.40714,1,1.3348711765538877,-0.20925419071660256,0.41432562470436096,0.8842592592592593,0.010894892737269402,0.6503157019615173,0.019711151719093323,0.8689724802970886,Standard,0.1,1.0,648
SPHERICAL,Standard_0,0,75.27304,7.94899,625,0.43486640625,0.15476518471132183,0.33808380365371704,0.7962962962962963,0.0016406562644988298,0.010593120008707047,0.002836819738149643,0.9308680891990662,Standard,0.05,0.5,648
SPHERICAL,Standard_0,1,75.27304,7.94899,625,0.43486640625,0.15476518471132183,0.33808380365371704,0.7962962962962963,0.0016406562644988298,0.010593120008707047,0.002836819738149643,0.9308680891990662,Standard,0.05,0.5,648
SPHERICAL,Standard_0,2,75.27304,7.94899,625,0.43486640625,0.15476518471132183,0.33808380365371704,0.7962962962962963,0.0016406562644988298,0.010593120008707047,0.002836819738149643,0.9308680891990662,Standard,0.05,0.5,648
SPHERICAL,Standard_1,0,75.29175,9.49367,1265,0.469130546875,0.16882488778589777,0.33104220032691956,0.6427469135802469,0.0010980519000440836,0.0065101622603833675,0.0018749493174254894,0.9353247880935669,Standard,0.05,0.5,1296
SPHERICAL,Standard_1,1,75.29175,9.49367,1265,0.469130546875,0.16882488778589777,0.33104220032691956,0.6427469135802469,0.0010980519000440836,0.0065101622603833675,0.0018749493174254894,0.9353247880935669,Standard,0.05,0.5,1296
SPHERICAL,Standard_1,2,75.29175,9.49367,1265,0.469130546875,0.16882488778589777,0.33104220032691956,0.6427469135802469,0.0010980519000440836,0.0065101622603833675,0.0018749493174254894,0.9353247880935669,Standard,0.05,0.5,1296
SPHERICAL,Standard_10,0,75.26921,263.66592,304,3.3304878125,-5.567138235502753,0.37693527340888977,0.6890432098765432,0.14291682839393616,0.27540862560272217,0.09497891366481781,0.7704718708992004,Standard,0.1,1.0,1296
SPHERICAL,Standard_10,1,75.26921,263.66592,304,3.3304878125,-5.567138235502753,0.37693527340888977,0.6890432098765432,0.14291682839393616,0.27540862560272217,0.09497891366481781,0.7704718708992004,Standard,0.1,1.0,1296
SPHERICAL,Standard_10,2,75.26921,263.66592,304,3.3304878125,-5.567138235502753,0.37693527340888977,0.6890432098765432,0.14291682839393616,0.27540862560272217,0.09497891366481781,0.7704718708992004,Standard,0.1,1.0,1296
SPHERICAL,Standard_11,0,75.2601,280.51014,1394,3.5181603125,-6.659915482441195,0.4048275947570801,0.439429012345679,0.11919856071472168,0.1497042328119278,0.05552644655108452,0.851104199886322,Standard,0.1,1.0,2592
SPHERICAL,Standard_11,1,75.2601,280.51014,1394,3.5181603125,-6.659915482441195,0.4048275947570801,0.439429012345679,0.11919856071472168,0.1497042328119278,0.05552644655108452,0.851104199886322,Standard,0.1,1.0,2592
SPHERICAL,Standard_11,2,75.2601,280.51014,1394,3.5181603125,-6.659915482441195,0.4048275947570801,0.439429012345679,0.11919856071472168,0.1497042328119278,0.05552644655108452,0.851104199886322,Standard,0.1,1.0,2592
SPHERICAL,Standard_12,0,75.25764,3.97245,628,0.3178294921875,0.1988084670463347,0.33980610966682434,0.7916666666666666,0.007736559491604567,0.01477846223860979,0.009344037622213364,0.9375178217887878,Standard,0.2,0.5,648
SPHERICAL,Standard_12,1,75.25764,3.97245,628,0.3178294921875,0.1988084670463347,0.33980610966682434,0.7916666666666666,0.007736559491604567,0.01477846223860979,0.009344037622213364,0.9375178217887878,Standard,0.2,0.5,648
SPHERICAL,Standard_12,2,75.25764,3.97245,628,0.3178294921875,0.1988084670463347,0.33980610966682434,0.7916666666666666,0.007736559491604567,0.01477846223860979,0.009344037622213364,0.9375178217887878,Standard,0.2,0.5,648
SPHERICAL,Standard_13,0,75.22171,3.87737,1270,0.3472968359375,0.23536049047146446,0.3318061828613281,0.6257716049382716,0.003726540133357048,0.006839328445494175,0.004413967486470938,0.9397609233856201,Standard,0.2,0.5,1296
SPHERICAL,Standard_13,1,75.22171,3.87737,1270,0.3472968359375,0.23536049047146446,0.3318061828613281,0.6257716049382716,0.003726540133357048,0.006839328445494175,0.004413967486470938,0.9397609233856201,Standard,0.2,0.5,1296
SPHERICAL,Standard_13,2,75.22171,3.87737,1270,0.3472968359375,0.23536049047146446,0.3318061828613281,0.6257716049382716,0.003726540133357048,0.006839328445494175,0.004413967486470938,0.9397609233856201,Standard,0.2,0.5,1296
SPHERICAL,Standard_14,0,75.24444,3.49181,2559,0.406885390625,0.3191977292600916,0.3565285801887512,0.43171296296296297,0.003283654572442174,0.004192424938082695,0.0033809877932071686,0.9410820603370667,Standard,0.2,0.5,2592
SPHERICAL,Standard_14,1,75.24444,3.49181,2559,0.406885390625,0.3191977292600916,0.3565285801887512,0.43171296296296297,0.003283654572442174,0.004192424938082695,0.0033809877932071686,0.9410820603370667,Standard,0.2,0.5,2592
SPHERICAL,Standard_14,2,75.24444,3.49181,2559,0.406885390625,0.3191977292600916,0.3565285801887512,0.43171296296296297,0.003283654572442174,0.004192424938082695,0.0033809877932071686,0.9410820603370667,Standard,0.2,0.5,2592
SPHERICAL,Standard_15,0,75.22484,181.7647,1,2.1106575,-0.894137535863694,0.4117088317871094,0.8796296296296297,0.1509615182876587,0.39571112394332886,0.14587782323360443,0.7073947191238403,Standard,0.2,1.0,648
SPHERICAL,Standard_15,1,75.22484,181.7647,1,2.1106575,-0.894137535863694,0.4117088317871094,0.8796296296296297,0.1509615182876587,0.39571112394332886,0.14587782323360443,0.7073947191238403,Standard,0.2,1.0,648
SPHERICAL,Standard_15,2,75.22484,181.7647,1,2.1106575,-0.894137535863694,0.4117088317871094,0.8796296296296297,0.1509615182876587,0.39571112394332886,0.14587782323360443,0.7073947191238403,Standard,0.2,1.0,648
SPHERICAL,Standard_16,0,75.29328,210.1926,275,2.46321828125,-1.9685682281467431,0.3775792717933655,0.6674382716049383,0.21901001036167145,0.24320729076862335,0.10911142081022263,0.8079776763916016,Standard,0.2,1.0,1296
SPHERICAL,Standard_16,1,75.29328,210.1926,275,2.46321828125,-1.9685682281467431,0.3775792717933655,0.6674382716049383,0.21901001036167145,0.24320729076862335,0.10911142081022263,0.8079776763916016,Standard,0.2,1.0,1296
SPHERICAL,Standard_16,2,75.29328,210.1926,275,2.46321828125,-1.9685682281467431,0.3775792717933655,0.6674382716049383,0.21901001036167145,0.24320729076862335,0.10911142081022263,0.8079776763916016,Standard,0.2,1.0,1296
SPHERICAL,Standard_17,0,75.19836,219.98216,1476,2.5698128125,-2.3424020861254857,0.4028666913509369,0.4367283950617284,0.12195051461458206,0.1273317188024521,0.0564078688621521,0.8718805313110352,Standard,0.2,1.0,2592
SPHERICAL,Standard_17,1,75.19836,219.98216,1476,2.5698128125,-2.3424020861254857,0.4028666913509369,0.4367283950617284,0.12195051461458206,0.1273317188024521,0.0564078688621521,0.8718805313110352,Standard,0.2,1.0,2592
SPHERICAL,Standard_17,2,75.19836,219.98216,1476,2.5698128125,-2.3424020861254857,0.4028666913509369,0.4367283950617284,0.12195051461458206,0.1273317188024521,0.0564078688621521,0.8718805313110352,Standard,0.2,1.0,2592
SPHERICAL,Standard_18,0,75.23162,1.53266,624,0.3545304296875,0.3022602906606495,0.3417474627494812,0.7839506172839507,0.016388295218348503,0.015456762164831161,0.015461023896932602,0.9413846135139465,Standard,0.4,0.5,648
SPHERICAL,Standard_18,1,75.23162,1.53266,624,0.3545304296875,0.3022602906606495,0.3417474627494812,0.7839506172839507,0.016388295218348503,0.015456762164831161,0.015461023896932602,0.9413846135139465,Standard,0.4,0.5,648
SPHERICAL,Standard_18,2,75.23162,1.53266,624,0.3545304296875,0.3022602906606495,0.3417474627494812,0.7839506172839507,0.016388295218348503,0.015456762164831161,0.015461023896932602,0.9413846135139465,Standard,0.4,0.5,648
SPHERICAL,Standard_19,0,75.25511,1.3856,1269,0.3601218359375,0.323623765348631,0.33279627561569214,0.6257716049382716,0.009062543511390686,0.008119214326143265,0.008337099105119705,0.9418154954910278,Standard,0.4,0.5,1296
SPHERICAL,Standard_19,1,75.25511,1.3856,1269,0.3601218359375,0.323623765348631,0.33279627561569214,0.6257716049382716,0.009062543511390686,0.008119214326143265,0.008337099105119705,0.9418154954910278,Standard,0.4,0.5,1296
SPHERICAL,Standard_19,2,75.25511,1.3856,1269,0.3601218359375,0.323623765348631,0.33279627561569214,0.6257716049382716,0.009062543511390686,0.008119214326143265,0.008337099105119705,0.9418154954910278,Standard,0.4,0.5,1296
SPHERICAL,Standard_2,0,75.24177,8.23399,2565,0.454431796875,0.16017217398834516,0.3551971912384033,0.4332561728395062,0.0005281889461912215,0.00328078749589622,0.0009086255449801683,0.9391456842422485,Standard,0.05,0.5,2592
SPHERICAL,Standard_2,1,75.24177,8.23399,2565,0.454431796875,0.16017217398834516,0.3551971912384033,0.4332561728395062,0.0005281889461912215,0.00328078749589622,0.0009086255449801683,0.9391456842422485,Standard,0.05,0.5,2592
SPHERICAL,Standard_2,2,75.24177,8.23399,2565,0.454431796875,0.16017217398834516,0.3551971912384033,0.4332561728395062,0.0005281889461912215,0.00328078749589622,0.0009086255449801683,0.9391456842422485,Standard,0.05,0.5,2592
SPHERICAL,Standard_20,0,75.26947,1.5957,2560,0.38653578125,0.3536800158871958,0.35527268052101135,0.42862654320987653,0.005513970274478197,0.0043709008023142815,0.0047079529613256454,0.941835880279541,Standard,0.4,0.5,2592
SPHERICAL,Standard_20,1,75.26947,1.5957,2560,0.38653578125,0.3536800158871958,0.35527268052101135,0.42862654320987653,0.005513970274478197,0.0043709008023142815,0.0047079529613256454,0.941835880279541,Standard,0.4,0.5,2592
SPHERICAL,Standard_20,2,75.26947,1.5957,2560,0.38653578125,0.3536800158871958,0.35527268052101135,0.42862654320987653,0.005513970274478197,0.0043709008023142815,0.0047079529613256454,0.941835880279541,Standard,0.4,0.5,2592
SPHERICAL,Standard_21,0,75.23682,39.26319,59,0.829861875,0.5952615885450461,0.3980456590652466,0.7824074074074074,0.4633164703845978,0.16289399564266205,0.17521896958351135,0.9002612829208374,Standard,0.4,1.0,648
SPHERICAL,Standard_21,1,75.23682,39.26319,59,0.829861875,0.5952615885450461,0.3980456590652466,0.7824074074074074,0.4633164703845978,0.16289399564266205,0.17521896958351135,0.9002612829208374,Standard,0.4,1.0,648
SPHERICAL,Standard_21,2,75.23682,39.26319,59,0.829861875,0.5952615885450461,0.3980456590652466,0.7824074074074074,0.4633164703845978,0.16289399564266205,0.17521896958351135,0.9002612829208374,Standard,0.4,1.0,648
SPHERICAL,Standard_22,0,75.24539,44.17441,506,0.88034609375,0.6038566845013562,0.37002283334732056,0.6172839506172839,0.3079904615879059,0.08976828306913376,0.0997074767947197,0.9182711839675903,Standard,0.4,1.0,1296
SPHERICAL,Standard_22,1,75.24539,44.17441,506,0.88034609375,0.6038566845013562,0.37002283334732056,0.6172839506172839,0.3079904615879059,0.08976828306913376,0.0997074767947197,0.9182711839675903,Standard,0.4,1.0,1296
SPHERICAL,Standard_22,2,75.24539,44.17441,506,0.88034609375,0.6038566845013562,0.37002283334732056,0.6172839506172839,0.3079904615879059,0.08976828306913376,0.0997074767947197,0.9182711839675903,Standard,0.4,1.0,1296
SPHERICAL,Standard_23,0,75.22119,43.84276,1792,0.888706171875,0.5962382117450149,0.3935815691947937,0.4263117283950617,0.15696518123149872,0.04547999054193497,0.04999064654111862,0.9303322434425354,Standard,0.4,1.0,2592
SPHERICAL,Standard_23,1,75.22119,43.84276,1792,0.888706171875,0.5962382117450149,0.3935815691947937,0.4263117283950617,0.15696518123149872,0.04547999054193497,0.04999064654111862,0.9303322434425354,Standard,0.4,1.0,2592
SPHERICAL,Standard_23,2,75.22119,43.84276,1792,0.888706171875,0.5962382117450149,0.3935815691947937,0.4263117283950617,0.15696518123149872,0.04547999054193497,0.04999064654111862,0.9303322434425354,Standard,0.4,1.0,2592
SPHERICAL,Standard_24,0,75.25924,1.13268,620,0.31076513671875,0.29629828091180077,0.3416244685649872,0.7932098765432098,0.01924489438533783,0.013782572001218796,0.015702083706855774,0.9417445063591003,Standard,0.6,0.5,648
SPHERICAL,Standard_24,1,75.25924,1.13268,620,0.31076513671875,0.29629828091180077,0.3416244685649872,0.7932098765432098,0.01924489438533783,0.013782572001218796,0.015702083706855774,0.9417445063591003,Standard,0.6,0.5,648
SPHERICAL,Standard_24,2,75.25924,1.13268,620,0.31076513671875,0.29629828091180077,0.3416244685649872,0.7932098765432098,0.01924489438533783,0.013782572001218796,0.015702083706855774,0.9417445063591003,Standard,0.6,0.5,648
SPHERICAL,Standard_25,0,75.23078,1.14619,1264,0.32555095703125,0.32168993538323876,0.3334450125694275,0.6319444444444444,0.0160541869699955,0.009259410202503204,0.011335008777678013,0.942175030708313,Standard,0.6,0.5,1296
SPHERICAL,Standard_25,1,75.23078,1.14619,1264,0.32555095703125,0.32168993538323876,0.3334450125694275,0.6319444444444444,0.0160541869699955,0.009259410202503204,0.011335008777678013,0.942175030708313,Standard,0.6,0.5,1296
SPHERICAL,Standard_25,2,75.23078,1.14619,1264,0.32555095703125,0.32168993538323876,0.3334450125694275,0.6319444444444444,0.0160541869699955,0.009259410202503204,0.011335008777678013,0.942175030708313,Standard,0.6,0.5,1296
SPHERICAL,Standard_26,0,75.21531,1.16718,2556,0.329448671875,0.333792668399979,0.35843461751937866,0.435570987654321,0.008650588802993298,0.004839109722524881,0.006079273764044046,0.9420734643936157,Standard,0.6,0.5,2592
SPHERICAL,Standard_26,1,75.21531,1.16718,2556,0.329448671875,0.333792668399979,0.35843461751937866,0.435570987654321,0.008650588802993298,0.004839109722524881,0.006079273764044046,0.9420734643936157,Standard,0.6,0.5,2592
SPHERICAL,Standard_26,2,75.21531,1.16718,2556,0.329448671875,0.333792668399979,0.35843461751937866,0.435570987654321,0.008650588802993298,0.004839109722524881,0.006079273764044046,0.9420734643936157,Standard,0.6,0.5,2592
SPHERICAL,Standard_27,0,75.26189,6.79706,92,0.5651009375,0.7550965618181201,0.3818751275539398,0.7114197530864198,0.6273220777511597,0.10208933800458908,0.17048366367816925,0.9432806372642517,Standard,0.6,1.0,648
SPHERICAL,Standard_27,1,75.26189,6.79706,92,0.5651009375,0.7550965618181201,0.3818751275539398,0.7114197530864198,0.6273220777511597,0.10208933800458908,0.17048366367816925,0.9432806372642517,Standard,0.6,1.0,648
SPHERICAL,Standard_27,2,75.26189,6.79706,92,0.5651009375,0.7550965618181201,0.3818751275539398,0.7114197530864198,0.6273220777511597,0.10208933800458908,0.17048366367816925,0.9432806372642517,Standard,0.6,1.0,648
SPHERICAL,Standard_28,0,75.24827,7.2428,590,0.551019921875,0.7565522663070651,0.3650668263435364,0.5817901234567902,0.39641037583351135,0.05430961400270462,0.09242802113294601,0.9426798820495605,Standard,0.6,1.0,1296
SPHERICAL,Standard_28,1,75.24827,7.2428,590,0.551019921875,0.7565522663070651,0.3650668263435364,0.5817901234567902,0.39641037583351135,0.05430961400270462,0.09242802113294601,0.9426798820495605,Standard,0.6,1.0,1296
SPHERICAL,Standard_28,2,75.24827,7.2428,590,0.551019921875,0.7565522663070651,0.3650668263435364,0.5817901234567902,0.39641037583351135,0.05430961400270462,0.09242802113294601,0.9426798820495605,Standard,0.6,1.0,1296
SPHERICAL,Standard_29,0,75.28045,7.44917,1836,0.55014421875,0.7516005404629689,0.3864903748035431,0.4104938271604938,0.20351377129554749,0.0266917422413826,0.04546189680695534,0.942129909992218,Standard,0.6,1.0,2592
SPHERICAL,Standard_29,1,75.28045,7.44917,1836,0.55014421875,0.7516005404629689,0.3864903748035431,0.4104938271604938,0.20351377129554749,0.0266917422413826,0.04546189680695534,0.942129909992218,Standard,0.6,1.0,2592
SPHERICAL,Standard_29,2,75.28045,7.44917,1836,0.55014421875,0.7516005404629689,0.3864903748035431,0.4104938271604938,0.20351377129554749,0.0266917422413826,0.04546189680695534,0.942129909992218,Standard,0.6,1.0,2592
SPHERICAL,Standard_3,0,75.26033,240.56862,9,2.2537090625,-1.06529147237117,0.3727192282676697,0.8179012345679012,0.07300762832164764,0.4315471053123474,0.11854691803455353,0.6208019256591797,Standard,0.05,1.0,648
SPHERICAL,Standard_3,1,75.26033,240.56862,9,2.2537090625,-1.06529147237117,0.3727192282676697,0.8179012345679012,0.07300762832164764,0.4315471053123474,0.11854691803455353,0.6208019256591797,Standard,0.05,1.0,648
SPHERICAL,Standard_3,2,75.26033,240.56862,9,2.2537090625,-1.06529147237117,0.3727192282676697,0.8179012345679012,0.07300762832164764,0.4315471053123474,0.11854691803455353,0.6208019256591797,Standard,0.05,1.0,648
SPHERICAL,Standard_30,0,75.19239,0.83178,621,0.2364090625,0.2589407438146447,0.34148716926574707,0.7978395061728395,0.02239794284105301,0.011921342462301254,0.015318689867854118,0.942075252532959,Standard,1.0,0.5,648
SPHERICAL,Standard_30,1,75.19239,0.83178,621,0.2364090625,0.2589407438146447,0.34148716926574707,0.7978395061728395,0.02239794284105301,0.011921342462301254,0.015318689867854118,0.942075252532959,Standard,1.0,0.5,648
SPHERICAL,Standard_30,2,75.19239,0.83178,621,0.2364090625,0.2589407438146447,0.34148716926574707,0.7978395061728395,0.02239794284105301,0.011921342462301254,0.015318689867854118,0.942075252532959,Standard,1.0,0.5,648
SPHERICAL,Standard_31,0,75.2552,0.8541,1264,0.2502576171875,0.2819112679174972,0.3332318067550659,0.6334876543209876,0.01604692079126835,0.007648006081581116,0.010223185643553734,0.9421634674072266,Standard,1.0,0.5,1296
SPHERICAL,Standard_31,1,75.2552,0.8541,1264,0.2502576171875,0.2819112679174972,0.3332318067550659,0.6334876543209876,0.01604692079126835,0.007648006081581116,0.010223185643553734,0.9421634674072266,Standard,1.0,0.5,1296
SPHERICAL,Standard_31,2,75.2552,0.8541,1264,0.2502576171875,0.2819112679174972,0.3332318067550659,0.6334876543209876,0.01604692079126835,0.007648006081581116,0.010223185643553734,0.9421634674072266,Standard,1.0,0.5,1296
SPHERICAL,Standard_32,0,75.25962,0.85405,2557,0.25095671875,0.28658041442419,0.3580300211906433,0.4375,0.008604236878454685,0.003643010975793004,0.004987201653420925,0.942040741443634,Standard,1.0,0.5,2592
SPHERICAL,Standard_32,1,75.25962,0.85405,2557,0.25095671875,0.28658041442419,0.3580300211906433,0.4375,0.008604236878454685,0.003643010975793004,0.004987201653420925,0.942040741443634,Standard,1.0,0.5,2592
SPHERICAL,Standard_32,2,75.25962,0.85405,2557,0.25095671875,0.28658041442419,0.3580300211906433,0.4375,0.008604236878454685,0.003643010975793004,0.004987201653420925,0.942040741443634,Standard,1.0,0.5,2592
SPHERICAL,Standard_33,0,75.27761,3.51499,132,0.470577734375,0.7076446128679155,0.3799402415752411,0.6975308641975309,0.5900763869285583,0.07203664630651474,0.12790828943252563,0.94482421875,Standard,1.0,1.0,648
SPHERICAL,Standard_33,1,75.27761,3.51499,132,0.470577734375,0.7076446128679155,0.3799402415752411,0.6975308641975309,0.5900763869285583,0.07203664630651474,0.12790828943252563,0.94482421875,Standard,1.0,1.0,648
SPHERICAL,Standard_33,2,75.27761,3.51499,132,0.470577734375,0.7076446128679155,0.3799402415752411,0.6975308641975309,0.5900763869285583,0.07203664630651474,0.12790828943252563,0.94482421875,Standard,1.0,1.0,648
SPHERICAL,Standard_34,0,75.25597,3.62859,634,0.456667734375,0.701814368142788,0.36763444542884827,0.5856481481481481,0.3742101788520813,0.0375206433236599,0.06793314963579178,0.9434806704521179,Standard,1.0,1.0,1296
SPHERICAL,Standard_34,1,75.25597,3.62859,634,0.456667734375,0.701814368142788,0.36763444542884827,0.5856481481481481,0.3742101788520813,0.0375206433236599,0.06793314963579178,0.9434806704521179,Standard,1.0,1.0,1296
SPHERICAL,Standard_34,2,75.25597,3.62859,634,0.456667734375,0.701814368142788,0.36763444542884827,0.5856481481481481,0.3742101788520813,0.0375206433236599,0.06793314963579178,0.9434806704521179,Standard,1.0,1.0,1296
SPHERICAL,Standard_35,0,75.21275,3.60684,1870,0.45108875,0.6985047316570494,0.39087626338005066,0.42476851851851855,0.199545755982399,0.018905114382505417,0.03436986356973648,0.9427807927131653,Standard,1.0,1.0,2592
SPHERICAL,Standard_35,1,75.21275,3.60684,1870,0.45108875,0.6985047316570494,0.39087626338005066,0.42476851851851855,0.199545755982399,0.018905114382505417,0.03436986356973648,0.9427807927131653,Standard,1.0,1.0,2592
SPHERICAL,Standard_35,2,75.21275,3.60684,1870,0.45108875,0.6985047316570494,0.39087626338005066,0.42476851851851855,0.199545755982399,0.018905114382505417,0.03436986356973648,0.9427807927131653,Standard,1.0,1.0,2592
SPHERICAL,Standard_36,0,75.24822,0.69001,614,0.18217296875,0.23192685595656048,0.3442164361476898,0.7716049382716049,0.03701398894190788,0.012686317786574364,0.01824931427836418,0.9423242211341858,Standard,1.5,0.5,648
SPHERICAL,Standard_36,1,75.24822,0.69001,614,0.18217296875,0.23192685595656048,0.3442164361476898,0.7716049382716049,0.03701398894190788,0.012686317786574364,0.01824931427836418,0.9423242211341858,Standard,1.5,0.5,648
SPHERICAL,Standard_36,2,75.24822,0.69001,614,0.18217296875,0.23192685595656048,0.3442164361476898,0.7716049382716049,0.03701398894190788,0.012686317786574364,0.01824931427836418,0.9423242211341858,Standard,1.5,0.5,648
SPHERICAL,Standard_37,0,75.2673,0.69765,1258,0.184892734375,0.24159258573187947,0.3343470096588135,0.6466049382716049,0.019822342321276665,0.006444987840950489,0.009624338708817959,0.9421636462211609,Standard,1.5,0.5,1296
SPHERICAL,Standard_37,1,75.2673,0.69765,1258,0.184892734375,0.24159258573187947,0.3343470096588135,0.6466049382716049,0.019822342321276665,0.006444987840950489,0.009624338708817959,0.9421636462211609,Standard,1.5,0.5,1296
SPHERICAL,Standard_37,2,75.2673,0.69765,1258,0.184892734375,0.24159258573187947,0.3343470096588135,0.6466049382716049,0.019822342321276665,0.006444987840950489,0.009624338708817959,0.9421636462211609,Standard,1.5,0.5,1296
SPHERICAL,Standard_38,0,75.27414,0.71172,2549,0.1924252734375,0.254777561006009,0.35870930552482605,0.4351851851851852,0.011824105866253376,0.003395535284653306,0.005209246650338173,0.9420306086540222,Standard,1.5,0.5,2592
SPHERICAL,Standard_38,1,75.27414,0.71172,2549,0.1924252734375,0.254777561006009,0.35870930552482605,0.4351851851851852,0.011824105866253376,0.003395535284653306,0.005209246650338173,0.9420306086540222,Standard,1.5,0.5,2592
SPHERICAL,Standard_38,2,75.27414,0.71172,2549,0.1924252734375,0.254777561006009,0.35870930552482605,0.4351851851851852,0.011824105866253376,0.003395535284653306,0.005209246650338173,0.9420306086540222,Standard,1.5,0.5,2592
SPHERICAL,Standard_39,0,75.26623,2.67091,195,0.38279109375,0.6104794045691141,0.3775990903377533,0.6990740740740741,0.5255499482154846,0.054041679948568344,0.09775275737047195,0.9440311193466187,Standard,1.5,1.0,648
SPHERICAL,Standard_39,1,75.26623,2.67091,195,0.38279109375,0.6104794045691141,0.3775990903377533,0.6990740740740741,0.5255499482154846,0.054041679948568344,0.09775275737047195,0.9440311193466187,Standard,1.5,1.0,648
SPHERICAL,Standard_39,2,75.26623,2.67091,195,0.38279109375,0.6104794045691141,0.3775990903377533,0.6990740740740741,0.5255499482154846,0.054041679948568344,0.09775275737047195,0.9440311193466187,Standard,1.5,1.0,648
SPHERICAL,Standard_4,0,75.31441,264.20098,540,2.985821875,-3.8845310218718465,0.36233824491500854,0.6589506172839507,0.046468336135149,0.2472325563430786,0.07195696234703064,0.7667589783668518,Standard,0.05,1.0,1296
SPHERICAL,Standard_4,1,75.31441,264.20098,540,2.985821875,-3.8845310218718465,0.36233824491500854,0.6589506172839507,0.046468336135149,0.2472325563430786,0.07195696234703064,0.7667589783668518,Standard,0.05,1.0,1296
SPHERICAL,Standard_4,2,75.31441,264.20098,540,2.985821875,-3.8845310218718465,0.36233824491500854,0.6589506172839507,0.046468336135149,0.2472325563430786,0.07195696234703064,0.7667589783668518,Standard,0.05,1.0,1296
SPHERICAL,Standard_40,0,75.26932,2.68864,710,0.37112859375,0.6054187890247467,0.365705281496048,0.5995370370370371,0.34500741958618164,0.028087127953767776,0.05176732689142227,0.943109393119812,Standard,1.5,1.0,1296
SPHERICAL,Standard_40,1,75.26932,2.68864,710,0.37112859375,0.6054187890247467,0.365705281496048,0.5995370370370371,0.34500741958618164,0.028087127953767776,0.05176732689142227,0.943109393119812,Standard,1.5,1.0,1296
SPHERICAL,Standard_40,2,75.26932,2.68864,710,0.37112859375,0.6054187890247467,0.365705281496048,0.5995370370370371,0.34500741958618164,0.028087127953767776,0.05176732689142227,0.943109393119812,Standard,1.5,1.0,1296
SPHERICAL,Standard_41,0,75.25465,2.72566,1957,0.370008359375,0.6064316603092021,0.3952723443508148,0.4216820987654321,0.17845559120178223,0.013814068399369717,0.02556583285331726,0.942467212677002,Standard,1.5,1.0,2592
SPHERICAL,Standard_41,1,75.25465,2.72566,1957,0.370008359375,0.6064316603092021,0.3952723443508148,0.4216820987654321,0.17845559120178223,0.013814068399369717,0.02556583285331726,0.942467212677002,Standard,1.5,1.0,2592
SPHERICAL,Standard_41,2,75.25465,2.72566,1957,0.370008359375,0.6064316603092021,0.3952723443508148,0.4216820987654321,0.17845559120178223,0.013814068399369717,0.02556583285331726,0.942467212677002,Standard,1.5,1.0,2592
SPHERICAL,Standard_42,0,75.24004,0.48602,627,0.11154390625,0.15568154391410183,0.34356483817100525,0.7870370370370371,0.017682647332549095,0.007325106766074896,0.010288550518453121,0.942034900188446,Standard,2.0,0.5,648
SPHERICAL,Standard_42,1,75.24004,0.48602,627,0.11154390625,0.15568154391410183,0.34356483817100525,0.7870370370370371,0.017682647332549095,0.007325106766074896,0.010288550518453121,0.942034900188446,Standard,2.0,0.5,648
SPHERICAL,Standard_42,2,75.24004,0.48602,627,0.11154390625,0.15568154391410183,0.34356483817100525,0.7870370370370371,0.017682647332549095,0.007325106766074896,0.010288550518453121,0.942034900188446,Standard,2.0,0.5,648
SPHERICAL,Standard_43,0,75.24321,0.54018,1265,0.12477919921875,0.17649451174672526,0.3333360254764557,0.6273148148148148,0.014687578193843365,0.005090562626719475,0.0074848304502666,0.9421252012252808,Standard,2.0,0.5,1296
SPHERICAL,Standard_43,1,75.24321,0.54018,1265,0.12477919921875,0.17649451174672526,0.3333360254764557,0.6273148148148148,0.014687578193843365,0.005090562626719475,0.0074848304502666,0.9421252012252808,Standard,2.0,0.5,1296
SPHERICAL,Standard_43,2,75.24321,0.54018,1265,0.12477919921875,0.17649451174672526,0.3333360254764557,0.6273148148148148,0.014687578193843365,0.005090562626719475,0.0074848304502666,0.9421252012252808,Standard,2.0,0.5,1296
SPHERICAL,Standard_44,0,75.28071,0.56097,2561,0.13092400390625,0.1864319707676645,0.3572465181350708,0.43364197530864196,0.007869584485888481,0.002569899894297123,0.003827885026112199,0.9419945478439331,Standard,2.0,0.5,2592
SPHERICAL,Standard_44,1,75.28071,0.56097,2561,0.13092400390625,0.1864319707676645,0.3572465181350708,0.43364197530864196,0.007869584485888481,0.002569899894297123,0.003827885026112199,0.9419945478439331,Standard,2.0,0.5,2592
SPHERICAL,Standard_44,2,75.28071,0.56097,2561,0.13092400390625,0.1864319707676645,0.3572465181350708,0.43364197530864196,0.007869584485888481,0.002569899894297123,0.003827885026112199,0.9419945478439331,Standard,2.0,0.5,2592
SPHERICAL,Standard_45,0,75.26845,1.57367,556,0.27736091796875,0.4152298528334356,0.35066258907318115,0.7623456790123457,0.10435041785240173,0.031312499195337296,0.0479518361389637,0.9431412220001221,Standard,2.0,1.0,648
SPHERICAL,Standard_45,1,75.26845,1.57367,556,0.27736091796875,0.4152298528334356,0.35066258907318115,0.7623456790123457,0.10435041785240173,0.031312499195337296,0.0479518361389637,0.9431412220001221,Standard,2.0,1.0,648
SPHERICAL,Standard_45,2,75.26845,1.57367,556,0.27736091796875,0.4152298528334356,0.35066258907318115,0.7623456790123457,0.10435041785240173,0.031312499195337296,0.0479518361389637,0.9431412220001221,Standard,2.0,1.0,648
SPHERICAL,Standard_46,0,75.27764,1.83273,1128,0.30163302734375,0.4743187393561342,0.3424604833126068,0.6334876543209876,0.09829459339380264,0.019164474681019783,0.031988393515348434,0.9427357316017151,Standard,2.0,1.0,1296
SPHERICAL,Standard_46,1,75.27764,1.83273,1128,0.30163302734375,0.4743187393561342,0.3424604833126068,0.6334876543209876,0.09829459339380264,0.019164474681019783,0.031988393515348434,0.9427357316017151,Standard,2.0,1.0,1296
SPHERICAL,Standard_46,2,75.27764,1.83273,1128,0.30163302734375,0.4743187393561342,0.3424604833126068,0.6334876543209876,0.09829459339380264,0.019164474681019783,0.031988393515348434,0.9427357316017151,Standard,2.0,1.0,1296
SPHERICAL,Standard_47,0,75.25841,1.95508,2364,0.309481953125,0.4975790582329118,0.37057626247406006,0.43094135802469136,0.0641651600599289,0.009736336767673492,0.016852473840117455,0.9422773122787476,Standard,2.0,1.0,2592
SPHERICAL,Standard_47,1,75.25841,1.95508,2364,0.309481953125,0.4975790582329118,0.37057626247406006,0.43094135802469136,0.0641651600599289,0.009736336767673492,0.016852473840117455,0.9422773122787476,Standard,2.0,1.0,2592
SPHERICAL,Standard_47,2,75.25841,1.95508,2364,0.309481953125,0.4975790582329118,0.37057626247406006,0.43094135802469136,0.0641651600599289,0.009736336767673492,0.016852473840117455,0.9422773122787476,Standard,2.0,1.0,2592
SPHERICAL,Standard_48,0,75.24736,0.01929,647,0.005301627807617187,-0.0006172986590606833,0.3400193452835083,0.7808641975308642,0.0014392092125490308,0.0004753826360683888,0.0007146955467760563,0.9419372081756592,Standard,3.0,0.5,648
SPHERICAL,Standard_48,1,75.24736,0.01929,647,0.005301627807617187,-0.0006172986590606833,0.3400193452835083,0.7808641975308642,0.0014392092125490308,0.0004753826360683888,0.0007146955467760563,0.9419372081756592,Standard,3.0,0.5,648
SPHERICAL,Standard_48,2,75.24736,0.01929,647,0.005301627807617187,-0.0006172986590606833,0.3400193452835083,0.7808641975308642,0.0014392092125490308,0.0004753826360683888,0.0007146955467760563,0.9419372081756592,Standard,3.0,0.5,648
SPHERICAL,Standard_49,0,75.25927,0.16413,1285,0.0314693798828125,0.050866413266042465,0.3338780403137207,0.6450617283950617,0.0036809418816119432,0.0010374571429565549,0.0016123719979077578,0.941948413848877,Standard,3.0,0.5,1296
SPHERICAL,Standard_49,1,75.25927,0.16413,1285,0.0314693798828125,0.050866413266042465,0.3338780403137207,0.6450617283950617,0.0036809418816119432,0.0010374571429565549,0.0016123719979077578,0.941948413848877,Standard,3.0,0.5,1296
SPHERICAL,Standard_49,2,75.25927,0.16413,1285,0.0314693798828125,0.050866413266042465,0.3338780403137207,0.6450617283950617,0.0036809418816119432,0.0010374571429565549,0.0016123719979077578,0.941948413848877,Standard,3.0,0.5,1296
SPHERICAL,Standard_5,0,75.2729,273.25972,1770,3.2354428125,-5.07180796333255,0.3926715552806854,0.4363425925925926,0.027896162122488022,0.13158845901489258,0.03974878787994385,0.8517788648605347,Standard,0.05,1.0,2592
SPHERICAL,Standard_5,1,75.2729,273.25972,1770,3.2354428125,-5.07180796333255,0.3926715552806854,0.4363425925925926,0.027896162122488022,0.13158845901489258,0.03974878787994385,0.8517788648605347,Standard,0.05,1.0,2592
SPHERICAL,Standard_5,2,75.2729,273.25972,1770,3.2354428125,-5.07180796333255,0.3926715552806854,0.4363425925925926,0.027896162122488022,0.13158845901489258,0.03974878787994385,0.8517788648605347,Standard,0.05,1.0,2592
SPHERICAL,Standard_50,0,75.22953,0.18152,2577,0.03427886962890625,0.05523934999831481,0.3559218943119049,0.4278549382716049,0.00296968431212008,0.0007387815276160836,0.0011435559717938304,0.9419503808021545,Standard,3.0,0.5,2592
SPHERICAL,Standard_50,1,75.22953,0.18152,2577,0.03427886962890625,0.05523934999831481,0.3559218943119049,0.4278549382716049,0.00296968431212008,0.0007387815276160836,0.0011435559717938304,0.9419503808021545,Standard,3.0,0.5,2592
SPHERICAL,Standard_50,2,75.22953,0.18152,2577,0.03427886962890625,0.05523934999831481,0.3559218943119049,0.4278549382716049,0.00296968431212008,0.0007387815276160836,0.0011435559717938304,0.9419503808021545,Standard,3.0,0.5,2592
SPHERICAL,Standard_51,0,75.2489,0.01721,647,0.00483756103515625,-0.0008070885147759554,0.3397402763366699,0.7839506172839507,0.0015360363759100437,0.0004606235306710005,0.0007087181438691914,0.9419428706169128,Standard,3.0,1.0,648
SPHERICAL,Standard_51,1,75.2489,0.01721,647,0.00483756103515625,-0.0008070885147759554,0.3397402763366699,0.7839506172839507,0.0015360363759100437,0.0004606235306710005,0.0007087181438691914,0.9419428706169128,Standard,3.0,1.0,648
SPHERICAL,Standard_51,2,75.2489,0.01721,647,0.00483756103515625,-0.0008070885147759554,0.3397402763366699,0.7839506172839507,0.0015360363759100437,0.0004606235306710005,0.0007087181438691914,0.9419428706169128,Standard,3.0,1.0,648
SPHERICAL,Standard_52,0,75.22068,1e-05,1295,0.0018049822998046875,-0.00749567860963829,0.33168667554855347,0.621141975308642,0.0007716049440205097,1.3496675421720283e-07,2.6988629997504177e-07,0.941970944404602,Standard,3.0,1.0,1296
SPHERICAL,Standard_52,1,75.22068,1e-05,1295,0.0018049822998046875,-0.00749567860963829,0.33168667554855347,0.621141975308642,0.0007716049440205097,1.3496675421720283e-07,2.6988629997504177e-07,0.941970944404602,Standard,3.0,1.0,1296
SPHERICAL,Standard_52,2,75.22068,1e-05,1295,0.0018049822998046875,-0.00749567860963829,0.33168667554855347,0.621141975308642,0.0007716049440205097,1.3496675421720283e-07,2.6988629997504177e-07,0.941970944404602,Standard,3.0,1.0,1296
SPHERICAL,Standard_53,0,75.19565,1e-05,2591,0.0018804818725585938,-0.007466956271832803,0.35670068860054016,0.42939814814814814,0.0,0.0,0.0,0.9419686794281006,Standard,3.0,1.0,2592
SPHERICAL,Standard_53,1,75.19565,1e-05,2591,0.0018804818725585938,-0.007466956271832803,0.35670068860054016,0.42939814814814814,0.0,0.0,0.0,0.9419686794281006,Standard,3.0,1.0,2592
SPHERICAL,Standard_53,2,75.19565,1e-05,2591,0.0018804818725585938,-0.007466956271832803,0.35670068860054016,0.42939814814814814,0.0,0.0,0.0,0.9419686794281006,Standard,3.0,1.0,2592
SPHERICAL,Standard_54,0,75.24275,3e-05,647,0.0017008592224121094,-0.0075928864263341556,0.34101995825767517,0.7577160493827161,0.0,0.0,0.0,0.9419657588005066,Standard,5.0,0.5,648
SPHERICAL,Standard_54,1,75.24275,3e-05,647,0.0017008592224121094,-0.0075928864263341556,0.34101995825767517,0.7577160493827161,0.0,0.0,0.0,0.9419657588005066,Standard,5.0,0.5,648
SPHERICAL,Standard_54,2,75.24275,3e-05,647,0.0017008592224121094,-0.0075928864263341556,0.34101995825767517,0.7577160493827161,0.0,0.0,0.0,0.9419657588005066,Standard,5.0,0.5,648
SPHERICAL,Standard_55,0,75.21608,1e-05,1295,0.0017657382202148437,-0.007440351002663048,0.3326382040977478,0.621141975308642,0.0,0.0,0.0,0.9419921040534973,Standard,5.0,0.5,1296
SPHERICAL,Standard_55,1,75.21608,1e-05,1295,0.0017657382202148437,-0.007440351002663048,0.3326382040977478,0.621141975308642,0.0,0.0,0.0,0.9419921040534973,Standard,5.0,0.5,1296
SPHERICAL,Standard_55,2,75.21608,1e-05,1295,0.0017657382202148437,-0.007440351002663048,0.3326382040977478,0.621141975308642,0.0,0.0,0.0,0.9419921040534973,Standard,5.0,0.5,1296
SPHERICAL,Standard_56,0,75.21828,4e-05,2589,0.001588153839111328,-0.007570912740279434,0.3561851978302002,0.4382716049382716,0.0,0.0,0.0,0.9419716596603394,Standard,5.0,0.5,2592
SPHERICAL,Standard_56,1,75.21828,4e-05,2589,0.001588153839111328,-0.007570912740279434,0.3561851978302002,0.4382716049382716,0.0,0.0,0.0,0.9419716596603394,Standard,5.0,0.5,2592
SPHERICAL,Standard_56,2,75.21828,4e-05,2589,0.001588153839111328,-0.007570912740279434,0.3561851978302002,0.4382716049382716,0.0,0.0,0.0,0.9419716596603394,Standard,5.0,0.5,2592
SPHERICAL,Standard_57,0,75.2287,1e-05,647,0.0018874237060546874,-0.007500055964362762,0.3395783305168152,0.7762345679012346,0.0,0.0,0.0,0.9419339299201965,Standard,5.0,1.0,648
SPHERICAL,Standard_57,1,75.2287,1e-05,647,0.0018874237060546874,-0.007500055964362762,0.3395783305168152,0.7762345679012346,0.0,0.0,0.0,0.9419339299201965,Standard,5.0,1.0,648
SPHERICAL,Standard_57,2,75.2287,1e-05,647,0.0018874237060546874,-0.007500055964362762,0.3395783305168152,0.7762345679012346,0.0,0.0,0.0,0.9419339299201965,Standard,5.0,1.0,648
SPHERICAL,Standard_58,0,75.27543,0.0,1296,0.0019313697814941407,-0.00754640155568409,0.3330997824668884,0.6172839506172839,0.0,0.0,0.0,0.9419060349464417,Standard,5.0,1.0,1296
SPHERICAL,Standard_58,1,75.27543,0.0,1296,0.0019313697814941407,-0.00754640155568409,0.3330997824668884,0.6172839506172839,0.0,0.0,0.0,0.9419060349464417,Standard,5.0,1.0,1296
SPHERICAL,Standard_58,2,75.27543,0.0,1296,0.0019313697814941407,-0.00754640155568409,0.3330997824668884,0.6172839506172839,0.0,0.0,0.0,0.9419060349464417,Standard,5.0,1.0,1296
SPHERICAL,Standard_59,0,75.2404,1e-05,2591,0.0017947589111328125,-0.007518854088480964,0.3569452166557312,0.4263117283950617,0.0,0.0,0.0,0.9419727325439453,Standard,5.0,1.0,2592
SPHERICAL,Standard_59,1,75.2404,1e-05,2591,0.0017947589111328125,-0.007518854088480964,0.3569452166557312,0.4263117283950617,0.0,0.0,0.0,0.9419727325439453,Standard,5.0,1.0,2592
SPHERICAL,Standard_59,2,75.2404,1e-05,2591,0.0017947589111328125,-0.007518854088480964,0.3569452166557312,0.4263117283950617,0.0,0.0,0.0,0.9419727325439453,Standard,5.0,1.0,2592
SPHERICAL,Standard_6,0,75.2375,5.2406,630,0.31438609375,0.09354193635406771,0.3377082347869873,0.8117283950617284,0.0018066167831420898,0.010230115614831448,0.003064498770982027,0.9350073337554932,Standard,0.1,0.5,648
SPHERICAL,Standard_6,1,75.2375,5.2406,630,0.31438609375,0.09354193635406771,0.3377082347869873,0.8117283950617284,0.0018066167831420898,0.010230115614831448,0.003064498770982027,0.9350073337554932,Standard,0.1,0.5,648
SPHERICAL,Standard_6,2,75.2375,5.2406,630,0.31438609375,0.09354193635406771,0.3377082347869873,0.8117283950617284,0.0018066167831420898,0.010230115614831448,0.003064498770982027,0.9350073337554932,Standard,0.1,0.5,648
SPHERICAL,Standard_7,0,75.22085,6.41236,1272,0.412291015625,0.18409867051945472,0.33147236704826355,0.6296296296296297,0.0025095357559621334,0.008488788269460201,0.0036129411309957504,0.9379851818084717,Standard,0.1,0.5,1296
SPHERICAL,Standard_7,1,75.22085,6.41236,1272,0.412291015625,0.18409867051945472,0.33147236704826355,0.6296296296296297,0.0025095357559621334,0.008488788269460201,0.0036129411309957504,0.9379851818084717,Standard,0.1,0.5,1296
SPHERICAL,Standard_7,2,75.22085,6.41236,1272,0.412291015625,0.18409867051945472,0.33147236704826355,0.6296296296296297,0.0025095357559621334,0.008488788269460201,0.0036129411309957504,0.9379851818084717,Standard,0.1,0.5,1296
SPHERICAL,Standard_8,0,75.27685,6.68772,2566,0.4358681640625,0.1934672684330705,0.35496261715888977,0.43441358024691357,0.0007392236148007214,0.002650850685313344,0.0010520078940317035,0.9396691918373108,Standard,0.1,0.5,2592
SPHERICAL,Standard_8,1,75.27685,6.68772,2566,0.4358681640625,0.1934672684330705,0.35496261715888977,0.43441358024691357,0.0007392236148007214,0.002650850685313344,0.0010520078940317035,0.9396691918373108,Standard,0.1,0.5,2592
SPHERICAL,Standard_8,2,75.27685,6.68772,2566,0.4358681640625,0.1934672684330705,0.35496261715888977,0.43441358024691357,0.0007392236148007214,0.002650850685313344,0.0010520078940317035,0.9396691918373108,Standard,0.1,0.5,2592
SPHERICAL,Standard_9,0,75.23363,216.5459,1,2.7821178125,-3.0038390345724615,0.3957774341106415,0.8688271604938271,0.08295229077339172,0.42761310935020447,0.12849131226539612,0.6574282050132751,Standard,0.1,1.0,648
SPHERICAL,Standard_9,1,75.23363,216.5459,1,2.7821178125,-3.0038390345724615,0.3957774341106415,0.8688271604938271,0.08295229077339172,0.42761310935020447,0.12849131226539612,0.6574282050132751,Standard,0.1,1.0,648
SPHERICAL,Standard_9,2,75.23363,216.5459,1,2.7821178125,-3.0038390345724615,0.3957774341106415,0.8688271604938271,0.08295229077339172,0.42761310935020447,0.12849131226539612,0.6574282050132751,Standard,0.1,1.0,648
TORUS,Standard_0,0,1.56372,0.59797,626,0.1252111128063567,0.05336412804112245,0.3400056064128876,0.8009259259259259,0.0008838496869429946,0.01876247301697731,0.001687168376520276,0.9979196190834045,Standard,0.05,0.5,648
TORUS,Standard_0,1,1.56372,0.59797,626,0.1252111128063567,0.05336412804112245,0.3400056064128876,0.8009259259259259,0.0008838496869429946,0.01876247301697731,0.001687168376520276,0.9979196190834045,Standard,0.05,0.5,648
TORUS,Standard_0,2,1.56372,0.59797,626,0.1252111128063567,0.05336412804112245,0.3400056064128876,0.8009259259259259,0.0008838496869429946,0.01876247301697731,0.001687168376520276,0.9979196190834045,Standard,0.05,0.5,648
TORUS,Standard_1,0,1.56121,0.60361,1269,0.13971328340591582,0.05987232580616331,0.33369171619415283,0.6450617283950617,0.000775080407038331,0.01265870314091444,0.0014477361692115664,0.9983572959899902,Standard,0.05,0.5,1296
TORUS,Standard_1,1,1.56121,0.60361,1269,0.13971328340591582,0.05987232580616331,0.33369171619415283,0.6450617283950617,0.000775080407038331,0.01265870314091444,0.0014477361692115664,0.9983572959899902,Standard,0.05,0.5,1296
TORUS,Standard_1,2,1.56121,0.60361,1269,0.13971328340591582,0.05987232580616331,0.33369171619415283,0.6450617283950617,0.000775080407038331,0.01265870314091444,0.0014477361692115664,0.9983572959899902,Standard,0.05,0.5,1296
TORUS,Standard_10,0,1.56512,3.45338,507,0.48882253466913583,0.723266788239785,0.6911144256591797,0.7337962962962963,0.13732805848121643,0.45717862248420715,0.2082778364419937,0.9972331523895264,Standard,0.1,1.0,1296
TORUS,Standard_10,1,1.56512,3.45338,507,0.48882253466913583,0.723266788239785,0.6911144256591797,0.7337962962962963,0.13732805848121643,0.45717862248420715,0.2082778364419937,0.9972331523895264,Standard,0.1,1.0,1296
TORUS,Standard_10,2,1.56512,3.45338,507,0.48882253466913583,0.723266788239785,0.6911144256591797,0.7337962962962963,0.13732805848121643,0.45717862248420715,0.2082778364419937,0.9972331523895264,Standard,0.1,1.0,1296
TORUS,Standard_11,0,1.5616,3.11114,1752,0.5068111199950381,0.7460335038908741,0.7429482936859131,0.4479166666666667,0.08542763441801071,0.24229921400547028,0.12462849169969559,0.998181164264679,Standard,0.1,1.0,2592
TORUS,Standard_11,1,1.5616,3.11114,1752,0.5068111199950381,0.7460335038908741,0.7429482936859131,0.4479166666666667,0.08542763441801071,0.24229921400547028,0.12462849169969559,0.998181164264679,Standard,0.1,1.0,2592
TORUS,Standard_11,2,1.5616,3.11114,1752,0.5068111199950381,0.7460335038908741,0.7429482936859131,0.4479166666666667,0.08542763441801071,0.24229921400547028,0.12462849169969559,0.998181164264679,Standard,0.1,1.0,2592
TORUS,Standard_12,0,1.56024,0.07131,638,0.0646801111063192,0.011772101088639686,0.34791234135627747,0.7700617283950617,0.0022589671425521374,0.012017367407679558,0.003739275736734271,0.9987164735794067,Standard,0.2,0.5,648
TORUS,Standard_12,1,1.56024,0.07131,638,0.0646801111063192,0.011772101088639686,0.34791234135627747,0.7700617283950617,0.0022589671425521374,0.012017367407679558,0.003739275736734271,0.9987164735794067,Standard,0.2,0.5,648
TORUS,Standard_12,2,1.56024,0.07131,638,0.0646801111063192,0.011772101088639686,0.34791234135627747,0.7700617283950617,0.0022589671425521374,0.012017367407679558,0.003739275736734271,0.9987164735794067,Standard,0.2,0.5,648
TORUS,Standard_13,0,1.5591,0.05793,1287,0.05922809009839186,0.010796792929351429,0.33456963300704956,0.6358024691358025,0.0012131704716011882,0.005373412277549505,0.0019447352970018983,0.9987677335739136,Standard,0.2,0.5,1296
TORUS,Standard_13,1,1.5591,0.05793,1287,0.05922809009839186,0.010796792929351429,0.33456963300704956,0.6358024691358025,0.0012131704716011882,0.005373412277549505,0.0019447352970018983,0.9987677335739136,Standard,0.2,0.5,1296
TORUS,Standard_13,2,1.5591,0.05793,1287,0.05922809009839186,0.010796792929351429,0.33456963300704956,0.6358024691358025,0.0012131704716011882,0.005373412277549505,0.0019447352970018983,0.9987677335739136,Standard,0.2,0.5,1296
TORUS,Standard_14,0,1.56064,0.04758,2585,0.04604718110483619,0.00826378089258073,0.3571109473705292,0.4351851851851852,0.0004490638675633818,0.002154774032533169,0.0007308172644115984,0.9987803101539612,Standard,0.2,0.5,2592
TORUS,Standard_14,1,1.56064,0.04758,2585,0.04604718110483619,0.00826378089258073,0.3571109473705292,0.4351851851851852,0.0004490638675633818,0.002154774032533169,0.0007308172644115984,0.9987803101539612,Standard,0.2,0.5,2592
TORUS,Standard_14,2,1.56064,0.04758,2585,0.04604718110483619,0.00826378089258073,0.3571109473705292,0.4351851851851852,0.0004490638675633818,0.002154774032533169,0.0007308172644115984,0.9987803101539612,Standard,0.2,0.5,2592
TORUS,Standard_15,0,1.55998,1.24334,77,0.3367012341097124,0.4740439687102349,0.8770750164985657,0.9490740740740741,0.3809029161930084,0.6603518128395081,0.4782417118549347,0.9984739422798157,Standard,0.2,1.0,648
TORUS,Standard_15,1,1.55998,1.24334,77,0.3367012341097124,0.4740439687102349,0.8770750164985657,0.9490740740740741,0.3809029161930084,0.6603518128395081,0.4782417118549347,0.9984739422798157,Standard,0.2,1.0,648
TORUS,Standard_15,2,1.55998,1.24334,77,0.3367012341097124,0.4740439687102349,0.8770750164985657,0.9490740740740741,0.3809029161930084,0.6603518128395081,0.4782417118549347,0.9984739422798157,Standard,0.2,1.0,648
TORUS,Standard_16,0,1.55571,1.26134,634,0.36503153157107204,0.5325538343163524,0.6519491076469421,0.7021604938271605,0.24927586317062378,0.3805495798587799,0.2983728051185608,0.9987418055534363,Standard,0.2,1.0,1296
TORUS,Standard_16,1,1.55571,1.26134,634,0.36503153157107204,0.5325538343163524,0.6519491076469421,0.7021604938271605,0.24927586317062378,0.3805495798587799,0.2983728051185608,0.9987418055534363,Standard,0.2,1.0,1296
TORUS,Standard_16,2,1.55571,1.26134,634,0.36503153157107204,0.5325538343163524,0.6519491076469421,0.7021604938271605,0.24927586317062378,0.3805495798587799,0.2983728051185608,0.9987418055534363,Standard,0.2,1.0,1296
TORUS,Standard_17,0,1.5614,1.25674,1896,0.3863453708213148,0.5513595599446124,0.6942530870437622,0.44521604938271603,0.1380133181810379,0.19838616251945496,0.1610836386680603,0.9987921118736267,Standard,0.2,1.0,2592
TORUS,Standard_17,1,1.5614,1.25674,1896,0.3863453708213148,0.5513595599446124,0.6942530870437622,0.44521604938271603,0.1380133181810379,0.19838616251945496,0.1610836386680603,0.9987921118736267,Standard,0.2,1.0,2592
TORUS,Standard_17,2,1.5614,1.25674,1896,0.3863453708213148,0.5513595599446124,0.6942530870437622,0.44521604938271603,0.1380133181810379,0.19838616251945496,0.1610836386680603,0.9987921118736267,Standard,0.2,1.0,2592
TORUS,Standard_18,0,1.56014,0.00124,646,0.05368178512486808,0.0008729753434751908,0.3407592475414276,0.7854938271604939,0.003086419776082039,0.001740703941322863,0.002225377131253481,0.9987998008728027,Standard,0.4,0.5,648
TORUS,Standard_18,1,1.56014,0.00124,646,0.05368178512486808,0.0008729753434751908,0.3407592475414276,0.7854938271604939,0.003086419776082039,0.001740703941322863,0.002225377131253481,0.9987998008728027,Standard,0.4,0.5,648
TORUS,Standard_18,2,1.56014,0.00124,646,0.05368178512486808,0.0008729753434751908,0.3407592475414276,0.7854938271604939,0.003086419776082039,0.001740703941322863,0.002225377131253481,0.9987998008728027,Standard,0.4,0.5,648
TORUS,Standard_19,0,1.55845,0.00069,1295,0.046109879002336776,0.00047687684830743926,0.3324507474899292,0.6496913580246914,0.0007716049440205097,0.0004436728195287287,0.0005633940454572439,0.9988036155700684,Standard,0.4,0.5,1296
TORUS,Standard_19,1,1.55845,0.00069,1295,0.046109879002336776,0.00047687684830743926,0.3324507474899292,0.6496913580246914,0.0007716049440205097,0.0004436728195287287,0.0005633940454572439,0.9988036155700684,Standard,0.4,0.5,1296
TORUS,Standard_19,2,1.55845,0.00069,1295,0.046109879002336776,0.00047687684830743926,0.3324507474899292,0.6496913580246914,0.0007716049440205097,0.0004436728195287287,0.0005633940454572439,0.9988036155700684,Standard,0.4,0.5,1296
TORUS,Standard_2,0,1.55766,0.59962,2569,0.12773684370442392,0.055110698952907655,0.3569605350494385,0.4332561728395062,0.0002852592442650348,0.006036355160176754,0.0005442319670692086,0.9985825419425964,Standard,0.05,0.5,2592
TORUS,Standard_2,1,1.55766,0.59962,2569,0.12773684370442392,0.055110698952907655,0.3569605350494385,0.4332561728395062,0.0002852592442650348,0.006036355160176754,0.0005442319670692086,0.9985825419425964,Standard,0.05,0.5,2592
TORUS,Standard_2,2,1.55766,0.59962,2569,0.12773684370442392,0.055110698952907655,0.3569605350494385,0.4332561728395062,0.0002852592442650348,0.006036355160176754,0.0005442319670692086,0.9985825419425964,Standard,0.05,0.5,2592
TORUS,Standard_20,0,1.55969,0.00134,2590,0.06226921383745244,0.0010968559388216947,0.35920408368110657,0.4382716049382716,0.0007716049440205097,0.00041663655429147184,0.0005409058649092913,0.9987967014312744,Standard,0.4,0.5,2592
TORUS,Standard_20,1,1.55969,0.00134,2590,0.06226921383745244,0.0010968559388216947,0.35920408368110657,0.4382716049382716,0.0007716049440205097,0.00041663655429147184,0.0005409058649092913,0.9987967014312744,Standard,0.4,0.5,2592
TORUS,Standard_20,2,1.55969,0.00134,2590,0.06226921383745244,0.0010968559388216947,0.35920408368110657,0.4382716049382716,0.0007716049440205097,0.00041663655429147184,0.0005409058649092913,0.9987967014312744,Standard,0.4,0.5,2592
TORUS,Standard_21,0,1.561,0.15099,417,0.14085381341087444,0.13506734183943825,0.5754845142364502,0.7731481481481481,0.35585087537765503,0.1934325397014618,0.24990415573120117,0.9990214705467224,Standard,0.4,1.0,648
TORUS,Standard_21,1,1.561,0.15099,417,0.14085381341087444,0.13506734183943825,0.5754845142364502,0.7731481481481481,0.35585087537765503,0.1934325397014618,0.24990415573120117,0.9990214705467224,Standard,0.4,1.0,648
TORUS,Standard_21,2,1.561,0.15099,417,0.14085381341087444,0.13506734183943825,0.5754845142364502,0.7731481481481481,0.35585087537765503,0.1934325397014618,0.24990415573120117,0.9990214705467224,Standard,0.4,1.0,648
TORUS,Standard_22,0,1.56035,0.16989,1038,0.14530585356989015,0.1515351505403425,0.4788129925727844,0.6257716049382716,0.19860808551311493,0.10936453193426132,0.14071619510650635,0.9989266991615295,Standard,0.4,1.0,1296
TORUS,Standard_22,1,1.56035,0.16989,1038,0.14530585356989015,0.1515351505403425,0.4788129925727844,0.6257716049382716,0.19860808551311493,0.10936453193426132,0.14071619510650635,0.9989266991615295,Standard,0.4,1.0,1296
TORUS,Standard_22,2,1.56035,0.16989,1038,0.14530585356989015,0.1515351505403425,0.4788129925727844,0.6257716049382716,0.19860808551311493,0.10936453193426132,0.14071619510650635,0.9989266991615295,Standard,0.4,1.0,1296
TORUS,Standard_23,0,1.5591,0.1707,2336,0.1326951127995675,0.15287311437565243,0.509952187538147,0.42901234567901236,0.09845572710037231,0.05439405515789986,0.06994865834712982,0.998863697052002,Standard,0.4,1.0,2592
TORUS,Standard_23,1,1.5591,0.1707,2336,0.1326951127995675,0.15287311437565243,0.509952187538147,0.42901234567901236,0.09845572710037231,0.05439405515789986,0.06994865834712982,0.998863697052002,Standard,0.4,1.0,2592
TORUS,Standard_23,2,1.5591,0.1707,2336,0.1326951127995675,0.15287311437565243,0.509952187538147,0.42901234567901236,0.09845572710037231,0.05439405515789986,0.06994865834712982,0.998863697052002,Standard,0.4,1.0,2592
TORUS,Standard_24,0,1.56176,0.00038,647,0.04299192379349326,0.0001579463930626579,0.34047484397888184,0.7854938271604939,0.0015432098880410194,0.0005144033348187804,0.0007716049440205097,0.9987848401069641,Standard,0.6,0.5,648
TORUS,Standard_24,1,1.56176,0.00038,647,0.04299192379349326,0.0001579463930626579,0.34047484397888184,0.7854938271604939,0.0015432098880410194,0.0005144033348187804,0.0007716049440205097,0.9987848401069641,Standard,0.6,0.5,648
TORUS,Standard_24,2,1.56176,0.00038,647,0.04299192379349326,0.0001579463930626579,0.34047484397888184,0.7854938271604939,0.0015432098880410194,0.0005144033348187804,0.0007716049440205097,0.9987848401069641,Standard,0.6,0.5,648
TORUS,Standard_25,0,1.56285,0.00052,1295,0.06333429016942528,0.0002007809589097409,0.3337618410587311,0.6157407407407407,0.0007716049440205097,0.00032098765950649977,0.0004533723695203662,0.9987935423851013,Standard,0.6,0.5,1296
TORUS,Standard_25,1,1.56285,0.00052,1295,0.06333429016942528,0.0002007809589097409,0.3337618410587311,0.6157407407407407,0.0007716049440205097,0.00032098765950649977,0.0004533723695203662,0.9987935423851013,Standard,0.6,0.5,1296
TORUS,Standard_25,2,1.56285,0.00052,1295,0.06333429016942528,0.0002007809589097409,0.3337618410587311,0.6157407407407407,0.0007716049440205097,0.00032098765950649977,0.0004533723695203662,0.9987935423851013,Standard,0.6,0.5,1296
TORUS,Standard_26,0,1.56079,0.00046,2591,0.048214308424586835,0.00023756945866815204,0.35999831557273865,0.4332561728395062,0.00038580247201025486,0.00014666870993096381,0.00021253788145259023,0.9987969994544983,Standard,0.6,0.5,2592
TORUS,Standard_26,1,1.56079,0.00046,2591,0.048214308424586835,0.00023756945866815204,0.35999831557273865,0.4332561728395062,0.00038580247201025486,0.00014666870993096381,0.00021253788145259023,0.9987969994544983,Standard,0.6,0.5,2592
TORUS,Standard_26,2,1.56079,0.00046,2591,0.048214308424586835,0.00023756945866815204,0.35999831557273865,0.4332561728395062,0.00038580247201025486,0.00014666870993096381,0.00021253788145259023,0.9987969994544983,Standard,0.6,0.5,2592
TORUS,Standard_27,0,1.56117,0.01397,615,0.06055449337866086,0.012958370763790139,0.3829292058944702,0.7283950617283951,0.05092592537403107,0.018099240958690643,0.026655197143554688,0.998828649520874,Standard,0.6,1.0,648
TORUS,Standard_27,1,1.56117,0.01397,615,0.06055449337866086,0.012958370763790139,0.3829292058944702,0.7283950617283951,0.05092592537403107,0.018099240958690643,0.026655197143554688,0.998828649520874,Standard,0.6,1.0,648
TORUS,Standard_27,2,1.56117,0.01397,615,0.06055449337866086,0.012958370763790139,0.3829292058944702,0.7283950617283951,0.05092592537403107,0.018099240958690643,0.026655197143554688,0.998828649520874,Standard,0.6,1.0,648
TORUS,Standard_28,0,1.55901,0.01581,1258,0.06190883503760484,0.01544403306176445,0.37858718633651733,0.6203703703703703,0.029320986941456795,0.010288335382938385,0.01517089456319809,0.9988154768943787,Standard,0.6,1.0,1296
TORUS,Standard_28,1,1.55901,0.01581,1258,0.06190883503760484,0.01544403306176445,0.37858718633651733,0.6203703703703703,0.029320986941456795,0.010288335382938385,0.01517089456319809,0.9988154768943787,Standard,0.6,1.0,1296
TORUS,Standard_28,2,1.55901,0.01581,1258,0.06190883503760484,0.01544403306176445,0.37858718633651733,0.6203703703703703,0.029320986941456795,0.010288335382938385,0.01517089456319809,0.9988154768943787,Standard,0.6,1.0,1296
TORUS,Standard_29,0,1.5606,0.01711,2553,0.04843641858091533,0.016098331111175868,0.4127483665943146,0.43209876543209874,0.01503857970237732,0.005401540081948042,0.00791812501847744,0.9988052248954773,Standard,0.6,1.0,2592
TORUS,Standard_29,1,1.5606,0.01711,2553,0.04843641858091533,0.016098331111175868,0.4127483665943146,0.43209876543209874,0.01503857970237732,0.005401540081948042,0.00791812501847744,0.9988052248954773,Standard,0.6,1.0,2592
TORUS,Standard_29,2,1.5606,0.01711,2553,0.04843641858091533,0.016098331111175868,0.4127483665943146,0.43209876543209874,0.01503857970237732,0.005401540081948042,0.00791812501847744,0.9988052248954773,Standard,0.6,1.0,2592
TORUS,Standard_3,0,1.5625,20.79516,16,0.4858825395499709,0.7844739296985692,0.6557631492614746,0.9290123456790124,0.08422838151454926,0.7404616475105286,0.1353435516357422,0.9684880375862122,Standard,0.05,1.0,648
TORUS,Standard_3,1,1.5625,20.79516,16,0.4858825395499709,0.7844739296985692,0.6557631492614746,0.9290123456790124,0.08422838151454926,0.7404616475105286,0.1353435516357422,0.9684880375862122,Standard,0.05,1.0,648
TORUS,Standard_3,2,1.5625,20.79516,16,0.4858825395499709,0.7844739296985692,0.6557631492614746,0.9290123456790124,0.08422838151454926,0.7404616475105286,0.1353435516357422,0.9684880375862122,Standard,0.05,1.0,648
TORUS,Standard_30,0,1.56147,0.0,648,0.07334486555416635,-0.00011568768036807064,0.3426295220851898,0.7746913580246914,0.0,0.0,0.0,0.9987949132919312,Standard,1.0,0.5,648
TORUS,Standard_30,1,1.56147,0.0,648,0.07334486555416635,-0.00011568768036807064,0.3426295220851898,0.7746913580246914,0.0,0.0,0.0,0.9987949132919312,Standard,1.0,0.5,648
TORUS,Standard_30,2,1.56147,0.0,648,0.07334486555416635,-0.00011568768036807064,0.3426295220851898,0.7746913580246914,0.0,0.0,0.0,0.9987949132919312,Standard,1.0,0.5,648
TORUS,Standard_31,0,1.55894,0.0,1296,0.0694220976480272,-0.00013984242672204772,0.3348056674003601,0.6358024691358025,0.0,0.0,0.0,0.9988006949424744,Standard,1.0,0.5,1296
TORUS,Standard_31,1,1.55894,0.0,1296,0.0694220976480272,-0.00013984242672204772,0.3348056674003601,0.6358024691358025,0.0,0.0,0.0,0.9988006949424744,Standard,1.0,0.5,1296
TORUS,Standard_31,2,1.55894,0.0,1296,0.0694220976480272,-0.00013984242672204772,0.3348056674003601,0.6358024691358025,0.0,0.0,0.0,0.9988006949424744,Standard,1.0,0.5,1296
TORUS,Standard_32,0,1.56323,0.0,2592,0.04852826576016203,-0.00015678210015557248,0.3584328293800354,0.42824074074074076,0.0,0.0,0.0,0.9987913370132446,Standard,1.0,0.5,2592
TORUS,Standard_32,1,1.56323,0.0,2592,0.04852826576016203,-0.00015678210015557248,0.3584328293800354,0.42824074074074076,0.0,0.0,0.0,0.9987913370132446,Standard,1.0,0.5,2592
TORUS,Standard_32,2,1.56323,0.0,2592,0.04852826576016203,-0.00015678210015557248,0.3584328293800354,0.42824074074074076,0.0,0.0,0.0,0.9987913370132446,Standard,1.0,0.5,2592
TORUS,Standard_33,0,1.5619,0.0,648,0.03815769712883173,-0.00011004823706151079,0.36034807562828064,0.7114197530864198,0.0,0.0,0.0,0.9987972974777222,Standard,1.0,1.0,648
TORUS,Standard_33,1,1.5619,0.0,648,0.03815769712883173,-0.00011004823706151079,0.36034807562828064,0.7114197530864198,0.0,0.0,0.0,0.9987972974777222,Standard,1.0,1.0,648
TORUS,Standard_33,2,1.5619,0.0,648,0.03815769712883173,-0.00011004823706151079,0.36034807562828064,0.7114197530864198,0.0,0.0,0.0,0.9987972974777222,Standard,1.0,1.0,648
TORUS,Standard_34,0,1.56147,0.00017,1295,0.06198071801882268,6.023093648588329e-05,0.3713444769382477,0.6381172839506173,0.0007716049440205097,0.0001009021871141158,0.00017846646369434893,0.9987937211990356,Standard,1.0,1.0,1296
TORUS,Standard_34,1,1.56147,0.00017,1295,0.06198071801882268,6.023093648588329e-05,0.3713444769382477,0.6381172839506173,0.0007716049440205097,0.0001009021871141158,0.00017846646369434893,0.9987937211990356,Standard,1.0,1.0,1296
TORUS,Standard_34,2,1.56147,0.00017,1295,0.06198071801882268,6.023093648588329e-05,0.3713444769382477,0.6381172839506173,0.0007716049440205097,0.0001009021871141158,0.00017846646369434893,0.9987937211990356,Standard,1.0,1.0,1296
TORUS,Standard_35,0,1.5615,0.0,2592,0.04273177821622219,-0.00011164122990892089,0.40689027309417725,0.4270833333333333,0.0,0.0,0.0,0.9987956881523132,Standard,1.0,1.0,2592
TORUS,Standard_35,1,1.5615,0.0,2592,0.04273177821622219,-0.00011164122990892089,0.40689027309417725,0.4270833333333333,0.0,0.0,0.0,0.9987956881523132,Standard,1.0,1.0,2592
TORUS,Standard_35,2,1.5615,0.0,2592,0.04273177821622219,-0.00011164122990892089,0.40689027309417725,0.4270833333333333,0.0,0.0,0.0,0.9987956881523132,Standard,1.0,1.0,2592
TORUS,Standard_36,0,1.55881,0.0,648,0.04215530883371505,-9.689111789823457e-05,0.34395840764045715,0.7638888888888888,0.0,0.0,0.0,0.9987992644309998,Standard,1.5,0.5,648
TORUS,Standard_36,1,1.55881,0.0,648,0.04215530883371505,-9.689111789823457e-05,0.34395840764045715,0.7638888888888888,0.0,0.0,0.0,0.9987992644309998,Standard,1.5,0.5,648
TORUS,Standard_36,2,1.55881,0.0,648,0.04215530883371505,-9.689111789823457e-05,0.34395840764045715,0.7638888888888888,0.0,0.0,0.0,0.9987992644309998,Standard,1.5,0.5,648
TORUS,Standard_37,0,1.562,0.0,1296,0.04681196912947006,-0.00012374133105375051,0.3364717960357666,0.6342592592592593,0.0,0.0,0.0,0.9987960457801819,Standard,1.5,0.5,1296
TORUS,Standard_37,1,1.562,0.0,1296,0.04681196912947006,-0.00012374133105375051,0.3364717960357666,0.6342592592592593,0.0,0.0,0.0,0.9987960457801819,Standard,1.5,0.5,1296
TORUS,Standard_37,2,1.562,0.0,1296,0.04681196912947006,-0.00012374133105375051,0.3364717960357666,0.6342592592592593,0.0,0.0,0.0,0.9987960457801819,Standard,1.5,0.5,1296
TORUS,Standard_38,0,1.56068,0.0,2592,0.040545927792917366,-0.00011666726715930942,0.3590031862258911,0.43132716049382713,0.0,0.0,0.0,0.9987941980361938,Standard,1.5,0.5,2592
TORUS,Standard_38,1,1.56068,0.0,2592,0.040545927792917366,-0.00011666726715930942,0.3590031862258911,0.43132716049382713,0.0,0.0,0.0,0.9987941980361938,Standard,1.5,0.5,2592
TORUS,Standard_38,2,1.56068,0.0,2592,0.040545927792917366,-0.00011666726715930942,0.3590031862258911,0.43132716049382713,0.0,0.0,0.0,0.9987941980361938,Standard,1.5,0.5,2592
TORUS,Standard_39,0,1.56198,0.0,648,0.04738704326431011,-0.00013104348376491437,0.3624570667743683,0.7345679012345679,0.0,0.0,0.0,0.998796820640564,Standard,1.5,1.0,648
TORUS,Standard_39,1,1.56198,0.0,648,0.04738704326431011,-0.00013104348376491437,0.3624570667743683,0.7345679012345679,0.0,0.0,0.0,0.998796820640564,Standard,1.5,1.0,648
TORUS,Standard_39,2,1.56198,0.0,648,0.04738704326431011,-0.00013104348376491437,0.3624570667743683,0.7345679012345679,0.0,0.0,0.0,0.998796820640564,Standard,1.5,1.0,648
TORUS,Standard_4,0,1.56013,12.03964,553,0.5025075629333247,0.7857804054703132,0.5966864824295044,0.716820987654321,0.08114292472600937,0.43861472606658936,0.1268700212240219,0.990564227104187,Standard,0.05,1.0,1296
TORUS,Standard_4,1,1.56013,12.03964,553,0.5025075629333247,0.7857804054703132,0.5966864824295044,0.716820987654321,0.08114292472600937,0.43861472606658936,0.1268700212240219,0.990564227104187,Standard,0.05,1.0,1296
TORUS,Standard_4,2,1.56013,12.03964,553,0.5025075629333247,0.7857804054703132,0.5966864824295044,0.716820987654321,0.08114292472600937,0.43861472606658936,0.1268700212240219,0.990564227104187,Standard,0.05,1.0,1296
TORUS,Standard_40,0,1.56348,0.0,1296,0.05329990981171712,-0.00018330083363959915,0.36739155650138855,0.6026234567901234,0.0,0.0,0.0,0.9987982511520386,Standard,1.5,1.0,1296
TORUS,Standard_40,1,1.56348,0.0,1296,0.05329990981171712,-0.00018330083363959915,0.36739155650138855,0.6026234567901234,0.0,0.0,0.0,0.9987982511520386,Standard,1.5,1.0,1296
TORUS,Standard_40,2,1.56348,0.0,1296,0.05329990981171712,-0.00018330083363959915,0.36739155650138855,0.6026234567901234,0.0,0.0,0.0,0.9987982511520386,Standard,1.5,1.0,1296
TORUS,Standard_41,0,1.56026,0.0,2592,0.05249980181358662,-0.0001249559878486739,0.41163861751556396,0.43287037037037035,0.0,0.0,0.0,0.9987982511520386,Standard,1.5,1.0,2592
TORUS,Standard_41,1,1.56026,0.0,2592,0.05249980181358662,-0.0001249559878486739,0.41163861751556396,0.43287037037037035,0.0,0.0,0.0,0.9987982511520386,Standard,1.5,1.0,2592
TORUS,Standard_41,2,1.56026,0.0,2592,0.05249980181358662,-0.0001249559878486739,0.41163861751556396,0.43287037037037035,0.0,0.0,0.0,0.9987982511520386,Standard,1.5,1.0,2592
TORUS,Standard_42,0,1.56224,0.0,648,0.04982529679062611,-0.0001079218734250098,0.34461936354637146,0.779320987654321,0.0,0.0,0.0,0.998785674571991,Standard,2.0,0.5,648
TORUS,Standard_42,1,1.56224,0.0,648,0.04982529679062611,-0.0001079218734250098,0.34461936354637146,0.779320987654321,0.0,0.0,0.0,0.998785674571991,Standard,2.0,0.5,648
TORUS,Standard_42,2,1.56224,0.0,648,0.04982529679062611,-0.0001079218734250098,0.34461936354637146,0.779320987654321,0.0,0.0,0.0,0.998785674571991,Standard,2.0,0.5,648
TORUS,Standard_43,0,1.55777,0.0,1296,0.05494990316455013,-0.00016272641927961295,0.33490315079689026,0.6342592592592593,0.0,0.0,0.0,0.9987972974777222,Standard,2.0,0.5,1296
TORUS,Standard_43,1,1.55777,0.0,1296,0.05494990316455013,-0.00016272641927961295,0.33490315079689026,0.6342592592592593,0.0,0.0,0.0,0.9987972974777222,Standard,2.0,0.5,1296
TORUS,Standard_43,2,1.55777,0.0,1296,0.05494990316455013,-0.00016272641927961295,0.33490315079689026,0.6342592592592593,0.0,0.0,0.0,0.9987972974777222,Standard,2.0,0.5,1296
TORUS,Standard_44,0,1.56009,0.0,2592,0.041820950526730065,-9.625694138515328e-05,0.359591543674469,0.42939814814814814,0.0,0.0,0.0,0.9987943768501282,Standard,2.0,0.5,2592
TORUS,Standard_44,1,1.56009,0.0,2592,0.041820950526730065,-9.625694138515328e-05,0.359591543674469,0.42939814814814814,0.0,0.0,0.0,0.9987943768501282,Standard,2.0,0.5,2592
TORUS,Standard_44,2,1.56009,0.0,2592,0.041820950526730065,-9.625694138515328e-05,0.359591543674469,0.42939814814814814,0.0,0.0,0.0,0.9987943768501282,Standard,2.0,0.5,2592
TORUS,Standard_45,0,1.56088,0.0,648,0.05465000350529029,-0.00012926383424916033,0.3512463867664337,0.7839506172839507,0.0,0.0,0.0,0.9987924098968506,Standard,2.0,1.0,648
TORUS,Standard_45,1,1.56088,0.0,648,0.05465000350529029,-0.00012926383424916033,0.3512463867664337,0.7839506172839507,0.0,0.0,0.0,0.9987924098968506,Standard,2.0,1.0,648
TORUS,Standard_45,2,1.56088,0.0,648,0.05465000350529029,-0.00012926383424916033,0.3512463867664337,0.7839506172839507,0.0,0.0,0.0,0.9987924098968506,Standard,2.0,1.0,648
TORUS,Standard_46,0,1.56425,0.0,1296,0.0824722626216807,-0.00016490726305695702,0.3422068953514099,0.6280864197530864,0.0,0.0,0.0,0.9987916350364685,Standard,2.0,1.0,1296
TORUS,Standard_46,1,1.56425,0.0,1296,0.0824722626216807,-0.00016490726305695702,0.3422068953514099,0.6280864197530864,0.0,0.0,0.0,0.9987916350364685,Standard,2.0,1.0,1296
TORUS,Standard_46,2,1.56425,0.0,1296,0.0824722626216807,-0.00016490726305695702,0.3422068953514099,0.6280864197530864,0.0,0.0,0.0,0.9987916350364685,Standard,2.0,1.0,1296
TORUS,Standard_47,0,1.56017,0.0,2592,0.04250496071516159,-0.00012122600588893029,0.37327200174331665,0.43287037037037035,0.0,0.0,0.0,0.9987950921058655,Standard,2.0,1.0,2592
TORUS,Standard_47,1,1.56017,0.0,2592,0.04250496071516159,-0.00012122600588893029,0.37327200174331665,0.43287037037037035,0.0,0.0,0.0,0.9987950921058655,Standard,2.0,1.0,2592
TORUS,Standard_47,2,1.56017,0.0,2592,0.04250496071516159,-0.00012122600588893029,0.37327200174331665,0.43287037037037035,0.0,0.0,0.0,0.9987950921058655,Standard,2.0,1.0,2592
TORUS,Standard_48,0,1.56243,0.0,648,0.044526938772485744,-0.00016057255459567266,0.3391866385936737,0.7901234567901234,0.0,0.0,0.0,0.9988020658493042,Standard,3.0,0.5,648
TORUS,Standard_48,1,1.56243,0.0,648,0.044526938772485744,-0.00016057255459567266,0.3391866385936737,0.7901234567901234,0.0,0.0,0.0,0.9988020658493042,Standard,3.0,0.5,648
TORUS,Standard_48,2,1.56243,0.0,648,0.044526938772485744,-0.00016057255459567266,0.3391866385936737,0.7901234567901234,0.0,0.0,0.0,0.9988020658493042,Standard,3.0,0.5,648
TORUS,Standard_49,0,1.55922,0.0,1296,0.0427913453569696,-0.00011074575558334132,0.33382242918014526,0.6280864197530864,0.0,0.0,0.0,0.9987977743148804,Standard,3.0,0.5,1296
TORUS,Standard_49,1,1.55922,0.0,1296,0.0427913453569696,-0.00011074575558334132,0.33382242918014526,0.6280864197530864,0.0,0.0,0.0,0.9987977743148804,Standard,3.0,0.5,1296
TORUS,Standard_49,2,1.55922,0.0,1296,0.0427913453569696,-0.00011074575558334132,0.33382242918014526,0.6280864197530864,0.0,0.0,0.0,0.9987977743148804,Standard,3.0,0.5,1296
TORUS,Standard_5,0,1.56089,9.67251,1808,0.5298063089241025,0.79197781002073,0.6574081182479858,0.4533179012345679,0.046747129410505295,0.22933858633041382,0.07264034450054169,0.9956144094467163,Standard,0.05,1.0,2592
TORUS,Standard_5,1,1.56089,9.67251,1808,0.5298063089241025,0.79197781002073,0.6574081182479858,0.4533179012345679,0.046747129410505295,0.22933858633041382,0.07264034450054169,0.9956144094467163,Standard,0.05,1.0,2592
TORUS,Standard_5,2,1.56089,9.67251,1808,0.5298063089241025,0.79197781002073,0.6574081182479858,0.4533179012345679,0.046747129410505295,0.22933858633041382,0.07264034450054169,0.9956144094467163,Standard,0.05,1.0,2592
TORUS,Standard_50,0,1.55761,0.0,2592,0.06959229186709731,-0.00015305264680676167,0.35931292176246643,0.43441358024691357,0.0,0.0,0.0,0.9987984895706177,Standard,3.0,0.5,2592
TORUS,Standard_50,1,1.55761,0.0,2592,0.06959229186709731,-0.00015305264680676167,0.35931292176246643,0.43441358024691357,0.0,0.0,0.0,0.9987984895706177,Standard,3.0,0.5,2592
TORUS,Standard_50,2,1.55761,0.0,2592,0.06959229186709731,-0.00015305264680676167,0.35931292176246643,0.43441358024691357,0.0,0.0,0.0,0.9987984895706177,Standard,3.0,0.5,2592
TORUS,Standard_51,0,1.56272,0.0,648,0.0422907412075278,-0.0001089223688361951,0.3395605683326721,0.7808641975308642,0.0,0.0,0.0,0.998796820640564,Standard,3.0,1.0,648
TORUS,Standard_51,1,1.56272,0.0,648,0.0422907412075278,-0.0001089223688361951,0.3395605683326721,0.7808641975308642,0.0,0.0,0.0,0.998796820640564,Standard,3.0,1.0,648
TORUS,Standard_51,2,1.56272,0.0,648,0.0422907412075278,-0.0001089223688361951,0.3395605683326721,0.7808641975308642,0.0,0.0,0.0,0.998796820640564,Standard,3.0,1.0,648
TORUS,Standard_52,0,1.55934,0.0,1296,0.0546469836276793,-0.00013392893585550958,0.3336978256702423,0.6195987654320988,0.0,0.0,0.0,0.998796820640564,Standard,3.0,1.0,1296
TORUS,Standard_52,1,1.55934,0.0,1296,0.0546469836276793,-0.00013392893585550958,0.3336978256702423,0.6195987654320988,0.0,0.0,0.0,0.998796820640564,Standard,3.0,1.0,1296
TORUS,Standard_52,2,1.55934,0.0,1296,0.0546469836276793,-0.00013392893585550958,0.3336978256702423,0.6195987654320988,0.0,0.0,0.0,0.998796820640564,Standard,3.0,1.0,1296
TORUS,Standard_53,0,1.56102,0.0,2592,0.04656204239591308,-0.00014664602807479277,0.35782209038734436,0.43016975308641975,0.0,0.0,0.0,0.998792290687561,Standard,3.0,1.0,2592
TORUS,Standard_53,1,1.56102,0.0,2592,0.04656204239591308,-0.00014664602807479277,0.35782209038734436,0.43016975308641975,0.0,0.0,0.0,0.998792290687561,Standard,3.0,1.0,2592
TORUS,Standard_53,2,1.56102,0.0,2592,0.04656204239591308,-0.00014664602807479277,0.35782209038734436,0.43016975308641975,0.0,0.0,0.0,0.998792290687561,Standard,3.0,1.0,2592
TORUS,Standard_54,0,1.56154,0.0,648,0.05237695093879154,-0.00012128226248209195,0.34195974469184875,0.779320987654321,0.0,0.0,0.0,0.9987948536872864,Standard,5.0,0.5,648
TORUS,Standard_54,1,1.56154,0.0,648,0.05237695093879154,-0.00012128226248209195,0.34195974469184875,0.779320987654321,0.0,0.0,0.0,0.9987948536872864,Standard,5.0,0.5,648
TORUS,Standard_54,2,1.56154,0.0,648,0.05237695093879154,-0.00012128226248209195,0.34195974469184875,0.779320987654321,0.0,0.0,0.0,0.9987948536872864,Standard,5.0,0.5,648
TORUS,Standard_55,0,1.56062,0.0,1296,0.05190614884389172,-0.00013870646733038505,0.3331076204776764,0.6365740740740741,0.0,0.0,0.0,0.9987936019897461,Standard,5.0,0.5,1296
TORUS,Standard_55,1,1.56062,0.0,1296,0.05190614884389172,-0.00013870646733038505,0.3331076204776764,0.6365740740740741,0.0,0.0,0.0,0.9987936019897461,Standard,5.0,0.5,1296
TORUS,Standard_55,2,1.56062,0.0,1296,0.05190614884389172,-0.00013870646733038505,0.3331076204776764,0.6365740740740741,0.0,0.0,0.0,0.9987936019897461,Standard,5.0,0.5,1296
TORUS,Standard_56,0,1.56472,0.0,2592,0.04164645180398003,-9.808185672421921e-05,0.3545955419540405,0.4270833333333333,0.0,0.0,0.0,0.9987928867340088,Standard,5.0,0.5,2592
TORUS,Standard_56,1,1.56472,0.0,2592,0.04164645180398003,-9.808185672421921e-05,0.3545955419540405,0.4270833333333333,0.0,0.0,0.0,0.9987928867340088,Standard,5.0,0.5,2592
TORUS,Standard_56,2,1.56472,0.0,2592,0.04164645180398003,-9.808185672421921e-05,0.3545955419540405,0.4270833333333333,0.0,0.0,0.0,0.9987928867340088,Standard,5.0,0.5,2592
TORUS,Standard_57,0,1.56117,0.0,648,0.0539780237812665,-0.00014696978349437728,0.34092020988464355,0.7885802469135802,0.0,0.0,0.0,0.9987866282463074,Standard,5.0,1.0,648
TORUS,Standard_57,1,1.56117,0.0,648,0.0539780237812665,-0.00014696978349437728,0.34092020988464355,0.7885802469135802,0.0,0.0,0.0,0.9987866282463074,Standard,5.0,1.0,648
TORUS,Standard_57,2,1.56117,0.0,648,0.0539780237812665,-0.00014696978349437728,0.34092020988464355,0.7885802469135802,0.0,0.0,0.0,0.9987866282463074,Standard,5.0,1.0,648
TORUS,Standard_58,0,1.56331,0.0,1296,0.06151112297982928,-0.00015411154838473884,0.3328709304332733,0.6219135802469136,0.0,0.0,0.0,0.9987912774085999,Standard,5.0,1.0,1296
TORUS,Standard_58,1,1.56331,0.0,1296,0.06151112297982928,-0.00015411154838473884,0.3328709304332733,0.6219135802469136,0.0,0.0,0.0,0.9987912774085999,Standard,5.0,1.0,1296
TORUS,Standard_58,2,1.56331,0.0,1296,0.06151112297982928,-0.00015411154838473884,0.3328709304332733,0.6219135802469136,0.0,0.0,0.0,0.9987912774085999,Standard,5.0,1.0,1296
TORUS,Standard_59,0,1.56033,0.0,2592,0.043129990528950814,-0.00012914906350469657,0.3585672676563263,0.42052469135802467,0.0,0.0,0.0,0.9987974762916565,Standard,5.0,1.0,2592
TORUS,Standard_59,1,1.56033,0.0,2592,0.043129990528950814,-0.00012914906350469657,0.3585672676563263,0.42052469135802467,0.0,0.0,0.0,0.9987974762916565,Standard,5.0,1.0,2592
TORUS,Standard_59,2,1.56033,0.0,2592,0.043129990528950814,-0.00012914906350469657,0.3585672676563263,0.42052469135802467,0.0,0.0,0.0,0.9987974762916565,Standard,5.0,1.0,2592
TORUS,Standard_6,0,1.55915,0.30592,633,0.09576301123132155,0.030547293088443506,0.34233665466308594,0.7746913580246914,0.001020532799884677,0.01612730324268341,0.001916459295898676,0.9983645081520081,Standard,0.1,0.5,648
TORUS,Standard_6,1,1.55915,0.30592,633,0.09576301123132155,0.030547293088443506,0.34233665466308594,0.7746913580246914,0.001020532799884677,0.01612730324268341,0.001916459295898676,0.9983645081520081,Standard,0.1,0.5,648
TORUS,Standard_6,2,1.55915,0.30592,633,0.09576301123132155,0.030547293088443506,0.34233665466308594,0.7746913580246914,0.001020532799884677,0.01612730324268341,0.001916459295898676,0.9983645081520081,Standard,0.1,0.5,648
TORUS,Standard_7,0,1.56082,0.32071,1279,0.1127146434122204,0.033309884569796,0.33283624053001404,0.6103395061728395,0.0005913424538448453,0.008429273031651974,0.0010966737754642963,0.9985665082931519,Standard,0.1,0.5,1296
TORUS,Standard_7,1,1.56082,0.32071,1279,0.1127146434122204,0.033309884569796,0.33283624053001404,0.6103395061728395,0.0005913424538448453,0.008429273031651974,0.0010966737754642963,0.9985665082931519,Standard,0.1,0.5,1296
TORUS,Standard_7,2,1.56082,0.32071,1279,0.1127146434122204,0.033309884569796,0.33283624053001404,0.6103395061728395,0.0005913424538448453,0.008429273031651974,0.0010966737754642963,0.9985665082931519,Standard,0.1,0.5,1296
TORUS,Standard_8,0,1.56346,0.31989,2574,0.10622175850171703,0.0339312112104635,0.35743945837020874,0.42746913580246915,0.00029825535602867603,0.0040697394870221615,0.0005546000902540982,0.9986804723739624,Standard,0.1,0.5,2592
TORUS,Standard_8,1,1.56346,0.31989,2574,0.10622175850171703,0.0339312112104635,0.35743945837020874,0.42746913580246915,0.00029825535602867603,0.0040697394870221615,0.0005546000902540982,0.9986804723739624,Standard,0.1,0.5,2592
TORUS,Standard_8,2,1.56346,0.31989,2574,0.10622175850171703,0.0339312112104635,0.35743945837020874,0.42746913580246915,0.00029825535602867603,0.0040697394870221615,0.0005546000902540982,0.9986804723739624,Standard,0.1,0.5,2592
TORUS,Standard_9,0,1.55987,4.39418,13,0.4466618353386377,0.6537383059466676,0.8711698651313782,0.9907407407407407,0.15394020080566406,0.7348707914352417,0.2500165104866028,0.9937896728515625,Standard,0.1,1.0,648
TORUS,Standard_9,1,1.55987,4.39418,13,0.4466618353386377,0.6537383059466676,0.8711698651313782,0.9907407407407407,0.15394020080566406,0.7348707914352417,0.2500165104866028,0.9937896728515625,Standard,0.1,1.0,648
TORUS,Standard_9,2,1.55987,4.39418,13,0.4466618353386377,0.6537383059466676,0.8711698651313782,0.9907407407407407,0.15394020080566406,0.7348707914352417,0.2500165104866028,0.9937896728515625,Standard,0.1,1.0,648
