feature_rank,feature_index,arch,l0,f1,mcc
1,1094,Standard,4,0.854545,0.863524
2,699,Standard,4,0.853828,0.862826
3,910,Standard,4,0.840909,0.851518
4,971,Standard,4,0.837989,0.848961
5,293,Standard,4,0.836197,0.847038
6,789,Standard,4,0.833333,0.843485
7,415,Standard,4,0.829346,0.841241
8,347,Standard,4,0.82906,0.840938
9,433,Standard,4,0.828571,0.840464
10,401,Standard,4,0.828571,0.840566
11,1261,Standard,4,0.827839,0.839119
12,271,Standard,4,0.827438,0.839361
13,400,Standard,4,0.827068,0.839235
14,500,Standard,4,0.823105,0.834798
15,326,Standard,4,0.822715,0.83542
16,429,Standard,4,0.820679,0.833736
17,527,Standard,4,0.820244,0.833396
18,298,Standard,4,0.818575,0.831686
19,223,Standard,4,0.817494,0.830551
20,442,Standard,4,0.817035,0.830085
21,295,Standard,4,0.816374,0.829841
22,294,Standard,4,0.81523,0.828825
23,393,Standard,4,0.814493,0.828348
24,218,Standard,4,0.814414,0.827954
25,350,Standard,4,0.814341,0.828146
26,618,Standard,4,0.813765,0.827873
27,488,Standard,4,0.81295,0.827124
28,324,Standard,4,0.812576,0.826591
29,215,Standard,4,0.812155,0.826027
30,250,Standard,4,0.811902,0.825923
31,469,Standard,4,0.81182,0.826085
32,369,Standard,4,0.811808,0.825943
33,355,Standard,4,0.811486,0.825675
34,307,Standard,4,0.811364,0.825508
35,231,Standard,4,0.811359,0.825421
36,424,Standard,4,0.810903,0.825342
37,260,Standard,4,0.809882,0.824194
38,276,Standard,4,0.808743,0.823229
39,319,Standard,4,0.807739,0.822438
40,242,Standard,4,0.807611,0.822233
41,688,Standard,4,0.806683,0.821859
42,264,Standard,4,0.80611,0.821023
43,148,Standard,4,0.805819,0.820185
44,767,Standard,4,0.805333,0.82074
45,338,Standard,4,0.805263,0.820371
46,712,Standard,4,0.805252,0.820604
47,214,Standard,4,0.805169,0.820092
48,331,Standard,4,0.805164,0.819821
49,340,Standard,4,0.804688,0.819872
50,296,Standard,4,0.804646,0.819692
51,299,Standard,4,0.803653,0.818899
52,157,Standard,4,0.803341,0.818274
53,229,Standard,4,0.803163,0.818268
54,316,Standard,4,0.803109,0.818519
55,391,Standard,4,0.802985,0.818496
56,341,Standard,4,0.802759,0.818258
57,450,Standard,4,0.802744,0.818361
58,886,Standard,4,0.802469,0.818336
59,367,Standard,4,0.80236,0.817955
60,363,Standard,4,0.80236,0.817955
61,361,Standard,4,0.80226,0.817845
62,546,Standard,4,0.802218,0.817326
63,262,Standard,4,0.802174,0.817599
64,220,Standard,4,0.801835,0.816858
65,240,Standard,4,0.801527,0.816941
66,146,Standard,4,0.801105,0.816252
67,574,Standard,4,0.800731,0.816672
68,414,Standard,4,0.800648,0.815996
69,159,Standard,4,0.800602,0.81592
70,457,Standard,4,0.8,0.816009
71,416,Standard,4,0.799325,0.815436
72,280,Standard,4,0.798255,0.814256
73,489,Standard,4,0.797909,0.814246
74,254,Standard,4,0.797861,0.813905
75,165,Standard,4,0.797788,0.813568
76,300,Standard,4,0.797576,0.813754
77,305,Standard,4,0.797546,0.813737
78,407,Standard,4,0.797508,0.813848
79,224,Standard,4,0.797491,0.813439
80,289,Standard,4,0.797312,0.813473
81,225,Standard,4,0.79731,0.813348
82,596,Standard,4,0.797203,0.813765
83,143,Standard,4,0.797173,0.812919
84,380,Standard,4,0.797143,0.813489
85,302,Standard,4,0.797119,0.813358
86,246,Standard,4,0.796976,0.813159
87,366,Standard,4,0.796947,0.813359
88,194,Standard,4,0.796296,0.812451
89,209,Standard,4,0.796184,0.812294
90,410,Standard,4,0.796089,0.812579
91,328,Standard,4,0.796062,0.81256
92,452,Standard,4,0.79566,0.81235
93,124,Standard,4,0.795647,0.811415
94,230,Standard,4,0.795497,0.811782
95,382,Standard,4,0.795389,0.812002
96,346,Standard,4,0.79521,0.811731
97,577,Standard,4,0.795181,0.811989
98,580,Standard,4,0.795082,0.811913
99,237,Standard,4,0.795057,0.811487
100,249,Standard,4,0.795019,0.811394
101,468,Standard,4,0.794953,0.811681
102,195,Standard,4,0.794872,0.811096
103,342,Standard,4,0.794839,0.811466
104,144,Standard,4,0.793834,0.809951
105,197,Standard,4,0.793537,0.810073
106,321,Standard,4,0.793522,0.810376
107,92,Standard,4,0.793404,0.809155
108,208,Standard,4,0.793358,0.809946
109,339,Standard,4,0.792699,0.809654
110,141,Standard,4,0.792152,0.808455
111,284,Standard,4,0.792059,0.80895
112,125,Standard,4,0.791954,0.808193
113,174,Standard,4,0.791894,0.808533
114,653,Standard,4,0.791878,0.809274
115,490,Standard,4,0.791745,0.809043
116,251,Standard,4,0.791513,0.808378
117,275,Standard,4,0.791418,0.808506
118,371,Standard,4,0.791111,0.808385
119,160,Standard,4,0.790801,0.807548
120,441,Standard,4,0.790765,0.808076
121,137,Standard,4,0.790639,0.80721
122,245,Standard,4,0.790607,0.807661
123,335,Standard,4,0.790123,0.807433
124,216,Standard,4,0.789798,0.806876
125,219,Standard,4,0.789762,0.806883
126,323,Standard,4,0.788918,0.806456
127,270,Standard,4,0.78853,0.806059
128,423,Standard,4,0.788321,0.806013
129,102,Standard,4,0.7881,0.804762
130,309,Standard,4,0.788095,0.805261
131,204,Standard,4,0.788034,0.805352
132,171,Standard,4,0.788012,0.805162
133,87,Standard,4,0.787648,0.804213
134,243,Standard,4,0.787645,0.805138
135,166,Standard,4,0.787645,0.804913
136,139,Standard,4,0.787593,0.804706
137,609,Standard,4,0.7875,0.805494
138,482,Standard,4,0.787234,0.805197
139,746,Standard,4,0.787185,0.805265
140,190,Standard,4,0.787177,0.804666
141,235,Standard,4,0.787149,0.804752
142,318,Standard,4,0.786962,0.804712
143,337,Standard,4,0.786838,0.804746
144,186,Standard,4,0.786753,0.804207
145,180,Standard,4,0.78673,0.804163
146,406,Standard,4,0.786517,0.804463
147,303,Standard,4,0.786172,0.804111
148,438,Standard,4,0.786106,0.804258
149,232,Standard,4,0.786096,0.803751
150,311,Standard,4,0.785714,0.80377
151,336,Standard,4,0.785523,0.803593
152,131,Standard,4,0.7854,0.802754
153,222,Standard,4,0.785321,0.803123
154,277,Standard,4,0.785291,0.803312
155,226,Standard,4,0.785116,0.802963
156,70,Standard,4,0.784921,0.801528
157,185,Standard,4,0.784874,0.802657
158,234,Standard,4,0.784758,0.80275
159,162,Standard,4,0.784756,0.802359
160,312,Standard,4,0.784452,0.802598
161,196,Standard,4,0.783876,0.801834
162,118,Standard,4,0.783664,0.801086
163,213,Standard,4,0.783603,0.801706
164,176,Standard,4,0.783582,0.801432
165,155,Standard,4,0.783534,0.801331
166,163,Standard,4,0.783383,0.801257
167,247,Standard,4,0.783262,0.80152
168,462,Standard,4,0.783217,0.801797
169,158,Standard,4,0.782979,0.80086
170,268,Standard,4,0.78291,0.80128
171,646,Standard,4,0.782805,0.799941
172,285,Standard,4,0.782305,0.800776
173,183,Standard,4,0.782271,0.800371
174,665,Standard,4,0.782201,0.801068
175,265,Standard,4,0.781986,0.800402
176,210,Standard,4,0.781982,0.800282
177,267,Standard,4,0.781955,0.800417
178,252,Standard,4,0.781312,0.799808
179,199,Standard,4,0.78125,0.799627
180,73,Standard,4,0.781126,0.798302
181,126,Standard,4,0.780952,0.799
182,373,Standard,4,0.78069,0.799531
183,238,Standard,4,0.780684,0.799289
184,201,Standard,4,0.780362,0.798869
185,203,Standard,4,0.780229,0.798782
186,150,Standard,4,0.779661,0.797998
187,349,Standard,4,0.779562,0.798617
188,192,Standard,4,0.779436,0.798048
189,540,Standard,4,0.77931,0.798498
190,181,Standard,4,0.779264,0.797912
191,173,Standard,4,0.778983,0.797671
192,502,Standard,4,0.778723,0.798102
193,200,Standard,4,0.778626,0.797389
194,161,Standard,4,0.778615,0.797246
195,206,Standard,4,0.778502,0.79724
196,377,Standard,4,0.778107,0.7974
197,134,Standard,4,0.777994,0.796527
198,138,Standard,4,0.777151,0.795931
199,149,Standard,4,0.77678,0.795591
200,244,Standard,4,0.77668,0.795898
201,236,Standard,4,0.776585,0.795807
202,241,Standard,4,0.776361,0.795764
203,119,Standard,4,0.776323,0.794926
204,248,Standard,4,0.776185,0.795577
205,272,Standard,4,0.776053,0.79547
206,453,Standard,4,0.775988,0.795612
207,147,Standard,4,0.775593,0.794566
208,205,Standard,4,0.77551,0.794811
209,266,Standard,4,0.774972,0.794553
210,447,Standard,4,0.774834,0.794714
211,168,Standard,4,0.774775,0.794107
212,290,Standard,4,0.774713,0.794372
213,111,Standard,4,0.774695,0.793512
214,422,Standard,4,0.774584,0.794452
215,182,Standard,4,0.774545,0.794023
216,184,Standard,4,0.774246,0.793657
217,191,Standard,4,0.773809,0.793336
218,537,Standard,4,0.773723,0.793831
219,105,Standard,4,0.773633,0.792476
220,142,Standard,4,0.773623,0.792911
221,60,Standard,4,0.77361,0.79151
222,399,Standard,4,0.773083,0.793213
223,179,Standard,4,0.772922,0.792598
224,78,Standard,4,0.772727,0.791286
225,193,Standard,4,0.77245,0.792219
226,56,Standard,4,0.772423,0.790504
227,128,Standard,4,0.772338,0.79168
228,325,Standard,4,0.772169,0.792361
229,69,Standard,4,0.772122,0.790652
230,217,Standard,4,0.772025,0.791905
231,541,Standard,4,0.77193,0.79236
232,152,Standard,4,0.771838,0.791352
233,116,Standard,4,0.771789,0.791117
234,140,Standard,4,0.771609,0.791261
235,283,Standard,4,0.771598,0.791779
236,387,Standard,4,0.771513,0.791865
237,207,Standard,4,0.771481,0.791454
238,117,Standard,4,0.771218,0.790745
239,103,Standard,4,0.77116,0.790431
240,96,Standard,4,0.771026,0.790187
241,198,Standard,4,0.77102,0.791045
242,129,Standard,4,0.770768,0.79039
243,106,Standard,4,0.770727,0.79003
244,897,Standard,4,0.770686,0.7914
245,796,Standard,4,0.770538,0.789221
246,122,Standard,4,0.770461,0.79011
247,112,Standard,4,0.770322,0.789801
248,82,Standard,4,0.770288,0.789313
249,263,Standard,4,0.770102,0.790491
250,127,Standard,4,0.770033,0.789833
251,292,Standard,4,0.769902,0.790292
252,120,Standard,4,0.769837,0.789445
253,151,Standard,4,0.769568,0.789598
254,381,Standard,4,0.769231,0.789975
255,313,Standard,4,0.769039,0.789675
256,404,Standard,4,0.768293,0.789184
257,59,Standard,4,0.768156,0.787017
258,310,Standard,4,0.767943,0.788725
259,509,Standard,4,0.767225,0.788402
260,684,Standard,4,0.76644,0.787834
261,164,Standard,4,0.765766,0.786443
262,256,Standard,4,0.765625,0.786731
263,491,Standard,4,0.765249,0.786748
264,123,Standard,4,0.765227,0.785548
265,94,Standard,4,0.765081,0.785206
266,136,Standard,4,0.765041,0.785605
267,282,Standard,4,0.764771,0.786017
268,77,Standard,4,0.764289,0.784203
269,257,Standard,4,0.764192,0.785515
270,130,Standard,4,0.764103,0.784837
271,233,Standard,4,0.763874,0.785246
272,101,Standard,4,0.763731,0.784176
273,177,Standard,4,0.763667,0.784821
274,90,Standard,4,0.763533,0.783844
275,227,Standard,4,0.763237,0.784638
276,145,Standard,4,0.763212,0.784188
277,104,Standard,4,0.763171,0.783612
278,98,Standard,4,0.762769,0.783214
279,88,Standard,4,0.762596,0.782967
280,108,Standard,4,0.762171,0.783005
281,485,Standard,4,0.761905,0.783973
282,63,Standard,4,0.761599,0.781558
283,132,Standard,4,0.760884,0.782208
284,135,Standard,4,0.760779,0.782172
285,360,Standard,4,0.760526,0.782603
286,99,Standard,4,0.76024,0.781348
287,178,Standard,4,0.760125,0.781772
288,175,Standard,4,0.759934,0.781685
289,357,Standard,4,0.759342,0.781703
290,85,Standard,4,0.759338,0.780322
291,156,Standard,4,0.759298,0.780948
292,278,Standard,4,0.758264,0.780522
293,80,Standard,4,0.757904,0.778843
294,95,Standard,4,0.757863,0.779196
295,93,Standard,4,0.7573,0.778643
296,74,Standard,4,0.756956,0.778012
297,508,Standard,4,0.756654,0.779604
298,86,Standard,4,0.756357,0.777783
299,113,Standard,4,0.756261,0.778212
300,66,Standard,4,0.75562,0.776589
301,202,Standard,4,0.755556,0.778074
302,287,Standard,4,0.755344,0.778213
303,61,Standard,4,0.754495,0.775517
304,83,Standard,4,0.753859,0.775533
305,71,Standard,4,0.753711,0.775121
306,189,Standard,4,0.753647,0.776424
307,344,Standard,4,0.753585,0.776825
308,169,Standard,4,0.753226,0.776069
309,47,Standard,4,0.752548,0.773256
310,212,Standard,4,0.752187,0.77541
311,97,Standard,4,0.752024,0.774352
312,49,Standard,4,0.751252,0.772109
313,253,Standard,4,0.751073,0.77458
314,72,Standard,4,0.75082,0.772892
315,167,Standard,4,0.750804,0.774053
316,107,Standard,4,0.750529,0.773189
317,154,Standard,4,0.75,0.773201
318,188,Standard,4,0.75,0.773405
319,153,Standard,4,0.749827,0.773047
320,81,Standard,4,0.749304,0.771912
321,48,Standard,4,0.749269,0.770622
322,121,Standard,4,0.74921,0.772397
323,89,Standard,4,0.749097,0.771679
324,109,Standard,4,0.748473,0.77157
325,100,Standard,4,0.748354,0.771299
326,51,Standard,4,0.748087,0.76979
327,76,Standard,4,0.747826,0.770423
328,288,Standard,4,0.746544,0.770891
329,54,Standard,4,0.746318,0.768527
330,255,Standard,4,0.745958,0.770409
331,172,Standard,4,0.745763,0.769762
332,170,Standard,4,0.745763,0.76982
333,258,Standard,4,0.745059,0.769521
334,259,Standard,4,0.742857,0.767768
335,64,Standard,4,0.738567,0.762524
336,46,Standard,4,0.736508,0.75995
337,495,Standard,4,0.736059,0.762577
338,239,Standard,4,0.735562,0.761713
339,615,Standard,4,0.735113,0.761852
340,91,Standard,4,0.734815,0.760036
341,110,Standard,4,0.734061,0.759706
342,36,Standard,4,0.73057,0.754203
343,79,Standard,4,0.729124,0.754896
344,62,Standard,4,0.700537,0.731122
345,67,Standard,4,0.69785,0.729101
346,115,Standard,4,0.695652,0.728366
347,133,Standard,4,0.693435,0.72643
348,50,Standard,4,0.684379,0.717642
349,84,Standard,4,0.682432,0.717298
350,114,Standard,4,0.681159,0.716444
351,75,Standard,4,0.671298,0.708078
352,39,Standard,4,0.670124,0.705271
353,57,Standard,4,0.665303,0.702513
354,58,Standard,4,0.661665,0.699925
355,40,Standard,4,0.65958,0.696913
356,53,Standard,4,0.659196,0.697501
357,65,Standard,4,0.657266,0.696548
358,32,Standard,4,0.652409,0.690557
359,52,Standard,4,0.6308,0.674982
360,43,Standard,4,0.628118,0.672144
361,44,Standard,4,0.620136,0.666209
362,26,Standard,4,0.615354,0.660028
363,34,Standard,4,0.615237,0.661107
364,31,Standard,4,0.614441,0.660173
365,41,Standard,4,0.61164,0.659064
366,55,Standard,4,0.610676,0.65949
367,42,Standard,4,0.610305,0.658093
368,45,Standard,4,0.607849,0.656461
369,38,Standard,4,0.607512,0.65568
370,35,Standard,4,0.607415,0.65525
371,68,Standard,4,0.606593,0.656817
372,29,Standard,4,0.599483,0.648051
373,22,Standard,4,0.596191,0.644124
374,25,Standard,4,0.586965,0.636903
375,37,Standard,4,0.585405,0.638234
376,30,Standard,4,0.579157,0.632279
377,21,Standard,4,0.569582,0.622853
378,33,Standard,4,0.569019,0.624855
379,20,Standard,4,0.548536,0.606458
380,23,Standard,4,0.546872,0.60619
381,28,Standard,4,0.542583,0.603498
382,27,Standard,4,0.532296,0.595586
383,18,Standard,4,0.528648,0.590265
384,19,Standard,4,0.517201,0.581766
385,14,Standard,4,0.511992,0.575272
386,15,Standard,4,0.506447,0.571427
387,24,Standard,4,0.496753,0.567589
388,16,Standard,4,0.496617,0.564654
389,12,Standard,4,0.480634,0.549834
390,17,Standard,4,0.477059,0.548905
391,13,Standard,4,0.476819,0.547178
392,11,Standard,4,0.447249,0.52281
393,9,Standard,4,0.434756,0.510989
394,8,Standard,4,0.433877,0.508409
395,7,Standard,4,0.416577,0.493957
396,10,Standard,4,0.406947,0.490083
397,6,Standard,4,0.392597,0.47321
398,4,Standard,4,0.368273,0.44729
399,5,Standard,4,0.362576,0.446032
400,3,Standard,4,0.334541,0.41617
401,2,Standard,4,0.31486,0.392294
402,1,Standard,4,0.269246,0.340612
403,0,Standard,4,0.1844,0.232163
404,648,Standard,4,0.0,0.0
405,1295,Standard,4,0.0,0.0
406,405,Standard,4,0.0,0.0
407,402,Standard,4,0.0,0.0
408,398,Standard,4,0.0,0.0
409,408,Standard,4,0.0,0.0
410,409,Standard,4,0.0,0.0
411,397,Standard,4,0.0,0.0
412,411,Standard,4,0.0,0.0
413,412,Standard,4,0.0,0.0
414,413,Standard,4,0.0,0.0
415,396,Standard,4,0.0,0.0
416,395,Standard,4,0.0,0.0
417,394,Standard,4,0.0,0.0
418,417,Standard,4,0.0,0.0
419,418,Standard,4,0.0,0.0
420,419,Standard,4,0.0,0.0
421,420,Standard,4,0.0,0.0
422,421,Standard,4,0.0,0.0
423,392,Standard,4,0.0,0.0
424,390,Standard,4,0.0,0.0
425,389,Standard,4,0.0,0.0
426,425,Standard,4,0.0,0.0
427,426,Standard,4,0.0,0.0
428,427,Standard,4,0.0,0.0
429,428,Standard,4,0.0,0.0
430,388,Standard,4,0.0,0.0
431,430,Standard,4,0.0,0.0
432,431,Standard,4,0.0,0.0
433,432,Standard,4,0.0,0.0
434,386,Standard,4,0.0,0.0
435,434,Standard,4,0.0,0.0
436,435,Standard,4,0.0,0.0
437,436,Standard,4,0.0,0.0
438,437,Standard,4,0.0,0.0
439,385,Standard,4,0.0,0.0
440,439,Standard,4,0.0,0.0
441,440,Standard,4,0.0,0.0
442,384,Standard,4,0.0,0.0
443,383,Standard,4,0.0,0.0
444,443,Standard,4,0.0,0.0
445,444,Standard,4,0.0,0.0
446,445,Standard,4,0.0,0.0
447,446,Standard,4,0.0,0.0
448,379,Standard,4,0.0,0.0
449,448,Standard,4,0.0,0.0
450,449,Standard,4,0.0,0.0
451,378,Standard,4,0.0,0.0
452,451,Standard,4,0.0,0.0
453,376,Standard,4,0.0,0.0
454,375,Standard,4,0.0,0.0
455,454,Standard,4,0.0,0.0
456,455,Standard,4,0.0,0.0
457,456,Standard,4,0.0,0.0
458,374,Standard,4,0.0,0.0
459,458,Standard,4,0.0,0.0
460,459,Standard,4,0.0,0.0
461,460,Standard,4,0.0,0.0
462,461,Standard,4,0.0,0.0
463,372,Standard,4,0.0,0.0
464,463,Standard,4,0.0,0.0
465,464,Standard,4,0.0,0.0
466,465,Standard,4,0.0,0.0
467,466,Standard,4,0.0,0.0
468,467,Standard,4,0.0,0.0
469,370,Standard,4,0.0,0.0
470,368,Standard,4,0.0,0.0
471,470,Standard,4,0.0,0.0
472,471,Standard,4,0.0,0.0
473,472,Standard,4,0.0,0.0
474,473,Standard,4,0.0,0.0
475,474,Standard,4,0.0,0.0
476,475,Standard,4,0.0,0.0
477,476,Standard,4,0.0,0.0
478,477,Standard,4,0.0,0.0
479,478,Standard,4,0.0,0.0
480,479,Standard,4,0.0,0.0
481,480,Standard,4,0.0,0.0
482,481,Standard,4,0.0,0.0
483,365,Standard,4,0.0,0.0
484,483,Standard,4,0.0,0.0
485,484,Standard,4,0.0,0.0
486,364,Standard,4,0.0,0.0
487,486,Standard,4,0.0,0.0
488,487,Standard,4,0.0,0.0
489,362,Standard,4,0.0,0.0
490,359,Standard,4,0.0,0.0
491,358,Standard,4,0.0,0.0
492,356,Standard,4,0.0,0.0
493,492,Standard,4,0.0,0.0
494,493,Standard,4,0.0,0.0
495,494,Standard,4,0.0,0.0
496,354,Standard,4,0.0,0.0
497,496,Standard,4,0.0,0.0
498,497,Standard,4,0.0,0.0
499,498,Standard,4,0.0,0.0
500,499,Standard,4,0.0,0.0
501,353,Standard,4,0.0,0.0
502,501,Standard,4,0.0,0.0
503,352,Standard,4,0.0,0.0
504,503,Standard,4,0.0,0.0
505,504,Standard,4,0.0,0.0
506,505,Standard,4,0.0,0.0
507,506,Standard,4,0.0,0.0
508,507,Standard,4,0.0,0.0
509,351,Standard,4,0.0,0.0
510,348,Standard,4,0.0,0.0
511,510,Standard,4,0.0,0.0
512,511,Standard,4,0.0,0.0
513,512,Standard,4,0.0,0.0
514,513,Standard,4,0.0,0.0
515,514,Standard,4,0.0,0.0
516,515,Standard,4,0.0,0.0
517,516,Standard,4,0.0,0.0
518,517,Standard,4,0.0,0.0
519,518,Standard,4,0.0,0.0
520,519,Standard,4,0.0,0.0
521,520,Standard,4,0.0,0.0
522,521,Standard,4,0.0,0.0
523,522,Standard,4,0.0,0.0
524,523,Standard,4,0.0,0.0
525,524,Standard,4,0.0,0.0
526,525,Standard,4,0.0,0.0
527,526,Standard,4,0.0,0.0
528,345,Standard,4,0.0,0.0
529,528,Standard,4,0.0,0.0
530,529,Standard,4,0.0,0.0
531,530,Standard,4,0.0,0.0
532,531,Standard,4,0.0,0.0
533,532,Standard,4,0.0,0.0
534,533,Standard,4,0.0,0.0
535,534,Standard,4,0.0,0.0
536,535,Standard,4,0.0,0.0
537,536,Standard,4,0.0,0.0
538,343,Standard,4,0.0,0.0
539,538,Standard,4,0.0,0.0
540,539,Standard,4,0.0,0.0
541,334,Standard,4,0.0,0.0
542,333,Standard,4,0.0,0.0
543,542,Standard,4,0.0,0.0
544,543,Standard,4,0.0,0.0
545,544,Standard,4,0.0,0.0
546,545,Standard,4,0.0,0.0
547,332,Standard,4,0.0,0.0
548,547,Standard,4,0.0,0.0
549,548,Standard,4,0.0,0.0
550,549,Standard,4,0.0,0.0
551,550,Standard,4,0.0,0.0
552,551,Standard,4,0.0,0.0
553,552,Standard,4,0.0,0.0
554,553,Standard,4,0.0,0.0
555,554,Standard,4,0.0,0.0
556,555,Standard,4,0.0,0.0
557,556,Standard,4,0.0,0.0
558,557,Standard,4,0.0,0.0
559,558,Standard,4,0.0,0.0
560,559,Standard,4,0.0,0.0
561,560,Standard,4,0.0,0.0
562,561,Standard,4,0.0,0.0
563,562,Standard,4,0.0,0.0
564,563,Standard,4,0.0,0.0
565,564,Standard,4,0.0,0.0
566,565,Standard,4,0.0,0.0
567,566,Standard,4,0.0,0.0
568,567,Standard,4,0.0,0.0
569,568,Standard,4,0.0,0.0
570,569,Standard,4,0.0,0.0
571,570,Standard,4,0.0,0.0
572,571,Standard,4,0.0,0.0
573,572,Standard,4,0.0,0.0
574,573,Standard,4,0.0,0.0
575,330,Standard,4,0.0,0.0
576,575,Standard,4,0.0,0.0
577,576,Standard,4,0.0,0.0
578,329,Standard,4,0.0,0.0
579,578,Standard,4,0.0,0.0
580,579,Standard,4,0.0,0.0
581,327,Standard,4,0.0,0.0
582,581,Standard,4,0.0,0.0
583,582,Standard,4,0.0,0.0
584,583,Standard,4,0.0,0.0
585,584,Standard,4,0.0,0.0
586,585,Standard,4,0.0,0.0
587,586,Standard,4,0.0,0.0
588,587,Standard,4,0.0,0.0
589,588,Standard,4,0.0,0.0
590,589,Standard,4,0.0,0.0
591,590,Standard,4,0.0,0.0
592,591,Standard,4,0.0,0.0
593,592,Standard,4,0.0,0.0
594,593,Standard,4,0.0,0.0
595,594,Standard,4,0.0,0.0
596,595,Standard,4,0.0,0.0
597,322,Standard,4,0.0,0.0
598,597,Standard,4,0.0,0.0
599,598,Standard,4,0.0,0.0
600,599,Standard,4,0.0,0.0
601,600,Standard,4,0.0,0.0
602,601,Standard,4,0.0,0.0
603,602,Standard,4,0.0,0.0
604,603,Standard,4,0.0,0.0
605,604,Standard,4,0.0,0.0
606,605,Standard,4,0.0,0.0
607,606,Standard,4,0.0,0.0
608,607,Standard,4,0.0,0.0
609,608,Standard,4,0.0,0.0
610,320,Standard,4,0.0,0.0
611,610,Standard,4,0.0,0.0
612,611,Standard,4,0.0,0.0
613,612,Standard,4,0.0,0.0
614,613,Standard,4,0.0,0.0
615,614,Standard,4,0.0,0.0
616,317,Standard,4,0.0,0.0
617,616,Standard,4,0.0,0.0
618,617,Standard,4,0.0,0.0
619,315,Standard,4,0.0,0.0
620,619,Standard,4,0.0,0.0
621,620,Standard,4,0.0,0.0
622,621,Standard,4,0.0,0.0
623,622,Standard,4,0.0,0.0
624,623,Standard,4,0.0,0.0
625,624,Standard,4,0.0,0.0
626,625,Standard,4,0.0,0.0
627,626,Standard,4,0.0,0.0
628,627,Standard,4,0.0,0.0
629,628,Standard,4,0.0,0.0
630,629,Standard,4,0.0,0.0
631,630,Standard,4,0.0,0.0
632,631,Standard,4,0.0,0.0
633,632,Standard,4,0.0,0.0
634,633,Standard,4,0.0,0.0
635,634,Standard,4,0.0,0.0
636,635,Standard,4,0.0,0.0
637,636,Standard,4,0.0,0.0
638,637,Standard,4,0.0,0.0
639,638,Standard,4,0.0,0.0
640,639,Standard,4,0.0,0.0
641,640,Standard,4,0.0,0.0
642,641,Standard,4,0.0,0.0
643,642,Standard,4,0.0,0.0
644,643,Standard,4,0.0,0.0
645,644,Standard,4,0.0,0.0
646,645,Standard,4,0.0,0.0
647,314,Standard,4,0.0,0.0
648,647,Standard,4,0.0,0.0
649,308,Standard,4,0.0,0.0
650,649,Standard,4,0.0,0.0
651,650,Standard,4,0.0,0.0
652,651,Standard,4,0.0,0.0
653,652,Standard,4,0.0,0.0
654,306,Standard,4,0.0,0.0
655,654,Standard,4,0.0,0.0
656,655,Standard,4,0.0,0.0
657,656,Standard,4,0.0,0.0
658,657,Standard,4,0.0,0.0
659,658,Standard,4,0.0,0.0
660,659,Standard,4,0.0,0.0
661,660,Standard,4,0.0,0.0
662,661,Standard,4,0.0,0.0
663,662,Standard,4,0.0,0.0
664,663,Standard,4,0.0,0.0
665,664,Standard,4,0.0,0.0
666,304,Standard,4,0.0,0.0
667,666,Standard,4,0.0,0.0
668,667,Standard,4,0.0,0.0
669,668,Standard,4,0.0,0.0
670,669,Standard,4,0.0,0.0
671,670,Standard,4,0.0,0.0
672,671,Standard,4,0.0,0.0
673,672,Standard,4,0.0,0.0
674,673,Standard,4,0.0,0.0
675,674,Standard,4,0.0,0.0
676,675,Standard,4,0.0,0.0
677,676,Standard,4,0.0,0.0
678,677,Standard,4,0.0,0.0
679,678,Standard,4,0.0,0.0
680,679,Standard,4,0.0,0.0
681,680,Standard,4,0.0,0.0
682,681,Standard,4,0.0,0.0
683,682,Standard,4,0.0,0.0
684,683,Standard,4,0.0,0.0
685,301,Standard,4,0.0,0.0
686,685,Standard,4,0.0,0.0
687,686,Standard,4,0.0,0.0
688,687,Standard,4,0.0,0.0
689,297,Standard,4,0.0,0.0
690,689,Standard,4,0.0,0.0
691,690,Standard,4,0.0,0.0
692,691,Standard,4,0.0,0.0
693,692,Standard,4,0.0,0.0
694,693,Standard,4,0.0,0.0
695,694,Standard,4,0.0,0.0
696,695,Standard,4,0.0,0.0
697,696,Standard,4,0.0,0.0
698,697,Standard,4,0.0,0.0
699,698,Standard,4,0.0,0.0
700,291,Standard,4,0.0,0.0
701,700,Standard,4,0.0,0.0
702,701,Standard,4,0.0,0.0
703,702,Standard,4,0.0,0.0
704,703,Standard,4,0.0,0.0
705,704,Standard,4,0.0,0.0
706,705,Standard,4,0.0,0.0
707,706,Standard,4,0.0,0.0
708,707,Standard,4,0.0,0.0
709,708,Standard,4,0.0,0.0
710,709,Standard,4,0.0,0.0
711,710,Standard,4,0.0,0.0
712,711,Standard,4,0.0,0.0
713,286,Standard,4,0.0,0.0
714,713,Standard,4,0.0,0.0
715,714,Standard,4,0.0,0.0
716,715,Standard,4,0.0,0.0
717,716,Standard,4,0.0,0.0
718,717,Standard,4,0.0,0.0
719,718,Standard,4,0.0,0.0
720,719,Standard,4,0.0,0.0
721,720,Standard,4,0.0,0.0
722,721,Standard,4,0.0,0.0
723,722,Standard,4,0.0,0.0
724,723,Standard,4,0.0,0.0
725,724,Standard,4,0.0,0.0
726,725,Standard,4,0.0,0.0
727,726,Standard,4,0.0,0.0
728,727,Standard,4,0.0,0.0
729,728,Standard,4,0.0,0.0
730,729,Standard,4,0.0,0.0
731,730,Standard,4,0.0,0.0
732,731,Standard,4,0.0,0.0
733,732,Standard,4,0.0,0.0
734,733,Standard,4,0.0,0.0
735,734,Standard,4,0.0,0.0
736,735,Standard,4,0.0,0.0
737,736,Standard,4,0.0,0.0
738,737,Standard,4,0.0,0.0
739,738,Standard,4,0.0,0.0
740,739,Standard,4,0.0,0.0
741,740,Standard,4,0.0,0.0
742,741,Standard,4,0.0,0.0
743,742,Standard,4,0.0,0.0
744,743,Standard,4,0.0,0.0
745,744,Standard,4,0.0,0.0
746,745,Standard,4,0.0,0.0
747,281,Standard,4,0.0,0.0
748,747,Standard,4,0.0,0.0
749,748,Standard,4,0.0,0.0
750,749,Standard,4,0.0,0.0
751,750,Standard,4,0.0,0.0
752,751,Standard,4,0.0,0.0
753,752,Standard,4,0.0,0.0
754,753,Standard,4,0.0,0.0
755,754,Standard,4,0.0,0.0
756,755,Standard,4,0.0,0.0
757,756,Standard,4,0.0,0.0
758,757,Standard,4,0.0,0.0
759,758,Standard,4,0.0,0.0
760,759,Standard,4,0.0,0.0
761,760,Standard,4,0.0,0.0
762,761,Standard,4,0.0,0.0
763,762,Standard,4,0.0,0.0
764,763,Standard,4,0.0,0.0
765,764,Standard,4,0.0,0.0
766,765,Standard,4,0.0,0.0
767,766,Standard,4,0.0,0.0
768,279,Standard,4,0.0,0.0
769,768,Standard,4,0.0,0.0
770,769,Standard,4,0.0,0.0
771,770,Standard,4,0.0,0.0
772,771,Standard,4,0.0,0.0
773,772,Standard,4,0.0,0.0
774,773,Standard,4,0.0,0.0
775,774,Standard,4,0.0,0.0
776,775,Standard,4,0.0,0.0
777,776,Standard,4,0.0,0.0
778,777,Standard,4,0.0,0.0
779,778,Standard,4,0.0,0.0
780,779,Standard,4,0.0,0.0
781,780,Standard,4,0.0,0.0
782,781,Standard,4,0.0,0.0
783,782,Standard,4,0.0,0.0
784,783,Standard,4,0.0,0.0
785,784,Standard,4,0.0,0.0
786,785,Standard,4,0.0,0.0
787,786,Standard,4,0.0,0.0
788,787,Standard,4,0.0,0.0
789,788,Standard,4,0.0,0.0
790,274,Standard,4,0.0,0.0
791,790,Standard,4,0.0,0.0
792,791,Standard,4,0.0,0.0
793,792,Standard,4,0.0,0.0
794,793,Standard,4,0.0,0.0
795,794,Standard,4,0.0,0.0
796,795,Standard,4,0.0,0.0
797,273,Standard,4,0.0,0.0
798,797,Standard,4,0.0,0.0
799,798,Standard,4,0.0,0.0
800,799,Standard,4,0.0,0.0
801,800,Standard,4,0.0,0.0
802,801,Standard,4,0.0,0.0
803,802,Standard,4,0.0,0.0
804,803,Standard,4,0.0,0.0
805,804,Standard,4,0.0,0.0
806,805,Standard,4,0.0,0.0
807,806,Standard,4,0.0,0.0
808,807,Standard,4,0.0,0.0
809,808,Standard,4,0.0,0.0
810,809,Standard,4,0.0,0.0
811,810,Standard,4,0.0,0.0
812,811,Standard,4,0.0,0.0
813,812,Standard,4,0.0,0.0
814,813,Standard,4,0.0,0.0
815,814,Standard,4,0.0,0.0
816,815,Standard,4,0.0,0.0
817,816,Standard,4,0.0,0.0
818,817,Standard,4,0.0,0.0
819,818,Standard,4,0.0,0.0
820,819,Standard,4,0.0,0.0
821,820,Standard,4,0.0,0.0
822,821,Standard,4,0.0,0.0
823,822,Standard,4,0.0,0.0
824,823,Standard,4,0.0,0.0
825,824,Standard,4,0.0,0.0
826,825,Standard,4,0.0,0.0
827,826,Standard,4,0.0,0.0
828,827,Standard,4,0.0,0.0
829,828,Standard,4,0.0,0.0
830,829,Standard,4,0.0,0.0
831,830,Standard,4,0.0,0.0
832,831,Standard,4,0.0,0.0
833,832,Standard,4,0.0,0.0
834,833,Standard,4,0.0,0.0
835,834,Standard,4,0.0,0.0
836,835,Standard,4,0.0,0.0
837,836,Standard,4,0.0,0.0
838,837,Standard,4,0.0,0.0
839,838,Standard,4,0.0,0.0
840,839,Standard,4,0.0,0.0
841,840,Standard,4,0.0,0.0
842,841,Standard,4,0.0,0.0
843,842,Standard,4,0.0,0.0
844,843,Standard,4,0.0,0.0
845,844,Standard,4,0.0,0.0
846,845,Standard,4,0.0,0.0
847,846,Standard,4,0.0,0.0
848,847,Standard,4,0.0,0.0
849,848,Standard,4,0.0,0.0
850,849,Standard,4,0.0,0.0
851,403,Standard,4,0.0,0.0
852,851,Standard,4,0.0,0.0
853,852,Standard,4,0.0,0.0
854,853,Standard,4,0.0,0.0
855,854,Standard,4,0.0,0.0
856,855,Standard,4,0.0,0.0
857,856,Standard,4,0.0,0.0
858,857,Standard,4,0.0,0.0
859,858,Standard,4,0.0,0.0
860,859,Standard,4,0.0,0.0
861,860,Standard,4,0.0,0.0
862,861,Standard,4,0.0,0.0
863,862,Standard,4,0.0,0.0
864,863,Standard,4,0.0,0.0
865,864,Standard,4,0.0,0.0
866,865,Standard,4,0.0,0.0
867,866,Standard,4,0.0,0.0
868,867,Standard,4,0.0,0.0
869,868,Standard,4,0.0,0.0
870,869,Standard,4,0.0,0.0
871,870,Standard,4,0.0,0.0
872,871,Standard,4,0.0,0.0
873,872,Standard,4,0.0,0.0
874,873,Standard,4,0.0,0.0
875,874,Standard,4,0.0,0.0
876,875,Standard,4,0.0,0.0
877,876,Standard,4,0.0,0.0
878,877,Standard,4,0.0,0.0
879,878,Standard,4,0.0,0.0
880,879,Standard,4,0.0,0.0
881,880,Standard,4,0.0,0.0
882,881,Standard,4,0.0,0.0
883,882,Standard,4,0.0,0.0
884,883,Standard,4,0.0,0.0
885,884,Standard,4,0.0,0.0
886,885,Standard,4,0.0,0.0
887,269,Standard,4,0.0,0.0
888,887,Standard,4,0.0,0.0
889,888,Standard,4,0.0,0.0
890,889,Standard,4,0.0,0.0
891,890,Standard,4,0.0,0.0
892,891,Standard,4,0.0,0.0
893,892,Standard,4,0.0,0.0
894,893,Standard,4,0.0,0.0
895,894,Standard,4,0.0,0.0
896,895,Standard,4,0.0,0.0
897,896,Standard,4,0.0,0.0
898,261,Standard,4,0.0,0.0
899,898,Standard,4,0.0,0.0
900,899,Standard,4,0.0,0.0
901,900,Standard,4,0.0,0.0
902,901,Standard,4,0.0,0.0
903,902,Standard,4,0.0,0.0
904,903,Standard,4,0.0,0.0
905,904,Standard,4,0.0,0.0
906,905,Standard,4,0.0,0.0
907,906,Standard,4,0.0,0.0
908,907,Standard,4,0.0,0.0
909,908,Standard,4,0.0,0.0
910,909,Standard,4,0.0,0.0
911,228,Standard,4,0.0,0.0
912,911,Standard,4,0.0,0.0
913,912,Standard,4,0.0,0.0
914,913,Standard,4,0.0,0.0
915,914,Standard,4,0.0,0.0
916,915,Standard,4,0.0,0.0
917,916,Standard,4,0.0,0.0
918,917,Standard,4,0.0,0.0
919,918,Standard,4,0.0,0.0
920,919,Standard,4,0.0,0.0
921,920,Standard,4,0.0,0.0
922,921,Standard,4,0.0,0.0
923,922,Standard,4,0.0,0.0
924,923,Standard,4,0.0,0.0
925,924,Standard,4,0.0,0.0
926,925,Standard,4,0.0,0.0
927,926,Standard,4,0.0,0.0
928,927,Standard,4,0.0,0.0
929,928,Standard,4,0.0,0.0
930,929,Standard,4,0.0,0.0
931,930,Standard,4,0.0,0.0
932,931,Standard,4,0.0,0.0
933,932,Standard,4,0.0,0.0
934,933,Standard,4,0.0,0.0
935,934,Standard,4,0.0,0.0
936,935,Standard,4,0.0,0.0
937,936,Standard,4,0.0,0.0
938,937,Standard,4,0.0,0.0
939,938,Standard,4,0.0,0.0
940,939,Standard,4,0.0,0.0
941,940,Standard,4,0.0,0.0
942,941,Standard,4,0.0,0.0
943,942,Standard,4,0.0,0.0
944,943,Standard,4,0.0,0.0
945,944,Standard,4,0.0,0.0
946,945,Standard,4,0.0,0.0
947,946,Standard,4,0.0,0.0
948,947,Standard,4,0.0,0.0
949,948,Standard,4,0.0,0.0
950,949,Standard,4,0.0,0.0
951,950,Standard,4,0.0,0.0
952,951,Standard,4,0.0,0.0
953,952,Standard,4,0.0,0.0
954,953,Standard,4,0.0,0.0
955,954,Standard,4,0.0,0.0
956,955,Standard,4,0.0,0.0
957,956,Standard,4,0.0,0.0
958,957,Standard,4,0.0,0.0
959,958,Standard,4,0.0,0.0
960,959,Standard,4,0.0,0.0
961,960,Standard,4,0.0,0.0
962,961,Standard,4,0.0,0.0
963,962,Standard,4,0.0,0.0
964,963,Standard,4,0.0,0.0
965,964,Standard,4,0.0,0.0
966,965,Standard,4,0.0,0.0
967,966,Standard,4,0.0,0.0
968,967,Standard,4,0.0,0.0
969,968,Standard,4,0.0,0.0
970,969,Standard,4,0.0,0.0
971,970,Standard,4,0.0,0.0
972,221,Standard,4,0.0,0.0
973,972,Standard,4,0.0,0.0
974,973,Standard,4,0.0,0.0
975,974,Standard,4,0.0,0.0
976,975,Standard,4,0.0,0.0
977,976,Standard,4,0.0,0.0
978,977,Standard,4,0.0,0.0
979,978,Standard,4,0.0,0.0
980,979,Standard,4,0.0,0.0
981,980,Standard,4,0.0,0.0
982,981,Standard,4,0.0,0.0
983,982,Standard,4,0.0,0.0
984,983,Standard,4,0.0,0.0
985,984,Standard,4,0.0,0.0
986,985,Standard,4,0.0,0.0
987,986,Standard,4,0.0,0.0
988,987,Standard,4,0.0,0.0
989,988,Standard,4,0.0,0.0
990,989,Standard,4,0.0,0.0
991,990,Standard,4,0.0,0.0
992,991,Standard,4,0.0,0.0
993,992,Standard,4,0.0,0.0
994,993,Standard,4,0.0,0.0
995,994,Standard,4,0.0,0.0
996,995,Standard,4,0.0,0.0
997,996,Standard,4,0.0,0.0
998,997,Standard,4,0.0,0.0
999,998,Standard,4,0.0,0.0
1000,999,Standard,4,0.0,0.0
1001,1000,Standard,4,0.0,0.0
1002,1001,Standard,4,0.0,0.0
1003,1002,Standard,4,0.0,0.0
1004,1003,Standard,4,0.0,0.0
1005,1004,Standard,4,0.0,0.0
1006,1005,Standard,4,0.0,0.0
1007,1006,Standard,4,0.0,0.0
1008,1007,Standard,4,0.0,0.0
1009,1008,Standard,4,0.0,0.0
1010,1009,Standard,4,0.0,0.0
1011,1010,Standard,4,0.0,0.0
1012,1011,Standard,4,0.0,0.0
1013,1012,Standard,4,0.0,0.0
1014,1013,Standard,4,0.0,0.0
1015,1014,Standard,4,0.0,0.0
1016,1015,Standard,4,0.0,0.0
1017,1016,Standard,4,0.0,0.0
1018,1017,Standard,4,0.0,0.0
1019,1018,Standard,4,0.0,0.0
1020,1019,Standard,4,0.0,0.0
1021,1020,Standard,4,0.0,0.0
1022,1021,Standard,4,0.0,0.0
1023,1022,Standard,4,0.0,0.0
1024,1023,Standard,4,0.0,0.0
1025,1024,Standard,4,0.0,0.0
1026,1025,Standard,4,0.0,0.0
1027,1026,Standard,4,0.0,0.0
1028,1027,Standard,4,0.0,0.0
1029,1028,Standard,4,0.0,0.0
1030,1029,Standard,4,0.0,0.0
1031,1030,Standard,4,0.0,0.0
1032,1031,Standard,4,0.0,0.0
1033,1032,Standard,4,0.0,0.0
1034,1033,Standard,4,0.0,0.0
1035,1034,Standard,4,0.0,0.0
1036,1035,Standard,4,0.0,0.0
1037,1036,Standard,4,0.0,0.0
1038,1037,Standard,4,0.0,0.0
1039,1038,Standard,4,0.0,0.0
1040,1039,Standard,4,0.0,0.0
1041,1040,Standard,4,0.0,0.0
1042,1041,Standard,4,0.0,0.0
1043,1042,Standard,4,0.0,0.0
1044,1043,Standard,4,0.0,0.0
1045,1044,Standard,4,0.0,0.0
1046,1045,Standard,4,0.0,0.0
1047,1046,Standard,4,0.0,0.0
1048,1047,Standard,4,0.0,0.0
1049,1048,Standard,4,0.0,0.0
1050,1049,Standard,4,0.0,0.0
1051,1050,Standard,4,0.0,0.0
1052,1051,Standard,4,0.0,0.0
1053,1052,Standard,4,0.0,0.0
1054,1053,Standard,4,0.0,0.0
1055,1054,Standard,4,0.0,0.0
1056,1055,Standard,4,0.0,0.0
1057,1056,Standard,4,0.0,0.0
1058,1057,Standard,4,0.0,0.0
1059,1058,Standard,4,0.0,0.0
1060,1059,Standard,4,0.0,0.0
1061,1060,Standard,4,0.0,0.0
1062,1061,Standard,4,0.0,0.0
1063,1062,Standard,4,0.0,0.0
1064,1063,Standard,4,0.0,0.0
1065,1064,Standard,4,0.0,0.0
1066,1065,Standard,4,0.0,0.0
1067,1066,Standard,4,0.0,0.0
1068,1067,Standard,4,0.0,0.0
1069,1068,Standard,4,0.0,0.0
1070,1069,Standard,4,0.0,0.0
1071,1070,Standard,4,0.0,0.0
1072,1071,Standard,4,0.0,0.0
1073,1072,Standard,4,0.0,0.0
1074,1073,Standard,4,0.0,0.0
1075,1074,Standard,4,0.0,0.0
1076,1075,Standard,4,0.0,0.0
1077,1076,Standard,4,0.0,0.0
1078,1077,Standard,4,0.0,0.0
1079,1078,Standard,4,0.0,0.0
1080,1079,Standard,4,0.0,0.0
1081,1080,Standard,4,0.0,0.0
1082,1081,Standard,4,0.0,0.0
1083,1082,Standard,4,0.0,0.0
1084,1083,Standard,4,0.0,0.0
1085,1084,Standard,4,0.0,0.0
1086,1085,Standard,4,0.0,0.0
1087,1086,Standard,4,0.0,0.0
1088,1087,Standard,4,0.0,0.0
1089,1088,Standard,4,0.0,0.0
1090,1089,Standard,4,0.0,0.0
1091,1090,Standard,4,0.0,0.0
1092,1091,Standard,4,0.0,0.0
1093,1092,Standard,4,0.0,0.0
1094,1093,Standard,4,0.0,0.0
1095,211,Standard,4,0.0,0.0
1096,1095,Standard,4,0.0,0.0
1097,1096,Standard,4,0.0,0.0
1098,1097,Standard,4,0.0,0.0
1099,1098,Standard,4,0.0,0.0
1100,1099,Standard,4,0.0,0.0
1101,1100,Standard,4,0.0,0.0
1102,1101,Standard,4,0.0,0.0
1103,1102,Standard,4,0.0,0.0
1104,1103,Standard,4,0.0,0.0
1105,1104,Standard,4,0.0,0.0
1106,1105,Standard,4,0.0,0.0
1107,1106,Standard,4,0.0,0.0
1108,1107,Standard,4,0.0,0.0
1109,1108,Standard,4,0.0,0.0
1110,1109,Standard,4,0.0,0.0
1111,1110,Standard,4,0.0,0.0
1112,1111,Standard,4,0.0,0.0
1113,1112,Standard,4,0.0,0.0
1114,1113,Standard,4,0.0,0.0
1115,1114,Standard,4,0.0,0.0
1116,1115,Standard,4,0.0,0.0
1117,1116,Standard,4,0.0,0.0
1118,1117,Standard,4,0.0,0.0
1119,1118,Standard,4,0.0,0.0
1120,1119,Standard,4,0.0,0.0
1121,1120,Standard,4,0.0,0.0
1122,1121,Standard,4,0.0,0.0
1123,1122,Standard,4,0.0,0.0
1124,1123,Standard,4,0.0,0.0
1125,1124,Standard,4,0.0,0.0
1126,1125,Standard,4,0.0,0.0
1127,1126,Standard,4,0.0,0.0
1128,1127,Standard,4,0.0,0.0
1129,1128,Standard,4,0.0,0.0
1130,1129,Standard,4,0.0,0.0
1131,1130,Standard,4,0.0,0.0
1132,1131,Standard,4,0.0,0.0
1133,1132,Standard,4,0.0,0.0
1134,1133,Standard,4,0.0,0.0
1135,1134,Standard,4,0.0,0.0
1136,1135,Standard,4,0.0,0.0
1137,1136,Standard,4,0.0,0.0
1138,1137,Standard,4,0.0,0.0
1139,1138,Standard,4,0.0,0.0
1140,1139,Standard,4,0.0,0.0
1141,1140,Standard,4,0.0,0.0
1142,1141,Standard,4,0.0,0.0
1143,1142,Standard,4,0.0,0.0
1144,1143,Standard,4,0.0,0.0
1145,1144,Standard,4,0.0,0.0
1146,1145,Standard,4,0.0,0.0
1147,1146,Standard,4,0.0,0.0
1148,1147,Standard,4,0.0,0.0
1149,1148,Standard,4,0.0,0.0
1150,1149,Standard,4,0.0,0.0
1151,1150,Standard,4,0.0,0.0
1152,1151,Standard,4,0.0,0.0
1153,1152,Standard,4,0.0,0.0
1154,1153,Standard,4,0.0,0.0
1155,1154,Standard,4,0.0,0.0
1156,1155,Standard,4,0.0,0.0
1157,1156,Standard,4,0.0,0.0
1158,1157,Standard,4,0.0,0.0
1159,1158,Standard,4,0.0,0.0
1160,1159,Standard,4,0.0,0.0
1161,1160,Standard,4,0.0,0.0
1162,1161,Standard,4,0.0,0.0
1163,1162,Standard,4,0.0,0.0
1164,1163,Standard,4,0.0,0.0
1165,1164,Standard,4,0.0,0.0
1166,1165,Standard,4,0.0,0.0
1167,1166,Standard,4,0.0,0.0
1168,1167,Standard,4,0.0,0.0
1169,1168,Standard,4,0.0,0.0
1170,1169,Standard,4,0.0,0.0
1171,1170,Standard,4,0.0,0.0
1172,1171,Standard,4,0.0,0.0
1173,1172,Standard,4,0.0,0.0
1174,1173,Standard,4,0.0,0.0
1175,1174,Standard,4,0.0,0.0
1176,1175,Standard,4,0.0,0.0
1177,1176,Standard,4,0.0,0.0
1178,1177,Standard,4,0.0,0.0
1179,1178,Standard,4,0.0,0.0
1180,1179,Standard,4,0.0,0.0
1181,1180,Standard,4,0.0,0.0
1182,1181,Standard,4,0.0,0.0
1183,1182,Standard,4,0.0,0.0
1184,1183,Standard,4,0.0,0.0
1185,1184,Standard,4,0.0,0.0
1186,1185,Standard,4,0.0,0.0
1187,1186,Standard,4,0.0,0.0
1188,1187,Standard,4,0.0,0.0
1189,1188,Standard,4,0.0,0.0
1190,1189,Standard,4,0.0,0.0
1191,1190,Standard,4,0.0,0.0
1192,1191,Standard,4,0.0,0.0
1193,1192,Standard,4,0.0,0.0
1194,1193,Standard,4,0.0,0.0
1195,1194,Standard,4,0.0,0.0
1196,1195,Standard,4,0.0,0.0
1197,1196,Standard,4,0.0,0.0
1198,1197,Standard,4,0.0,0.0
1199,1198,Standard,4,0.0,0.0
1200,1199,Standard,4,0.0,0.0
1201,1200,Standard,4,0.0,0.0
1202,1201,Standard,4,0.0,0.0
1203,1202,Standard,4,0.0,0.0
1204,1203,Standard,4,0.0,0.0
1205,1204,Standard,4,0.0,0.0
1206,1205,Standard,4,0.0,0.0
1207,1206,Standard,4,0.0,0.0
1208,1207,Standard,4,0.0,0.0
1209,1208,Standard,4,0.0,0.0
1210,1209,Standard,4,0.0,0.0
1211,1210,Standard,4,0.0,0.0
1212,1211,Standard,4,0.0,0.0
1213,1212,Standard,4,0.0,0.0
1214,1213,Standard,4,0.0,0.0
1215,1214,Standard,4,0.0,0.0
1216,1215,Standard,4,0.0,0.0
1217,1216,Standard,4,0.0,0.0
1218,1217,Standard,4,0.0,0.0
1219,1218,Standard,4,0.0,0.0
1220,1219,Standard,4,0.0,0.0
1221,1220,Standard,4,0.0,0.0
1222,1221,Standard,4,0.0,0.0
1223,1222,Standard,4,0.0,0.0
1224,1223,Standard,4,0.0,0.0
1225,1224,Standard,4,0.0,0.0
1226,1225,Standard,4,0.0,0.0
1227,1226,Standard,4,0.0,0.0
1228,1227,Standard,4,0.0,0.0
1229,1228,Standard,4,0.0,0.0
1230,1229,Standard,4,0.0,0.0
1231,1230,Standard,4,0.0,0.0
1232,1231,Standard,4,0.0,0.0
1233,1232,Standard,4,0.0,0.0
1234,1233,Standard,4,0.0,0.0
1235,1234,Standard,4,0.0,0.0
1236,1235,Standard,4,0.0,0.0
1237,1236,Standard,4,0.0,0.0
1238,1237,Standard,4,0.0,0.0
1239,1238,Standard,4,0.0,0.0
1240,1239,Standard,4,0.0,0.0
1241,1240,Standard,4,0.0,0.0
1242,1241,Standard,4,0.0,0.0
1243,1242,Standard,4,0.0,0.0
1244,1243,Standard,4,0.0,0.0
1245,1244,Standard,4,0.0,0.0
1246,1245,Standard,4,0.0,0.0
1247,1246,Standard,4,0.0,0.0
1248,1247,Standard,4,0.0,0.0
1249,1248,Standard,4,0.0,0.0
1250,1249,Standard,4,0.0,0.0
1251,1250,Standard,4,0.0,0.0
1252,1251,Standard,4,0.0,0.0
1253,1252,Standard,4,0.0,0.0
1254,1253,Standard,4,0.0,0.0
1255,1254,Standard,4,0.0,0.0
1256,1255,Standard,4,0.0,0.0
1257,1256,Standard,4,0.0,0.0
1258,1257,Standard,4,0.0,0.0
1259,1258,Standard,4,0.0,0.0
1260,1259,Standard,4,0.0,0.0
1261,1260,Standard,4,0.0,0.0
1262,187,Standard,4,0.0,0.0
1263,1262,Standard,4,0.0,0.0
1264,1263,Standard,4,0.0,0.0
1265,1264,Standard,4,0.0,0.0
1266,1265,Standard,4,0.0,0.0
1267,1266,Standard,4,0.0,0.0
1268,1267,Standard,4,0.0,0.0
1269,1268,Standard,4,0.0,0.0
1270,1269,Standard,4,0.0,0.0
1271,1270,Standard,4,0.0,0.0
1272,1271,Standard,4,0.0,0.0
1273,1272,Standard,4,0.0,0.0
1274,1273,Standard,4,0.0,0.0
1275,1274,Standard,4,0.0,0.0
1276,1275,Standard,4,0.0,0.0
1277,1276,Standard,4,0.0,0.0
1278,1277,Standard,4,0.0,0.0
1279,1278,Standard,4,0.0,0.0
1280,1279,Standard,4,0.0,0.0
1281,1280,Standard,4,0.0,0.0
1282,1281,Standard,4,0.0,0.0
1283,1282,Standard,4,0.0,0.0
1284,1283,Standard,4,0.0,0.0
1285,1284,Standard,4,0.0,0.0
1286,1285,Standard,4,0.0,0.0
1287,1286,Standard,4,0.0,0.0
1288,1287,Standard,4,0.0,0.0
1289,1288,Standard,4,0.0,0.0
1290,1289,Standard,4,0.0,0.0
1291,1290,Standard,4,0.0,0.0
1292,1291,Standard,4,0.0,0.0
1293,1292,Standard,4,0.0,0.0
1294,1293,Standard,4,0.0,0.0
1295,1294,Standard,4,0.0,0.0
1296,850,Standard,4,0.0,0.0
1,41,Standard,8,0.917073,0.918204
2,44,Standard,8,0.912321,0.912524
3,47,Standard,8,0.909528,0.910997
4,51,Standard,8,0.908606,0.910423
5,60,Standard,8,0.90795,0.90937
6,36,Standard,8,0.907517,0.908056
7,31,Standard,8,0.907096,0.907288
8,28,Standard,8,0.906477,0.906513
9,48,Standard,8,0.905575,0.906207
10,30,Standard,8,0.904418,0.904069
11,32,Standard,8,0.904267,0.906034
12,49,Standard,8,0.903473,0.905685
13,34,Standard,8,0.901506,0.902378
14,25,Standard,8,0.901011,0.901198
15,55,Standard,8,0.900183,0.901829
16,46,Standard,8,0.899174,0.901686
17,65,Standard,8,0.898607,0.900252
18,59,Standard,8,0.898353,0.899443
19,26,Standard,8,0.89801,0.89935
20,35,Standard,8,0.897666,0.89896
21,73,Standard,8,0.897454,0.898368
22,63,Standard,8,0.896443,0.898113
23,42,Standard,8,0.89608,0.896416
24,58,Standard,8,0.895683,0.896245
25,68,Standard,8,0.89411,0.895661
26,83,Standard,8,0.893729,0.897531
27,53,Standard,8,0.893362,0.896108
28,75,Standard,8,0.891478,0.892038
29,69,Standard,8,0.890452,0.891011
30,61,Standard,8,0.889616,0.889803
31,64,Standard,8,0.889462,0.889577
32,39,Standard,8,0.889035,0.890703
33,45,Standard,8,0.888036,0.890148
34,27,Standard,8,0.887551,0.888615
35,74,Standard,8,0.887299,0.888027
36,62,Standard,8,0.88622,0.887485
37,90,Standard,8,0.885141,0.885133
38,56,Standard,8,0.883734,0.883953
39,78,Standard,8,0.883523,0.883446
40,88,Standard,8,0.882655,0.882406
41,80,Standard,8,0.882419,0.883188
42,76,Standard,8,0.881653,0.882406
43,43,Standard,8,0.881549,0.881708
44,71,Standard,8,0.881379,0.882431
45,82,Standard,8,0.881015,0.881205
46,77,Standard,8,0.87965,0.881015
47,66,Standard,8,0.878438,0.878594
48,33,Standard,8,0.877848,0.879581
49,29,Standard,8,0.876526,0.878001
50,99,Standard,8,0.876348,0.876495
51,79,Standard,8,0.87553,0.875704
52,52,Standard,8,0.875445,0.876981
53,57,Standard,8,0.873134,0.874733
54,70,Standard,8,0.872763,0.872568
55,86,Standard,8,0.872488,0.872668
56,81,Standard,8,0.872157,0.872698
57,50,Standard,8,0.87156,0.873148
58,87,Standard,8,0.870386,0.870865
59,95,Standard,8,0.869785,0.869986
60,67,Standard,8,0.869137,0.869524
61,104,Standard,8,0.868721,0.870373
62,40,Standard,8,0.868601,0.869801
63,91,Standard,8,0.86753,0.86692
64,102,Standard,8,0.867523,0.8668
65,54,Standard,8,0.867156,0.866095
66,72,Standard,8,0.867084,0.867453
67,111,Standard,8,0.866758,0.865641
68,92,Standard,8,0.866411,0.865937
69,37,Standard,8,0.865899,0.866779
70,38,Standard,8,0.865603,0.865656
71,94,Standard,8,0.865585,0.864705
72,84,Standard,8,0.865569,0.864431
73,85,Standard,8,0.865407,0.86572
74,113,Standard,8,0.865083,0.86459
75,100,Standard,8,0.8635,0.862998
76,89,Standard,8,0.861515,0.860525
77,97,Standard,8,0.860847,0.860932
78,93,Standard,8,0.860823,0.861922
79,19,Standard,8,0.860802,0.86336
80,106,Standard,8,0.860794,0.859742
81,96,Standard,8,0.859539,0.858907
82,146,Standard,8,0.859466,0.858437
83,109,Standard,8,0.859238,0.859009
84,98,Standard,8,0.858153,0.858291
85,118,Standard,8,0.858086,0.856819
86,24,Standard,8,0.856444,0.859069
87,143,Standard,8,0.855914,0.854623
88,148,Standard,8,0.855574,0.85449
89,137,Standard,8,0.855441,0.85457
90,101,Standard,8,0.855358,0.855223
91,115,Standard,8,0.854947,0.854352
92,103,Standard,8,0.853972,0.853055
93,121,Standard,8,0.853175,0.852981
94,107,Standard,8,0.853135,0.852842
95,108,Standard,8,0.852899,0.852107
96,117,Standard,8,0.852408,0.851147
97,122,Standard,8,0.851796,0.850847
98,128,Standard,8,0.849047,0.847916
99,261,Standard,8,0.849023,0.849086
100,110,Standard,8,0.848177,0.847315
101,21,Standard,8,0.847679,0.850236
102,125,Standard,8,0.847458,0.845974
103,123,Standard,8,0.846626,0.84547
104,126,Standard,8,0.844613,0.843357
105,23,Standard,8,0.844363,0.847881
106,141,Standard,8,0.844149,0.843103
107,119,Standard,8,0.843524,0.843255
108,144,Standard,8,0.842515,0.84111
109,12,Standard,8,0.841697,0.843747
110,133,Standard,8,0.841321,0.840146
111,114,Standard,8,0.841293,0.840225
112,112,Standard,8,0.84022,0.838746
113,155,Standard,8,0.840194,0.839428
114,139,Standard,8,0.84009,0.838749
115,130,Standard,8,0.839785,0.838567
116,116,Standard,8,0.838228,0.837506
117,132,Standard,8,0.836887,0.83584
118,105,Standard,8,0.835969,0.835504
119,124,Standard,8,0.834702,0.833152
120,14,Standard,8,0.832417,0.836656
121,136,Standard,8,0.830572,0.829016
122,127,Standard,8,0.830454,0.829012
123,151,Standard,8,0.830409,0.828984
124,134,Standard,8,0.828631,0.827609
125,129,Standard,8,0.828469,0.826796
126,22,Standard,8,0.828016,0.834764
127,20,Standard,8,0.825797,0.831131
128,153,Standard,8,0.823529,0.821925
129,135,Standard,8,0.823093,0.821657
130,164,Standard,8,0.822837,0.821361
131,159,Standard,8,0.822406,0.821143
132,120,Standard,8,0.821212,0.819521
133,149,Standard,8,0.820602,0.819041
134,152,Standard,8,0.820303,0.818751
135,138,Standard,8,0.81978,0.818327
136,156,Standard,8,0.818523,0.817407
137,188,Standard,8,0.818061,0.816974
138,161,Standard,8,0.816997,0.815384
139,180,Standard,8,0.81678,0.815524
140,168,Standard,8,0.816688,0.815396
141,131,Standard,8,0.815032,0.813117
142,140,Standard,8,0.814693,0.813005
143,169,Standard,8,0.813245,0.811825
144,172,Standard,8,0.813227,0.811803
145,150,Standard,8,0.812655,0.811597
146,223,Standard,8,0.812175,0.810904
147,142,Standard,8,0.810413,0.80882
148,175,Standard,8,0.809113,0.807881
149,171,Standard,8,0.808861,0.807468
150,162,Standard,8,0.808243,0.806583
151,191,Standard,8,0.807983,0.806594
152,182,Standard,8,0.807666,0.806251
153,154,Standard,8,0.806024,0.804403
154,158,Standard,8,0.805987,0.804299
155,157,Standard,8,0.805687,0.804131
156,163,Standard,8,0.80422,0.802541
157,160,Standard,8,0.803983,0.802422
158,199,Standard,8,0.799117,0.797806
159,18,Standard,8,0.798919,0.8072
160,179,Standard,8,0.798754,0.798015
161,147,Standard,8,0.798646,0.796892
162,186,Standard,8,0.798387,0.797064
163,166,Standard,8,0.797444,0.79592
164,16,Standard,8,0.795873,0.803849
165,145,Standard,8,0.795362,0.793582
166,176,Standard,8,0.795181,0.794069
167,214,Standard,8,0.794481,0.79345
168,220,Standard,8,0.792065,0.790798
169,17,Standard,8,0.791791,0.800773
170,194,Standard,8,0.791269,0.790448
171,165,Standard,8,0.790576,0.789019
172,208,Standard,8,0.790565,0.789094
173,193,Standard,8,0.790514,0.789627
174,201,Standard,8,0.79029,0.789404
175,237,Standard,8,0.789668,0.788566
176,236,Standard,8,0.788839,0.788484
177,203,Standard,8,0.788732,0.787643
178,167,Standard,8,0.788586,0.787512
179,190,Standard,8,0.788211,0.786697
180,232,Standard,8,0.788015,0.787373
181,308,Standard,8,0.787524,0.788741
182,241,Standard,8,0.787185,0.786537
183,213,Standard,8,0.786987,0.785622
184,211,Standard,8,0.78675,0.785999
185,196,Standard,8,0.78602,0.784978
186,296,Standard,8,0.78508,0.786531
187,280,Standard,8,0.785047,0.78499
188,210,Standard,8,0.784648,0.784382
189,189,Standard,8,0.784605,0.783549
190,216,Standard,8,0.78437,0.783172
191,11,Standard,8,0.784154,0.790984
192,224,Standard,8,0.784116,0.783109
193,234,Standard,8,0.783826,0.783078
194,197,Standard,8,0.783462,0.782302
195,13,Standard,8,0.7834,0.790266
196,184,Standard,8,0.782951,0.781285
197,174,Standard,8,0.780892,0.779471
198,205,Standard,8,0.780887,0.780153
199,218,Standard,8,0.780556,0.779749
200,219,Standard,8,0.779661,0.779368
201,239,Standard,8,0.778965,0.777612
202,240,Standard,8,0.778947,0.780493
203,198,Standard,8,0.778605,0.776989
204,181,Standard,8,0.778524,0.776918
205,177,Standard,8,0.778443,0.777976
206,209,Standard,8,0.778075,0.778322
207,173,Standard,8,0.777919,0.776385
208,250,Standard,8,0.777778,0.777542
209,229,Standard,8,0.77728,0.776423
210,178,Standard,8,0.777202,0.776027
211,202,Standard,8,0.775305,0.773746
212,170,Standard,8,0.774522,0.772846
213,238,Standard,8,0.773071,0.773075
214,244,Standard,8,0.772997,0.772985
215,258,Standard,8,0.771984,0.771642
216,207,Standard,8,0.771261,0.770609
217,185,Standard,8,0.771181,0.7696
218,15,Standard,8,0.769298,0.777849
219,228,Standard,8,0.769012,0.76748
220,215,Standard,8,0.768337,0.768153
221,183,Standard,8,0.767767,0.766528
222,226,Standard,8,0.766086,0.765856
223,10,Standard,8,0.765885,0.774038
224,246,Standard,8,0.764751,0.764423
225,212,Standard,8,0.764706,0.763076
226,294,Standard,8,0.764418,0.76366
227,192,Standard,8,0.763251,0.761573
228,268,Standard,8,0.763088,0.763463
229,230,Standard,8,0.762414,0.762191
230,217,Standard,8,0.761155,0.761815
231,195,Standard,8,0.76,0.759775
232,206,Standard,8,0.759913,0.758608
233,204,Standard,8,0.759732,0.758936
234,231,Standard,8,0.759677,0.759207
235,270,Standard,8,0.758559,0.758056
236,235,Standard,8,0.758347,0.757066
237,245,Standard,8,0.757927,0.757326
238,200,Standard,8,0.757595,0.757044
239,242,Standard,8,0.756796,0.758941
240,221,Standard,8,0.756341,0.756469
241,316,Standard,8,0.756052,0.759084
242,301,Standard,8,0.755932,0.758344
243,255,Standard,8,0.752205,0.752782
244,251,Standard,8,0.749611,0.750491
245,233,Standard,8,0.749403,0.749819
246,222,Standard,8,0.749069,0.748901
247,264,Standard,8,0.747856,0.748352
248,259,Standard,8,0.747377,0.748334
249,265,Standard,8,0.747126,0.748687
250,307,Standard,8,0.746122,0.747144
251,285,Standard,8,0.745856,0.746229
252,243,Standard,8,0.744882,0.744338
253,249,Standard,8,0.743482,0.742698
254,9,Standard,8,0.742205,0.749718
255,279,Standard,8,0.74183,0.743298
256,254,Standard,8,0.741204,0.742185
257,305,Standard,8,0.741165,0.742059
258,278,Standard,8,0.740804,0.74109
259,281,Standard,8,0.740143,0.741963
260,7,Standard,8,0.739833,0.745242
261,290,Standard,8,0.739286,0.740358
262,257,Standard,8,0.739096,0.74069
263,277,Standard,8,0.738574,0.738586
264,298,Standard,8,0.738197,0.738957
265,8,Standard,8,0.738005,0.744144
266,273,Standard,8,0.736661,0.736898
267,262,Standard,8,0.736013,0.736705
268,267,Standard,8,0.73497,0.734459
269,271,Standard,8,0.734034,0.736211
270,256,Standard,8,0.73366,0.735044
271,323,Standard,8,0.733549,0.734027
272,288,Standard,8,0.733391,0.732738
273,272,Standard,8,0.733167,0.732779
274,253,Standard,8,0.732984,0.732154
275,291,Standard,8,0.732965,0.733054
276,269,Standard,8,0.7328,0.735828
277,311,Standard,8,0.732794,0.736812
278,248,Standard,8,0.732644,0.733763
279,347,Standard,8,0.731707,0.73664
280,300,Standard,8,0.731357,0.732024
281,326,Standard,8,0.731141,0.731969
282,348,Standard,8,0.731061,0.734459
283,284,Standard,8,0.728911,0.729789
284,335,Standard,8,0.728502,0.73035
285,313,Standard,8,0.727273,0.729819
286,342,Standard,8,0.726916,0.72747
287,292,Standard,8,0.725237,0.727794
288,302,Standard,8,0.724891,0.727308
289,6,Standard,8,0.724594,0.729719
290,343,Standard,8,0.724528,0.725602
291,365,Standard,8,0.724409,0.728891
292,260,Standard,8,0.724051,0.724878
293,225,Standard,8,0.72293,0.723611
294,289,Standard,8,0.722593,0.726726
295,293,Standard,8,0.722533,0.725962
296,287,Standard,8,0.722513,0.722985
297,263,Standard,8,0.72126,0.722447
298,247,Standard,8,0.719328,0.719935
299,310,Standard,8,0.718879,0.719507
300,327,Standard,8,0.718693,0.721942
301,393,Standard,8,0.718624,0.724425
302,227,Standard,8,0.718487,0.722606
303,252,Standard,8,0.714401,0.71502
304,275,Standard,8,0.712703,0.713702
305,322,Standard,8,0.710438,0.716201
306,314,Standard,8,0.709232,0.713555
307,394,Standard,8,0.70913,0.710224
308,362,Standard,8,0.707364,0.710575
309,334,Standard,8,0.707207,0.708969
310,282,Standard,8,0.707106,0.7075
311,355,Standard,8,0.706564,0.708955
312,380,Standard,8,0.706342,0.712931
313,339,Standard,8,0.705202,0.70801
314,364,Standard,8,0.704935,0.71255
315,345,Standard,8,0.703065,0.705943
316,353,Standard,8,0.702988,0.709768
317,299,Standard,8,0.702948,0.706453
318,5,Standard,8,0.702831,0.707218
319,410,Standard,8,0.702083,0.705016
320,336,Standard,8,0.701249,0.70503
321,315,Standard,8,0.700478,0.701046
322,318,Standard,8,0.700461,0.703897
323,321,Standard,8,0.697761,0.702598
324,276,Standard,8,0.697248,0.700086
325,283,Standard,8,0.697063,0.699034
326,386,Standard,8,0.696538,0.700915
327,341,Standard,8,0.696239,0.701848
328,319,Standard,8,0.695327,0.697865
329,337,Standard,8,0.693533,0.705226
330,331,Standard,8,0.690909,0.694184
331,286,Standard,8,0.690784,0.698864
332,408,Standard,8,0.689173,0.692316
333,350,Standard,8,0.688091,0.692616
334,3,Standard,8,0.687721,0.684924
335,454,Standard,8,0.687575,0.698743
336,398,Standard,8,0.686084,0.69453
337,389,Standard,8,0.684746,0.692301
338,359,Standard,8,0.684564,0.692195
339,309,Standard,8,0.682885,0.684908
340,374,Standard,8,0.681679,0.684291
341,400,Standard,8,0.680804,0.686276
342,392,Standard,8,0.679654,0.684442
343,304,Standard,8,0.67921,0.683631
344,344,Standard,8,0.678295,0.688573
345,312,Standard,8,0.677481,0.679594
346,370,Standard,8,0.677419,0.689476
347,435,Standard,8,0.677108,0.682308
348,457,Standard,8,0.676289,0.68943
349,399,Standard,8,0.675159,0.681977
350,373,Standard,8,0.675079,0.682542
351,328,Standard,8,0.675,0.678652
352,351,Standard,8,0.674044,0.676633
353,367,Standard,8,0.673527,0.684678
354,372,Standard,8,0.673147,0.681134
355,464,Standard,8,0.671875,0.677676
356,371,Standard,8,0.671429,0.683241
357,379,Standard,8,0.669951,0.678342
358,387,Standard,8,0.669284,0.678791
359,441,Standard,8,0.667421,0.673595
360,332,Standard,8,0.666667,0.668654
361,401,Standard,8,0.666667,0.676471
362,340,Standard,8,0.665971,0.672108
363,4,Standard,8,0.664606,0.670253
364,452,Standard,8,0.663507,0.675109
365,496,Standard,8,0.662679,0.670577
366,530,Standard,8,0.662379,0.668141
367,421,Standard,8,0.66178,0.668921
368,403,Standard,8,0.66137,0.672306
369,407,Standard,8,0.660944,0.668676
370,306,Standard,8,0.659794,0.661617
371,467,Standard,8,0.657988,0.673821
372,533,Standard,8,0.657277,0.664965
373,424,Standard,8,0.655654,0.663662
374,330,Standard,8,0.654762,0.663364
375,375,Standard,8,0.653527,0.660455
376,325,Standard,8,0.652296,0.663234
377,504,Standard,8,0.651629,0.664953
378,349,Standard,8,0.650779,0.658346
379,405,Standard,8,0.650215,0.657267
380,402,Standard,8,0.647363,0.653144
381,366,Standard,8,0.645788,0.654375
382,491,Standard,8,0.64532,0.65625
383,419,Standard,8,0.645026,0.657077
384,447,Standard,8,0.643836,0.652028
385,558,Standard,8,0.642581,0.656037
386,450,Standard,8,0.641949,0.656948
387,445,Standard,8,0.641138,0.653352
388,385,Standard,8,0.64095,0.655518
389,413,Standard,8,0.639344,0.65161
390,391,Standard,8,0.638165,0.650204
391,2,Standard,8,0.63786,0.633987
392,448,Standard,8,0.636569,0.6493
393,580,Standard,8,0.635468,0.646822
394,404,Standard,8,0.632231,0.643141
395,453,Standard,8,0.631937,0.64417
396,662,Standard,8,0.631912,0.645744
397,521,Standard,8,0.631579,0.647009
398,428,Standard,8,0.630045,0.644692
399,442,Standard,8,0.627497,0.636414
400,437,Standard,8,0.626738,0.638648
401,423,Standard,8,0.624714,0.637227
402,484,Standard,8,0.624068,0.636075
403,543,Standard,8,0.6225,0.634977
404,469,Standard,8,0.620209,0.62844
405,493,Standard,8,0.615561,0.630144
406,546,Standard,8,0.615205,0.633013
407,474,Standard,8,0.612613,0.630073
408,490,Standard,8,0.610706,0.625535
409,466,Standard,8,0.609626,0.628995
410,483,Standard,8,0.608989,0.621153
411,357,Standard,8,0.60477,0.619351
412,566,Standard,8,0.604167,0.617747
413,506,Standard,8,0.602958,0.623423
414,414,Standard,8,0.601594,0.617155
415,678,Standard,8,0.601324,0.623518
416,438,Standard,8,0.601266,0.623245
417,526,Standard,8,0.600858,0.621351
418,449,Standard,8,0.599755,0.611845
419,409,Standard,8,0.598214,0.620631
420,439,Standard,8,0.598187,0.613278
421,377,Standard,8,0.597595,0.613592
422,524,Standard,8,0.596532,0.614327
423,516,Standard,8,0.595556,0.608236
424,562,Standard,8,0.59434,0.615588
425,527,Standard,8,0.593182,0.612209
426,503,Standard,8,0.592827,0.610749
427,706,Standard,8,0.592697,0.610403
428,488,Standard,8,0.588679,0.603831
429,463,Standard,8,0.585586,0.605447
430,593,Standard,8,0.585486,0.603154
431,607,Standard,8,0.581114,0.608287
432,465,Standard,8,0.578888,0.596372
433,761,Standard,8,0.577778,0.599561
434,462,Standard,8,0.575791,0.592562
435,568,Standard,8,0.575342,0.600743
436,552,Standard,8,0.574655,0.598048
437,1,Standard,8,0.573667,0.56368
438,610,Standard,8,0.571059,0.586424
439,395,Standard,8,0.563731,0.582319
440,594,Standard,8,0.563482,0.592358
441,692,Standard,8,0.562738,0.588047
442,431,Standard,8,0.561702,0.58466
443,646,Standard,8,0.559659,0.581871
444,475,Standard,8,0.559485,0.575963
445,540,Standard,8,0.559441,0.583656
446,553,Standard,8,0.557671,0.57706
447,595,Standard,8,0.556627,0.586123
448,476,Standard,8,0.554245,0.576675
449,605,Standard,8,0.552601,0.569491
450,611,Standard,8,0.552239,0.575237
451,750,Standard,8,0.551899,0.573547
452,716,Standard,8,0.551627,0.571547
453,653,Standard,8,0.547684,0.575356
454,680,Standard,8,0.547222,0.578501
455,736,Standard,8,0.545953,0.576551
456,667,Standard,8,0.539458,0.567144
457,625,Standard,8,0.536328,0.555174
458,831,Standard,8,0.52957,0.55642
459,657,Standard,8,0.527607,0.556338
460,759,Standard,8,0.524964,0.558336
461,743,Standard,8,0.522761,0.551927
462,869,Standard,8,0.521875,0.559509
463,776,Standard,8,0.51579,0.546857
464,0,Standard,8,0.51315,0.456182
465,654,Standard,8,0.506634,0.536841
466,672,Standard,8,0.504951,0.532607
467,810,Standard,8,0.49797,0.535048
468,971,Standard,8,0.496914,0.542918
469,732,Standard,8,0.493314,0.527638
470,712,Standard,8,0.491429,0.54434
471,754,Standard,8,0.491071,0.529088
472,832,Standard,8,0.476773,0.511852
473,751,Standard,8,0.476079,0.517214
474,764,Standard,8,0.467532,0.502587
475,785,Standard,8,0.461538,0.506962
476,835,Standard,8,0.438095,0.47993
477,1140,Standard,8,0.435076,0.492919
478,789,Standard,8,0.43433,0.47956
479,996,Standard,8,0.404826,0.459099
480,1236,Standard,8,0.379259,0.45269
481,979,Standard,8,0.371501,0.434595
482,1094,Standard,8,0.356568,0.43391
483,648,Standard,8,0.0,0.0
484,1295,Standard,8,0.0,0.0
485,481,Standard,8,0.0,0.0
486,485,Standard,8,0.0,0.0
487,486,Standard,8,0.0,0.0
488,487,Standard,8,0.0,0.0
489,480,Standard,8,0.0,0.0
490,489,Standard,8,0.0,0.0
491,479,Standard,8,0.0,0.0
492,478,Standard,8,0.0,0.0
493,492,Standard,8,0.0,0.0
494,477,Standard,8,0.0,0.0
495,494,Standard,8,0.0,0.0
496,495,Standard,8,0.0,0.0
497,473,Standard,8,0.0,0.0
498,497,Standard,8,0.0,0.0
499,498,Standard,8,0.0,0.0
500,499,Standard,8,0.0,0.0
501,500,Standard,8,0.0,0.0
502,501,Standard,8,0.0,0.0
503,502,Standard,8,0.0,0.0
504,472,Standard,8,0.0,0.0
505,471,Standard,8,0.0,0.0
506,505,Standard,8,0.0,0.0
507,470,Standard,8,0.0,0.0
508,507,Standard,8,0.0,0.0
509,508,Standard,8,0.0,0.0
510,509,Standard,8,0.0,0.0
511,510,Standard,8,0.0,0.0
512,511,Standard,8,0.0,0.0
513,512,Standard,8,0.0,0.0
514,513,Standard,8,0.0,0.0
515,514,Standard,8,0.0,0.0
516,515,Standard,8,0.0,0.0
517,468,Standard,8,0.0,0.0
518,517,Standard,8,0.0,0.0
519,518,Standard,8,0.0,0.0
520,519,Standard,8,0.0,0.0
521,520,Standard,8,0.0,0.0
522,461,Standard,8,0.0,0.0
523,522,Standard,8,0.0,0.0
524,523,Standard,8,0.0,0.0
525,460,Standard,8,0.0,0.0
526,525,Standard,8,0.0,0.0
527,459,Standard,8,0.0,0.0
528,458,Standard,8,0.0,0.0
529,528,Standard,8,0.0,0.0
530,529,Standard,8,0.0,0.0
531,456,Standard,8,0.0,0.0
532,531,Standard,8,0.0,0.0
533,532,Standard,8,0.0,0.0
534,455,Standard,8,0.0,0.0
535,534,Standard,8,0.0,0.0
536,535,Standard,8,0.0,0.0
537,536,Standard,8,0.0,0.0
538,537,Standard,8,0.0,0.0
539,538,Standard,8,0.0,0.0
540,539,Standard,8,0.0,0.0
541,451,Standard,8,0.0,0.0
542,541,Standard,8,0.0,0.0
543,542,Standard,8,0.0,0.0
544,446,Standard,8,0.0,0.0
545,544,Standard,8,0.0,0.0
546,545,Standard,8,0.0,0.0
547,444,Standard,8,0.0,0.0
548,547,Standard,8,0.0,0.0
549,548,Standard,8,0.0,0.0
550,549,Standard,8,0.0,0.0
551,550,Standard,8,0.0,0.0
552,551,Standard,8,0.0,0.0
553,443,Standard,8,0.0,0.0
554,440,Standard,8,0.0,0.0
555,554,Standard,8,0.0,0.0
556,555,Standard,8,0.0,0.0
557,556,Standard,8,0.0,0.0
558,557,Standard,8,0.0,0.0
559,436,Standard,8,0.0,0.0
560,559,Standard,8,0.0,0.0
561,560,Standard,8,0.0,0.0
562,561,Standard,8,0.0,0.0
563,434,Standard,8,0.0,0.0
564,563,Standard,8,0.0,0.0
565,564,Standard,8,0.0,0.0
566,565,Standard,8,0.0,0.0
567,433,Standard,8,0.0,0.0
568,567,Standard,8,0.0,0.0
569,432,Standard,8,0.0,0.0
570,569,Standard,8,0.0,0.0
571,570,Standard,8,0.0,0.0
572,571,Standard,8,0.0,0.0
573,572,Standard,8,0.0,0.0
574,573,Standard,8,0.0,0.0
575,574,Standard,8,0.0,0.0
576,575,Standard,8,0.0,0.0
577,576,Standard,8,0.0,0.0
578,577,Standard,8,0.0,0.0
579,578,Standard,8,0.0,0.0
580,579,Standard,8,0.0,0.0
581,430,Standard,8,0.0,0.0
582,581,Standard,8,0.0,0.0
583,582,Standard,8,0.0,0.0
584,583,Standard,8,0.0,0.0
585,584,Standard,8,0.0,0.0
586,585,Standard,8,0.0,0.0
587,586,Standard,8,0.0,0.0
588,587,Standard,8,0.0,0.0
589,588,Standard,8,0.0,0.0
590,589,Standard,8,0.0,0.0
591,590,Standard,8,0.0,0.0
592,591,Standard,8,0.0,0.0
593,592,Standard,8,0.0,0.0
594,429,Standard,8,0.0,0.0
595,427,Standard,8,0.0,0.0
596,426,Standard,8,0.0,0.0
597,596,Standard,8,0.0,0.0
598,597,Standard,8,0.0,0.0
599,598,Standard,8,0.0,0.0
600,599,Standard,8,0.0,0.0
601,600,Standard,8,0.0,0.0
602,601,Standard,8,0.0,0.0
603,602,Standard,8,0.0,0.0
604,603,Standard,8,0.0,0.0
605,604,Standard,8,0.0,0.0
606,425,Standard,8,0.0,0.0
607,606,Standard,8,0.0,0.0
608,422,Standard,8,0.0,0.0
609,608,Standard,8,0.0,0.0
610,609,Standard,8,0.0,0.0
611,420,Standard,8,0.0,0.0
612,418,Standard,8,0.0,0.0
613,612,Standard,8,0.0,0.0
614,613,Standard,8,0.0,0.0
615,614,Standard,8,0.0,0.0
616,615,Standard,8,0.0,0.0
617,616,Standard,8,0.0,0.0
618,617,Standard,8,0.0,0.0
619,618,Standard,8,0.0,0.0
620,619,Standard,8,0.0,0.0
621,620,Standard,8,0.0,0.0
622,621,Standard,8,0.0,0.0
623,622,Standard,8,0.0,0.0
624,623,Standard,8,0.0,0.0
625,624,Standard,8,0.0,0.0
626,417,Standard,8,0.0,0.0
627,626,Standard,8,0.0,0.0
628,627,Standard,8,0.0,0.0
629,628,Standard,8,0.0,0.0
630,629,Standard,8,0.0,0.0
631,630,Standard,8,0.0,0.0
632,631,Standard,8,0.0,0.0
633,632,Standard,8,0.0,0.0
634,633,Standard,8,0.0,0.0
635,634,Standard,8,0.0,0.0
636,635,Standard,8,0.0,0.0
637,636,Standard,8,0.0,0.0
638,637,Standard,8,0.0,0.0
639,638,Standard,8,0.0,0.0
640,639,Standard,8,0.0,0.0
641,640,Standard,8,0.0,0.0
642,641,Standard,8,0.0,0.0
643,642,Standard,8,0.0,0.0
644,643,Standard,8,0.0,0.0
645,644,Standard,8,0.0,0.0
646,645,Standard,8,0.0,0.0
647,416,Standard,8,0.0,0.0
648,647,Standard,8,0.0,0.0
649,415,Standard,8,0.0,0.0
650,649,Standard,8,0.0,0.0
651,650,Standard,8,0.0,0.0
652,651,Standard,8,0.0,0.0
653,652,Standard,8,0.0,0.0
654,412,Standard,8,0.0,0.0
655,411,Standard,8,0.0,0.0
656,655,Standard,8,0.0,0.0
657,656,Standard,8,0.0,0.0
658,406,Standard,8,0.0,0.0
659,658,Standard,8,0.0,0.0
660,659,Standard,8,0.0,0.0
661,660,Standard,8,0.0,0.0
662,661,Standard,8,0.0,0.0
663,397,Standard,8,0.0,0.0
664,663,Standard,8,0.0,0.0
665,664,Standard,8,0.0,0.0
666,665,Standard,8,0.0,0.0
667,666,Standard,8,0.0,0.0
668,396,Standard,8,0.0,0.0
669,668,Standard,8,0.0,0.0
670,669,Standard,8,0.0,0.0
671,670,Standard,8,0.0,0.0
672,671,Standard,8,0.0,0.0
673,390,Standard,8,0.0,0.0
674,673,Standard,8,0.0,0.0
675,674,Standard,8,0.0,0.0
676,675,Standard,8,0.0,0.0
677,676,Standard,8,0.0,0.0
678,677,Standard,8,0.0,0.0
679,388,Standard,8,0.0,0.0
680,679,Standard,8,0.0,0.0
681,384,Standard,8,0.0,0.0
682,681,Standard,8,0.0,0.0
683,682,Standard,8,0.0,0.0
684,683,Standard,8,0.0,0.0
685,684,Standard,8,0.0,0.0
686,685,Standard,8,0.0,0.0
687,686,Standard,8,0.0,0.0
688,687,Standard,8,0.0,0.0
689,688,Standard,8,0.0,0.0
690,689,Standard,8,0.0,0.0
691,690,Standard,8,0.0,0.0
692,691,Standard,8,0.0,0.0
693,383,Standard,8,0.0,0.0
694,693,Standard,8,0.0,0.0
695,694,Standard,8,0.0,0.0
696,695,Standard,8,0.0,0.0
697,696,Standard,8,0.0,0.0
698,697,Standard,8,0.0,0.0
699,698,Standard,8,0.0,0.0
700,699,Standard,8,0.0,0.0
701,700,Standard,8,0.0,0.0
702,701,Standard,8,0.0,0.0
703,702,Standard,8,0.0,0.0
704,703,Standard,8,0.0,0.0
705,704,Standard,8,0.0,0.0
706,705,Standard,8,0.0,0.0
707,382,Standard,8,0.0,0.0
708,707,Standard,8,0.0,0.0
709,708,Standard,8,0.0,0.0
710,709,Standard,8,0.0,0.0
711,710,Standard,8,0.0,0.0
712,711,Standard,8,0.0,0.0
713,381,Standard,8,0.0,0.0
714,713,Standard,8,0.0,0.0
715,714,Standard,8,0.0,0.0
716,715,Standard,8,0.0,0.0
717,378,Standard,8,0.0,0.0
718,717,Standard,8,0.0,0.0
719,718,Standard,8,0.0,0.0
720,719,Standard,8,0.0,0.0
721,720,Standard,8,0.0,0.0
722,721,Standard,8,0.0,0.0
723,722,Standard,8,0.0,0.0
724,723,Standard,8,0.0,0.0
725,724,Standard,8,0.0,0.0
726,725,Standard,8,0.0,0.0
727,726,Standard,8,0.0,0.0
728,727,Standard,8,0.0,0.0
729,728,Standard,8,0.0,0.0
730,729,Standard,8,0.0,0.0
731,730,Standard,8,0.0,0.0
732,731,Standard,8,0.0,0.0
733,376,Standard,8,0.0,0.0
734,733,Standard,8,0.0,0.0
735,734,Standard,8,0.0,0.0
736,735,Standard,8,0.0,0.0
737,369,Standard,8,0.0,0.0
738,737,Standard,8,0.0,0.0
739,738,Standard,8,0.0,0.0
740,739,Standard,8,0.0,0.0
741,740,Standard,8,0.0,0.0
742,741,Standard,8,0.0,0.0
743,742,Standard,8,0.0,0.0
744,368,Standard,8,0.0,0.0
745,744,Standard,8,0.0,0.0
746,745,Standard,8,0.0,0.0
747,746,Standard,8,0.0,0.0
748,747,Standard,8,0.0,0.0
749,748,Standard,8,0.0,0.0
750,749,Standard,8,0.0,0.0
751,363,Standard,8,0.0,0.0
752,361,Standard,8,0.0,0.0
753,752,Standard,8,0.0,0.0
754,753,Standard,8,0.0,0.0
755,360,Standard,8,0.0,0.0
756,755,Standard,8,0.0,0.0
757,756,Standard,8,0.0,0.0
758,757,Standard,8,0.0,0.0
759,758,Standard,8,0.0,0.0
760,358,Standard,8,0.0,0.0
761,760,Standard,8,0.0,0.0
762,356,Standard,8,0.0,0.0
763,762,Standard,8,0.0,0.0
764,763,Standard,8,0.0,0.0
765,354,Standard,8,0.0,0.0
766,765,Standard,8,0.0,0.0
767,766,Standard,8,0.0,0.0
768,767,Standard,8,0.0,0.0
769,768,Standard,8,0.0,0.0
770,769,Standard,8,0.0,0.0
771,770,Standard,8,0.0,0.0
772,771,Standard,8,0.0,0.0
773,772,Standard,8,0.0,0.0
774,773,Standard,8,0.0,0.0
775,774,Standard,8,0.0,0.0
776,775,Standard,8,0.0,0.0
777,352,Standard,8,0.0,0.0
778,777,Standard,8,0.0,0.0
779,778,Standard,8,0.0,0.0
780,779,Standard,8,0.0,0.0
781,780,Standard,8,0.0,0.0
782,781,Standard,8,0.0,0.0
783,782,Standard,8,0.0,0.0
784,783,Standard,8,0.0,0.0
785,784,Standard,8,0.0,0.0
786,346,Standard,8,0.0,0.0
787,786,Standard,8,0.0,0.0
788,787,Standard,8,0.0,0.0
789,788,Standard,8,0.0,0.0
790,338,Standard,8,0.0,0.0
791,790,Standard,8,0.0,0.0
792,791,Standard,8,0.0,0.0
793,792,Standard,8,0.0,0.0
794,793,Standard,8,0.0,0.0
795,794,Standard,8,0.0,0.0
796,795,Standard,8,0.0,0.0
797,796,Standard,8,0.0,0.0
798,797,Standard,8,0.0,0.0
799,798,Standard,8,0.0,0.0
800,799,Standard,8,0.0,0.0
801,800,Standard,8,0.0,0.0
802,801,Standard,8,0.0,0.0
803,802,Standard,8,0.0,0.0
804,803,Standard,8,0.0,0.0
805,804,Standard,8,0.0,0.0
806,805,Standard,8,0.0,0.0
807,806,Standard,8,0.0,0.0
808,807,Standard,8,0.0,0.0
809,808,Standard,8,0.0,0.0
810,809,Standard,8,0.0,0.0
811,333,Standard,8,0.0,0.0
812,811,Standard,8,0.0,0.0
813,812,Standard,8,0.0,0.0
814,813,Standard,8,0.0,0.0
815,814,Standard,8,0.0,0.0
816,815,Standard,8,0.0,0.0
817,816,Standard,8,0.0,0.0
818,817,Standard,8,0.0,0.0
819,818,Standard,8,0.0,0.0
820,819,Standard,8,0.0,0.0
821,820,Standard,8,0.0,0.0
822,821,Standard,8,0.0,0.0
823,822,Standard,8,0.0,0.0
824,823,Standard,8,0.0,0.0
825,824,Standard,8,0.0,0.0
826,825,Standard,8,0.0,0.0
827,826,Standard,8,0.0,0.0
828,827,Standard,8,0.0,0.0
829,828,Standard,8,0.0,0.0
830,829,Standard,8,0.0,0.0
831,830,Standard,8,0.0,0.0
832,329,Standard,8,0.0,0.0
833,324,Standard,8,0.0,0.0
834,833,Standard,8,0.0,0.0
835,834,Standard,8,0.0,0.0
836,320,Standard,8,0.0,0.0
837,836,Standard,8,0.0,0.0
838,837,Standard,8,0.0,0.0
839,838,Standard,8,0.0,0.0
840,839,Standard,8,0.0,0.0
841,840,Standard,8,0.0,0.0
842,841,Standard,8,0.0,0.0
843,842,Standard,8,0.0,0.0
844,843,Standard,8,0.0,0.0
845,844,Standard,8,0.0,0.0
846,845,Standard,8,0.0,0.0
847,846,Standard,8,0.0,0.0
848,847,Standard,8,0.0,0.0
849,848,Standard,8,0.0,0.0
850,849,Standard,8,0.0,0.0
851,850,Standard,8,0.0,0.0
852,851,Standard,8,0.0,0.0
853,852,Standard,8,0.0,0.0
854,853,Standard,8,0.0,0.0
855,854,Standard,8,0.0,0.0
856,855,Standard,8,0.0,0.0
857,856,Standard,8,0.0,0.0
858,857,Standard,8,0.0,0.0
859,858,Standard,8,0.0,0.0
860,859,Standard,8,0.0,0.0
861,860,Standard,8,0.0,0.0
862,861,Standard,8,0.0,0.0
863,862,Standard,8,0.0,0.0
864,863,Standard,8,0.0,0.0
865,864,Standard,8,0.0,0.0
866,865,Standard,8,0.0,0.0
867,866,Standard,8,0.0,0.0
868,867,Standard,8,0.0,0.0
869,868,Standard,8,0.0,0.0
870,317,Standard,8,0.0,0.0
871,870,Standard,8,0.0,0.0
872,871,Standard,8,0.0,0.0
873,872,Standard,8,0.0,0.0
874,873,Standard,8,0.0,0.0
875,874,Standard,8,0.0,0.0
876,875,Standard,8,0.0,0.0
877,876,Standard,8,0.0,0.0
878,877,Standard,8,0.0,0.0
879,878,Standard,8,0.0,0.0
880,879,Standard,8,0.0,0.0
881,880,Standard,8,0.0,0.0
882,881,Standard,8,0.0,0.0
883,882,Standard,8,0.0,0.0
884,883,Standard,8,0.0,0.0
885,884,Standard,8,0.0,0.0
886,885,Standard,8,0.0,0.0
887,886,Standard,8,0.0,0.0
888,887,Standard,8,0.0,0.0
889,888,Standard,8,0.0,0.0
890,482,Standard,8,0.0,0.0
891,890,Standard,8,0.0,0.0
892,891,Standard,8,0.0,0.0
893,892,Standard,8,0.0,0.0
894,893,Standard,8,0.0,0.0
895,894,Standard,8,0.0,0.0
896,895,Standard,8,0.0,0.0
897,896,Standard,8,0.0,0.0
898,897,Standard,8,0.0,0.0
899,898,Standard,8,0.0,0.0
900,899,Standard,8,0.0,0.0
901,900,Standard,8,0.0,0.0
902,901,Standard,8,0.0,0.0
903,902,Standard,8,0.0,0.0
904,903,Standard,8,0.0,0.0
905,904,Standard,8,0.0,0.0
906,905,Standard,8,0.0,0.0
907,906,Standard,8,0.0,0.0
908,907,Standard,8,0.0,0.0
909,908,Standard,8,0.0,0.0
910,909,Standard,8,0.0,0.0
911,910,Standard,8,0.0,0.0
912,911,Standard,8,0.0,0.0
913,912,Standard,8,0.0,0.0
914,913,Standard,8,0.0,0.0
915,914,Standard,8,0.0,0.0
916,915,Standard,8,0.0,0.0
917,916,Standard,8,0.0,0.0
918,917,Standard,8,0.0,0.0
919,918,Standard,8,0.0,0.0
920,919,Standard,8,0.0,0.0
921,920,Standard,8,0.0,0.0
922,921,Standard,8,0.0,0.0
923,922,Standard,8,0.0,0.0
924,923,Standard,8,0.0,0.0
925,924,Standard,8,0.0,0.0
926,925,Standard,8,0.0,0.0
927,926,Standard,8,0.0,0.0
928,927,Standard,8,0.0,0.0
929,928,Standard,8,0.0,0.0
930,929,Standard,8,0.0,0.0
931,930,Standard,8,0.0,0.0
932,931,Standard,8,0.0,0.0
933,932,Standard,8,0.0,0.0
934,933,Standard,8,0.0,0.0
935,934,Standard,8,0.0,0.0
936,935,Standard,8,0.0,0.0
937,936,Standard,8,0.0,0.0
938,937,Standard,8,0.0,0.0
939,938,Standard,8,0.0,0.0
940,939,Standard,8,0.0,0.0
941,940,Standard,8,0.0,0.0
942,941,Standard,8,0.0,0.0
943,942,Standard,8,0.0,0.0
944,943,Standard,8,0.0,0.0
945,944,Standard,8,0.0,0.0
946,945,Standard,8,0.0,0.0
947,946,Standard,8,0.0,0.0
948,947,Standard,8,0.0,0.0
949,948,Standard,8,0.0,0.0
950,949,Standard,8,0.0,0.0
951,950,Standard,8,0.0,0.0
952,951,Standard,8,0.0,0.0
953,952,Standard,8,0.0,0.0
954,953,Standard,8,0.0,0.0
955,954,Standard,8,0.0,0.0
956,955,Standard,8,0.0,0.0
957,956,Standard,8,0.0,0.0
958,957,Standard,8,0.0,0.0
959,958,Standard,8,0.0,0.0
960,959,Standard,8,0.0,0.0
961,960,Standard,8,0.0,0.0
962,961,Standard,8,0.0,0.0
963,962,Standard,8,0.0,0.0
964,963,Standard,8,0.0,0.0
965,964,Standard,8,0.0,0.0
966,965,Standard,8,0.0,0.0
967,966,Standard,8,0.0,0.0
968,967,Standard,8,0.0,0.0
969,968,Standard,8,0.0,0.0
970,969,Standard,8,0.0,0.0
971,970,Standard,8,0.0,0.0
972,303,Standard,8,0.0,0.0
973,972,Standard,8,0.0,0.0
974,973,Standard,8,0.0,0.0
975,974,Standard,8,0.0,0.0
976,975,Standard,8,0.0,0.0
977,976,Standard,8,0.0,0.0
978,977,Standard,8,0.0,0.0
979,978,Standard,8,0.0,0.0
980,297,Standard,8,0.0,0.0
981,980,Standard,8,0.0,0.0
982,981,Standard,8,0.0,0.0
983,982,Standard,8,0.0,0.0
984,983,Standard,8,0.0,0.0
985,984,Standard,8,0.0,0.0
986,985,Standard,8,0.0,0.0
987,986,Standard,8,0.0,0.0
988,987,Standard,8,0.0,0.0
989,988,Standard,8,0.0,0.0
990,989,Standard,8,0.0,0.0
991,990,Standard,8,0.0,0.0
992,991,Standard,8,0.0,0.0
993,992,Standard,8,0.0,0.0
994,993,Standard,8,0.0,0.0
995,994,Standard,8,0.0,0.0
996,995,Standard,8,0.0,0.0
997,295,Standard,8,0.0,0.0
998,997,Standard,8,0.0,0.0
999,998,Standard,8,0.0,0.0
1000,999,Standard,8,0.0,0.0
1001,1000,Standard,8,0.0,0.0
1002,1001,Standard,8,0.0,0.0
1003,1002,Standard,8,0.0,0.0
1004,1003,Standard,8,0.0,0.0
1005,1004,Standard,8,0.0,0.0
1006,1005,Standard,8,0.0,0.0
1007,1006,Standard,8,0.0,0.0
1008,1007,Standard,8,0.0,0.0
1009,1008,Standard,8,0.0,0.0
1010,1009,Standard,8,0.0,0.0
1011,1010,Standard,8,0.0,0.0
1012,1011,Standard,8,0.0,0.0
1013,1012,Standard,8,0.0,0.0
1014,1013,Standard,8,0.0,0.0
1015,1014,Standard,8,0.0,0.0
1016,1015,Standard,8,0.0,0.0
1017,1016,Standard,8,0.0,0.0
1018,1017,Standard,8,0.0,0.0
1019,1018,Standard,8,0.0,0.0
1020,1019,Standard,8,0.0,0.0
1021,1020,Standard,8,0.0,0.0
1022,1021,Standard,8,0.0,0.0
1023,1022,Standard,8,0.0,0.0
1024,1023,Standard,8,0.0,0.0
1025,1024,Standard,8,0.0,0.0
1026,1025,Standard,8,0.0,0.0
1027,1026,Standard,8,0.0,0.0
1028,1027,Standard,8,0.0,0.0
1029,1028,Standard,8,0.0,0.0
1030,1029,Standard,8,0.0,0.0
1031,1030,Standard,8,0.0,0.0
1032,1031,Standard,8,0.0,0.0
1033,1032,Standard,8,0.0,0.0
1034,1033,Standard,8,0.0,0.0
1035,1034,Standard,8,0.0,0.0
1036,1035,Standard,8,0.0,0.0
1037,1036,Standard,8,0.0,0.0
1038,1037,Standard,8,0.0,0.0
1039,1038,Standard,8,0.0,0.0
1040,1039,Standard,8,0.0,0.0
1041,1040,Standard,8,0.0,0.0
1042,1041,Standard,8,0.0,0.0
1043,1042,Standard,8,0.0,0.0
1044,1043,Standard,8,0.0,0.0
1045,1044,Standard,8,0.0,0.0
1046,1045,Standard,8,0.0,0.0
1047,1046,Standard,8,0.0,0.0
1048,1047,Standard,8,0.0,0.0
1049,1048,Standard,8,0.0,0.0
1050,1049,Standard,8,0.0,0.0
1051,1050,Standard,8,0.0,0.0
1052,1051,Standard,8,0.0,0.0
1053,1052,Standard,8,0.0,0.0
1054,1053,Standard,8,0.0,0.0
1055,1054,Standard,8,0.0,0.0
1056,1055,Standard,8,0.0,0.0
1057,1056,Standard,8,0.0,0.0
1058,1057,Standard,8,0.0,0.0
1059,1058,Standard,8,0.0,0.0
1060,1059,Standard,8,0.0,0.0
1061,1060,Standard,8,0.0,0.0
1062,1061,Standard,8,0.0,0.0
1063,1062,Standard,8,0.0,0.0
1064,1063,Standard,8,0.0,0.0
1065,1064,Standard,8,0.0,0.0
1066,1065,Standard,8,0.0,0.0
1067,1066,Standard,8,0.0,0.0
1068,1067,Standard,8,0.0,0.0
1069,1068,Standard,8,0.0,0.0
1070,1069,Standard,8,0.0,0.0
1071,1070,Standard,8,0.0,0.0
1072,1071,Standard,8,0.0,0.0
1073,1072,Standard,8,0.0,0.0
1074,1073,Standard,8,0.0,0.0
1075,1074,Standard,8,0.0,0.0
1076,1075,Standard,8,0.0,0.0
1077,1076,Standard,8,0.0,0.0
1078,1077,Standard,8,0.0,0.0
1079,1078,Standard,8,0.0,0.0
1080,1079,Standard,8,0.0,0.0
1081,1080,Standard,8,0.0,0.0
1082,1081,Standard,8,0.0,0.0
1083,1082,Standard,8,0.0,0.0
1084,1083,Standard,8,0.0,0.0
1085,1084,Standard,8,0.0,0.0
1086,1085,Standard,8,0.0,0.0
1087,1086,Standard,8,0.0,0.0
1088,1087,Standard,8,0.0,0.0
1089,1088,Standard,8,0.0,0.0
1090,1089,Standard,8,0.0,0.0
1091,1090,Standard,8,0.0,0.0
1092,1091,Standard,8,0.0,0.0
1093,1092,Standard,8,0.0,0.0
1094,1093,Standard,8,0.0,0.0
1095,274,Standard,8,0.0,0.0
1096,1095,Standard,8,0.0,0.0
1097,1096,Standard,8,0.0,0.0
1098,1097,Standard,8,0.0,0.0
1099,1098,Standard,8,0.0,0.0
1100,1099,Standard,8,0.0,0.0
1101,1100,Standard,8,0.0,0.0
1102,1101,Standard,8,0.0,0.0
1103,1102,Standard,8,0.0,0.0
1104,1103,Standard,8,0.0,0.0
1105,1104,Standard,8,0.0,0.0
1106,1105,Standard,8,0.0,0.0
1107,1106,Standard,8,0.0,0.0
1108,1107,Standard,8,0.0,0.0
1109,1108,Standard,8,0.0,0.0
1110,1109,Standard,8,0.0,0.0
1111,1110,Standard,8,0.0,0.0
1112,1111,Standard,8,0.0,0.0
1113,1112,Standard,8,0.0,0.0
1114,1113,Standard,8,0.0,0.0
1115,1114,Standard,8,0.0,0.0
1116,1115,Standard,8,0.0,0.0
1117,1116,Standard,8,0.0,0.0
1118,1117,Standard,8,0.0,0.0
1119,1118,Standard,8,0.0,0.0
1120,1119,Standard,8,0.0,0.0
1121,1120,Standard,8,0.0,0.0
1122,1121,Standard,8,0.0,0.0
1123,1122,Standard,8,0.0,0.0
1124,1123,Standard,8,0.0,0.0
1125,1124,Standard,8,0.0,0.0
1126,1125,Standard,8,0.0,0.0
1127,1126,Standard,8,0.0,0.0
1128,1127,Standard,8,0.0,0.0
1129,1128,Standard,8,0.0,0.0
1130,1129,Standard,8,0.0,0.0
1131,1130,Standard,8,0.0,0.0
1132,1131,Standard,8,0.0,0.0
1133,1132,Standard,8,0.0,0.0
1134,1133,Standard,8,0.0,0.0
1135,1134,Standard,8,0.0,0.0
1136,1135,Standard,8,0.0,0.0
1137,1136,Standard,8,0.0,0.0
1138,1137,Standard,8,0.0,0.0
1139,1138,Standard,8,0.0,0.0
1140,1139,Standard,8,0.0,0.0
1141,266,Standard,8,0.0,0.0
1142,1141,Standard,8,0.0,0.0
1143,1142,Standard,8,0.0,0.0
1144,1143,Standard,8,0.0,0.0
1145,1144,Standard,8,0.0,0.0
1146,1145,Standard,8,0.0,0.0
1147,1146,Standard,8,0.0,0.0
1148,1147,Standard,8,0.0,0.0
1149,1148,Standard,8,0.0,0.0
1150,1149,Standard,8,0.0,0.0
1151,1150,Standard,8,0.0,0.0
1152,1151,Standard,8,0.0,0.0
1153,1152,Standard,8,0.0,0.0
1154,1153,Standard,8,0.0,0.0
1155,1154,Standard,8,0.0,0.0
1156,1155,Standard,8,0.0,0.0
1157,1156,Standard,8,0.0,0.0
1158,1157,Standard,8,0.0,0.0
1159,1158,Standard,8,0.0,0.0
1160,1159,Standard,8,0.0,0.0
1161,1160,Standard,8,0.0,0.0
1162,1161,Standard,8,0.0,0.0
1163,1162,Standard,8,0.0,0.0
1164,1163,Standard,8,0.0,0.0
1165,1164,Standard,8,0.0,0.0
1166,1165,Standard,8,0.0,0.0
1167,1166,Standard,8,0.0,0.0
1168,1167,Standard,8,0.0,0.0
1169,1168,Standard,8,0.0,0.0
1170,1169,Standard,8,0.0,0.0
1171,1170,Standard,8,0.0,0.0
1172,1171,Standard,8,0.0,0.0
1173,1172,Standard,8,0.0,0.0
1174,1173,Standard,8,0.0,0.0
1175,1174,Standard,8,0.0,0.0
1176,1175,Standard,8,0.0,0.0
1177,1176,Standard,8,0.0,0.0
1178,1177,Standard,8,0.0,0.0
1179,1178,Standard,8,0.0,0.0
1180,1179,Standard,8,0.0,0.0
1181,1180,Standard,8,0.0,0.0
1182,1181,Standard,8,0.0,0.0
1183,1182,Standard,8,0.0,0.0
1184,1183,Standard,8,0.0,0.0
1185,1184,Standard,8,0.0,0.0
1186,1185,Standard,8,0.0,0.0
1187,1186,Standard,8,0.0,0.0
1188,1187,Standard,8,0.0,0.0
1189,1188,Standard,8,0.0,0.0
1190,1189,Standard,8,0.0,0.0
1191,1190,Standard,8,0.0,0.0
1192,1191,Standard,8,0.0,0.0
1193,1192,Standard,8,0.0,0.0
1194,1193,Standard,8,0.0,0.0
1195,1194,Standard,8,0.0,0.0
1196,1195,Standard,8,0.0,0.0
1197,1196,Standard,8,0.0,0.0
1198,1197,Standard,8,0.0,0.0
1199,1198,Standard,8,0.0,0.0
1200,1199,Standard,8,0.0,0.0
1201,1200,Standard,8,0.0,0.0
1202,1201,Standard,8,0.0,0.0
1203,1202,Standard,8,0.0,0.0
1204,1203,Standard,8,0.0,0.0
1205,1204,Standard,8,0.0,0.0
1206,1205,Standard,8,0.0,0.0
1207,1206,Standard,8,0.0,0.0
1208,1207,Standard,8,0.0,0.0
1209,1208,Standard,8,0.0,0.0
1210,1209,Standard,8,0.0,0.0
1211,1210,Standard,8,0.0,0.0
1212,1211,Standard,8,0.0,0.0
1213,1212,Standard,8,0.0,0.0
1214,1213,Standard,8,0.0,0.0
1215,1214,Standard,8,0.0,0.0
1216,1215,Standard,8,0.0,0.0
1217,1216,Standard,8,0.0,0.0
1218,1217,Standard,8,0.0,0.0
1219,1218,Standard,8,0.0,0.0
1220,1219,Standard,8,0.0,0.0
1221,1220,Standard,8,0.0,0.0
1222,1221,Standard,8,0.0,0.0
1223,1222,Standard,8,0.0,0.0
1224,1223,Standard,8,0.0,0.0
1225,1224,Standard,8,0.0,0.0
1226,1225,Standard,8,0.0,0.0
1227,1226,Standard,8,0.0,0.0
1228,1227,Standard,8,0.0,0.0
1229,1228,Standard,8,0.0,0.0
1230,1229,Standard,8,0.0,0.0
1231,1230,Standard,8,0.0,0.0
1232,1231,Standard,8,0.0,0.0
1233,1232,Standard,8,0.0,0.0
1234,1233,Standard,8,0.0,0.0
1235,1234,Standard,8,0.0,0.0
1236,1235,Standard,8,0.0,0.0
1237,187,Standard,8,0.0,0.0
1238,1237,Standard,8,0.0,0.0
1239,1238,Standard,8,0.0,0.0
1240,1239,Standard,8,0.0,0.0
1241,1240,Standard,8,0.0,0.0
1242,1241,Standard,8,0.0,0.0
1243,1242,Standard,8,0.0,0.0
1244,1243,Standard,8,0.0,0.0
1245,1244,Standard,8,0.0,0.0
1246,1245,Standard,8,0.0,0.0
1247,1246,Standard,8,0.0,0.0
1248,1247,Standard,8,0.0,0.0
1249,1248,Standard,8,0.0,0.0
1250,1249,Standard,8,0.0,0.0
1251,1250,Standard,8,0.0,0.0
1252,1251,Standard,8,0.0,0.0
1253,1252,Standard,8,0.0,0.0
1254,1253,Standard,8,0.0,0.0
1255,1254,Standard,8,0.0,0.0
1256,1255,Standard,8,0.0,0.0
1257,1256,Standard,8,0.0,0.0
1258,1257,Standard,8,0.0,0.0
1259,1258,Standard,8,0.0,0.0
1260,1259,Standard,8,0.0,0.0
1261,1260,Standard,8,0.0,0.0
1262,1261,Standard,8,0.0,0.0
1263,1262,Standard,8,0.0,0.0
1264,1263,Standard,8,0.0,0.0
1265,1264,Standard,8,0.0,0.0
1266,1265,Standard,8,0.0,0.0
1267,1266,Standard,8,0.0,0.0
1268,1267,Standard,8,0.0,0.0
1269,1268,Standard,8,0.0,0.0
1270,1269,Standard,8,0.0,0.0
1271,1270,Standard,8,0.0,0.0
1272,1271,Standard,8,0.0,0.0
1273,1272,Standard,8,0.0,0.0
1274,1273,Standard,8,0.0,0.0
1275,1274,Standard,8,0.0,0.0
1276,1275,Standard,8,0.0,0.0
1277,1276,Standard,8,0.0,0.0
1278,1277,Standard,8,0.0,0.0
1279,1278,Standard,8,0.0,0.0
1280,1279,Standard,8,0.0,0.0
1281,1280,Standard,8,0.0,0.0
1282,1281,Standard,8,0.0,0.0
1283,1282,Standard,8,0.0,0.0
1284,1283,Standard,8,0.0,0.0
1285,1284,Standard,8,0.0,0.0
1286,1285,Standard,8,0.0,0.0
1287,1286,Standard,8,0.0,0.0
1288,1287,Standard,8,0.0,0.0
1289,1288,Standard,8,0.0,0.0
1290,1289,Standard,8,0.0,0.0
1291,1290,Standard,8,0.0,0.0
1292,1291,Standard,8,0.0,0.0
1293,1292,Standard,8,0.0,0.0
1294,1293,Standard,8,0.0,0.0
1295,1294,Standard,8,0.0,0.0
1296,889,Standard,8,0.0,0.0
1,308,MatchingPursuit,4,0.813599,0.823284
2,401,MatchingPursuit,4,0.809375,0.818491
3,400,MatchingPursuit,4,0.807069,0.81556
4,353,MatchingPursuit,4,0.805721,0.815318
5,254,MatchingPursuit,4,0.798722,0.813909
6,231,MatchingPursuit,4,0.797571,0.810925
7,271,MatchingPursuit,4,0.796574,0.807697
8,446,MatchingPursuit,4,0.795948,0.80293
9,298,MatchingPursuit,4,0.794462,0.80466
10,159,MatchingPursuit,4,0.794273,0.80973
11,591,MatchingPursuit,4,0.793478,0.800583
12,195,MatchingPursuit,4,0.793269,0.809449
13,220,MatchingPursuit,4,0.793008,0.808367
14,157,MatchingPursuit,4,0.791731,0.808101
15,342,MatchingPursuit,4,0.791293,0.806248
16,179,MatchingPursuit,4,0.790932,0.806612
17,139,MatchingPursuit,4,0.790885,0.80678
18,304,MatchingPursuit,4,0.79085,0.80295
19,216,MatchingPursuit,4,0.790617,0.80516
20,131,MatchingPursuit,4,0.789801,0.804723
21,348,MatchingPursuit,4,0.789474,0.802156
22,291,MatchingPursuit,4,0.788166,0.799247
23,261,MatchingPursuit,4,0.787449,0.804287
24,385,MatchingPursuit,4,0.787204,0.794385
25,238,MatchingPursuit,4,0.786918,0.802451
26,186,MatchingPursuit,4,0.785256,0.800933
27,280,MatchingPursuit,4,0.784566,0.796892
28,229,MatchingPursuit,4,0.784452,0.800151
29,351,MatchingPursuit,4,0.783055,0.791271
30,120,MatchingPursuit,4,0.781494,0.799264
31,250,MatchingPursuit,4,0.781347,0.790407
32,429,MatchingPursuit,4,0.780781,0.783706
33,326,MatchingPursuit,4,0.780556,0.792912
34,435,MatchingPursuit,4,0.779935,0.787717
35,185,MatchingPursuit,4,0.779916,0.79663
36,236,MatchingPursuit,4,0.779596,0.795895
37,245,MatchingPursuit,4,0.779171,0.792949
38,279,MatchingPursuit,4,0.778781,0.790611
39,196,MatchingPursuit,4,0.778731,0.796533
40,208,MatchingPursuit,4,0.778598,0.794778
41,317,MatchingPursuit,4,0.7775,0.791963
42,137,MatchingPursuit,4,0.777281,0.795424
43,143,MatchingPursuit,4,0.777079,0.790028
44,182,MatchingPursuit,4,0.776065,0.794956
45,200,MatchingPursuit,4,0.775819,0.792246
46,226,MatchingPursuit,4,0.775435,0.789907
47,552,MatchingPursuit,4,0.775281,0.779321
48,329,MatchingPursuit,4,0.774282,0.785902
49,146,MatchingPursuit,4,0.773876,0.79184
50,118,MatchingPursuit,4,0.773763,0.792515
51,262,MatchingPursuit,4,0.773564,0.787643
52,241,MatchingPursuit,4,0.772936,0.789923
53,199,MatchingPursuit,4,0.772688,0.78984
54,214,MatchingPursuit,4,0.772681,0.792175
55,93,MatchingPursuit,4,0.772427,0.790944
56,225,MatchingPursuit,4,0.772296,0.785257
57,248,MatchingPursuit,4,0.772277,0.791043
58,162,MatchingPursuit,4,0.77208,0.791399
59,201,MatchingPursuit,4,0.7716,0.788318
60,190,MatchingPursuit,4,0.771149,0.788169
61,163,MatchingPursuit,4,0.770958,0.790504
62,171,MatchingPursuit,4,0.770818,0.78925
63,144,MatchingPursuit,4,0.770535,0.789252
64,284,MatchingPursuit,4,0.770031,0.78546
65,191,MatchingPursuit,4,0.76962,0.787266
66,228,MatchingPursuit,4,0.769524,0.788042
67,512,MatchingPursuit,4,0.769497,0.776194
68,412,MatchingPursuit,4,0.769475,0.782514
69,181,MatchingPursuit,4,0.769103,0.785951
70,215,MatchingPursuit,4,0.768939,0.787553
71,255,MatchingPursuit,4,0.768884,0.788171
72,160,MatchingPursuit,4,0.768882,0.789062
73,148,MatchingPursuit,4,0.768834,0.785893
74,147,MatchingPursuit,4,0.768814,0.787557
75,268,MatchingPursuit,4,0.7687,0.785904
76,127,MatchingPursuit,4,0.768638,0.785265
77,165,MatchingPursuit,4,0.768608,0.788914
78,197,MatchingPursuit,4,0.768543,0.78347
79,463,MatchingPursuit,4,0.768402,0.780791
80,224,MatchingPursuit,4,0.767986,0.783879
81,295,MatchingPursuit,4,0.767981,0.778993
82,204,MatchingPursuit,4,0.767781,0.785063
83,243,MatchingPursuit,4,0.767754,0.78346
84,532,MatchingPursuit,4,0.767442,0.767701
85,270,MatchingPursuit,4,0.767386,0.785111
86,299,MatchingPursuit,4,0.767281,0.783486
87,218,MatchingPursuit,4,0.766456,0.77904
88,180,MatchingPursuit,4,0.766429,0.783771
89,392,MatchingPursuit,4,0.766214,0.778624
90,328,MatchingPursuit,4,0.766141,0.786236
91,529,MatchingPursuit,4,0.765653,0.775887
92,246,MatchingPursuit,4,0.76516,0.785046
93,232,MatchingPursuit,4,0.765125,0.781778
94,276,MatchingPursuit,4,0.764904,0.784395
95,207,MatchingPursuit,4,0.764706,0.779001
96,369,MatchingPursuit,4,0.764633,0.780091
97,489,MatchingPursuit,4,0.764505,0.776228
98,234,MatchingPursuit,4,0.764463,0.782549
99,210,MatchingPursuit,4,0.764389,0.781757
100,138,MatchingPursuit,4,0.764331,0.783508
101,445,MatchingPursuit,4,0.764296,0.769184
102,87,MatchingPursuit,4,0.76411,0.783401
103,315,MatchingPursuit,4,0.764045,0.773295
104,135,MatchingPursuit,4,0.764014,0.784321
105,312,MatchingPursuit,4,0.763596,0.770813
106,223,MatchingPursuit,4,0.763478,0.78202
107,115,MatchingPursuit,4,0.763259,0.782578
108,314,MatchingPursuit,4,0.762608,0.781454
109,249,MatchingPursuit,4,0.762463,0.782438
110,418,MatchingPursuit,4,0.76236,0.775341
111,355,MatchingPursuit,4,0.762353,0.766942
112,316,MatchingPursuit,4,0.762148,0.774216
113,57,MatchingPursuit,4,0.761935,0.781494
114,184,MatchingPursuit,4,0.761905,0.782667
115,322,MatchingPursuit,4,0.761905,0.772026
116,96,MatchingPursuit,4,0.761719,0.781594
117,136,MatchingPursuit,4,0.761543,0.781667
118,290,MatchingPursuit,4,0.761261,0.776128
119,92,MatchingPursuit,4,0.761194,0.781774
120,251,MatchingPursuit,4,0.760849,0.777048
121,155,MatchingPursuit,4,0.760807,0.78138
122,134,MatchingPursuit,4,0.760784,0.781046
123,60,MatchingPursuit,4,0.760745,0.780694
124,302,MatchingPursuit,4,0.760632,0.778474
125,319,MatchingPursuit,4,0.76053,0.773246
126,101,MatchingPursuit,4,0.759979,0.780407
127,488,MatchingPursuit,4,0.75945,0.765708
128,70,MatchingPursuit,4,0.759177,0.778692
129,177,MatchingPursuit,4,0.759026,0.779605
130,126,MatchingPursuit,4,0.758888,0.78049
131,183,MatchingPursuit,4,0.758837,0.778535
132,82,MatchingPursuit,4,0.75877,0.779482
133,211,MatchingPursuit,4,0.7585,0.776834
134,273,MatchingPursuit,4,0.758382,0.774672
135,264,MatchingPursuit,4,0.758373,0.775749
136,124,MatchingPursuit,4,0.758323,0.777267
137,67,MatchingPursuit,4,0.758151,0.77765
138,685,MatchingPursuit,4,0.757813,0.762842
139,141,MatchingPursuit,4,0.757709,0.778954
140,205,MatchingPursuit,4,0.75763,0.77913
141,102,MatchingPursuit,4,0.757624,0.779126
142,48,MatchingPursuit,4,0.75762,0.777595
143,111,MatchingPursuit,4,0.757456,0.779074
144,263,MatchingPursuit,4,0.757303,0.775474
145,170,MatchingPursuit,4,0.756877,0.772833
146,222,MatchingPursuit,4,0.756554,0.778245
147,227,MatchingPursuit,4,0.756487,0.777411
148,289,MatchingPursuit,4,0.75634,0.768524
149,475,MatchingPursuit,4,0.756272,0.76275
150,209,MatchingPursuit,4,0.756245,0.769905
151,192,MatchingPursuit,4,0.755221,0.77479
152,166,MatchingPursuit,4,0.755134,0.776667
153,202,MatchingPursuit,4,0.75491,0.777186
154,378,MatchingPursuit,4,0.754717,0.768138
155,272,MatchingPursuit,4,0.754675,0.771732
156,84,MatchingPursuit,4,0.754665,0.775773
157,106,MatchingPursuit,4,0.754658,0.776162
158,296,MatchingPursuit,4,0.754595,0.773299
159,94,MatchingPursuit,4,0.754568,0.776015
160,194,MatchingPursuit,4,0.754537,0.776566
161,451,MatchingPursuit,4,0.75453,0.76064
162,303,MatchingPursuit,4,0.75414,0.770127
163,230,MatchingPursuit,4,0.754067,0.773553
164,381,MatchingPursuit,4,0.753709,0.766508
165,417,MatchingPursuit,4,0.753671,0.767632
166,156,MatchingPursuit,4,0.753664,0.773721
167,56,MatchingPursuit,4,0.753653,0.774762
168,327,MatchingPursuit,4,0.753585,0.770864
169,68,MatchingPursuit,4,0.753488,0.771395
170,367,MatchingPursuit,4,0.753463,0.758542
171,256,MatchingPursuit,4,0.753333,0.772976
172,513,MatchingPursuit,4,0.753108,0.759228
173,69,MatchingPursuit,4,0.753082,0.774705
174,64,MatchingPursuit,4,0.753012,0.77435
175,543,MatchingPursuit,4,0.752896,0.762914
176,95,MatchingPursuit,4,0.752882,0.775048
177,332,MatchingPursuit,4,0.752881,0.765737
178,74,MatchingPursuit,4,0.752864,0.773741
179,265,MatchingPursuit,4,0.752257,0.765687
180,105,MatchingPursuit,4,0.752075,0.773793
181,321,MatchingPursuit,4,0.752,0.765447
182,343,MatchingPursuit,4,0.751814,0.771977
183,62,MatchingPursuit,4,0.751783,0.770139
184,219,MatchingPursuit,4,0.751616,0.769837
185,142,MatchingPursuit,4,0.751549,0.773054
186,149,MatchingPursuit,4,0.751233,0.773945
187,309,MatchingPursuit,4,0.750894,0.767302
188,176,MatchingPursuit,4,0.75076,0.771778
189,213,MatchingPursuit,4,0.750716,0.768258
190,72,MatchingPursuit,4,0.750512,0.772461
191,103,MatchingPursuit,4,0.750396,0.771332
192,370,MatchingPursuit,4,0.750357,0.765727
193,410,MatchingPursuit,4,0.750341,0.761421
194,294,MatchingPursuit,4,0.750282,0.764084
195,98,MatchingPursuit,4,0.749879,0.772265
196,158,MatchingPursuit,4,0.749821,0.769074
197,100,MatchingPursuit,4,0.749748,0.771816
198,283,MatchingPursuit,4,0.749717,0.760553
199,352,MatchingPursuit,4,0.749658,0.769791
200,391,MatchingPursuit,4,0.749638,0.758713
201,112,MatchingPursuit,4,0.749585,0.771563
202,486,MatchingPursuit,4,0.749574,0.759357
203,117,MatchingPursuit,4,0.749532,0.772123
204,53,MatchingPursuit,4,0.749002,0.770302
205,63,MatchingPursuit,4,0.748829,0.770746
206,145,MatchingPursuit,4,0.748802,0.768584
207,530,MatchingPursuit,4,0.748644,0.761907
208,240,MatchingPursuit,4,0.748538,0.767022
209,281,MatchingPursuit,4,0.74813,0.770225
210,125,MatchingPursuit,4,0.748127,0.763594
211,90,MatchingPursuit,4,0.74796,0.770457
212,78,MatchingPursuit,4,0.747892,0.770521
213,358,MatchingPursuit,4,0.747692,0.754531
214,129,MatchingPursuit,4,0.747616,0.770815
215,212,MatchingPursuit,4,0.747573,0.770373
216,305,MatchingPursuit,4,0.7475,0.766339
217,699,MatchingPursuit,4,0.74739,0.747153
218,76,MatchingPursuit,4,0.747307,0.769993
219,152,MatchingPursuit,4,0.74718,0.770228
220,198,MatchingPursuit,4,0.747096,0.766123
221,203,MatchingPursuit,4,0.747075,0.76923
222,114,MatchingPursuit,4,0.746988,0.770151
223,161,MatchingPursuit,4,0.746932,0.768876
224,41,MatchingPursuit,4,0.746667,0.766803
225,133,MatchingPursuit,4,0.746634,0.770209
226,313,MatchingPursuit,4,0.746601,0.764283
227,47,MatchingPursuit,4,0.746591,0.767917
228,73,MatchingPursuit,4,0.74633,0.769141
229,52,MatchingPursuit,4,0.74625,0.76669
230,285,MatchingPursuit,4,0.746032,0.758284
231,459,MatchingPursuit,4,0.745484,0.753232
232,292,MatchingPursuit,4,0.745355,0.765463
233,260,MatchingPursuit,4,0.745355,0.761523
234,345,MatchingPursuit,4,0.745308,0.760029
235,123,MatchingPursuit,4,0.745098,0.7676
236,398,MatchingPursuit,4,0.745038,0.754423
237,77,MatchingPursuit,4,0.744932,0.767162
238,58,MatchingPursuit,4,0.744546,0.767266
239,347,MatchingPursuit,4,0.744526,0.759123
240,258,MatchingPursuit,4,0.744368,0.766506
241,164,MatchingPursuit,4,0.744292,0.767621
242,88,MatchingPursuit,4,0.74425,0.767297
243,311,MatchingPursuit,4,0.744249,0.758181
244,301,MatchingPursuit,4,0.744076,0.758335
245,80,MatchingPursuit,4,0.74401,0.767106
246,109,MatchingPursuit,4,0.743875,0.767521
247,61,MatchingPursuit,4,0.743733,0.766106
248,175,MatchingPursuit,4,0.743694,0.760855
249,266,MatchingPursuit,4,0.743618,0.76481
250,86,MatchingPursuit,4,0.743578,0.767168
251,51,MatchingPursuit,4,0.743472,0.765954
252,81,MatchingPursuit,4,0.74347,0.767075
253,122,MatchingPursuit,4,0.743429,0.766263
254,104,MatchingPursuit,4,0.743372,0.76714
255,278,MatchingPursuit,4,0.742503,0.764456
256,151,MatchingPursuit,4,0.742391,0.765103
257,153,MatchingPursuit,4,0.74234,0.766551
258,66,MatchingPursuit,4,0.741794,0.763664
259,471,MatchingPursuit,4,0.741573,0.749605
260,38,MatchingPursuit,4,0.741523,0.763171
261,130,MatchingPursuit,4,0.741514,0.766071
262,46,MatchingPursuit,4,0.741251,0.763239
263,116,MatchingPursuit,4,0.741045,0.765257
264,99,MatchingPursuit,4,0.740987,0.765362
265,297,MatchingPursuit,4,0.74092,0.759564
266,454,MatchingPursuit,4,0.740864,0.749347
267,174,MatchingPursuit,4,0.740861,0.765834
268,119,MatchingPursuit,4,0.740784,0.765035
269,110,MatchingPursuit,4,0.740319,0.763875
270,150,MatchingPursuit,4,0.740179,0.761046
271,13,MatchingPursuit,4,0.739964,0.756118
272,49,MatchingPursuit,4,0.739764,0.762178
273,341,MatchingPursuit,4,0.739726,0.752471
274,113,MatchingPursuit,4,0.739506,0.763522
275,506,MatchingPursuit,4,0.739437,0.749559
276,50,MatchingPursuit,4,0.739197,0.762119
277,140,MatchingPursuit,4,0.739193,0.763986
278,361,MatchingPursuit,4,0.739011,0.748394
279,42,MatchingPursuit,4,0.738771,0.761177
280,424,MatchingPursuit,4,0.73871,0.743856
281,34,MatchingPursuit,4,0.738656,0.760476
282,193,MatchingPursuit,4,0.738626,0.762951
283,357,MatchingPursuit,4,0.738506,0.751787
284,206,MatchingPursuit,4,0.738487,0.75819
285,365,MatchingPursuit,4,0.738372,0.753375
286,233,MatchingPursuit,4,0.738328,0.758322
287,364,MatchingPursuit,4,0.738292,0.751581
288,59,MatchingPursuit,4,0.738209,0.751021
289,242,MatchingPursuit,4,0.738095,0.755755
290,45,MatchingPursuit,4,0.737741,0.760434
291,23,MatchingPursuit,4,0.737644,0.758262
292,324,MatchingPursuit,4,0.737643,0.759927
293,237,MatchingPursuit,4,0.737619,0.757452
294,71,MatchingPursuit,4,0.737529,0.760339
295,173,MatchingPursuit,4,0.737468,0.759182
296,172,MatchingPursuit,4,0.737463,0.761317
297,426,MatchingPursuit,4,0.737446,0.74135
298,440,MatchingPursuit,4,0.737342,0.743816
299,318,MatchingPursuit,4,0.737338,0.756238
300,282,MatchingPursuit,4,0.737317,0.760404
301,269,MatchingPursuit,4,0.737279,0.755315
302,30,MatchingPursuit,4,0.737153,0.758534
303,350,MatchingPursuit,4,0.737101,0.743172
304,257,MatchingPursuit,4,0.737074,0.759354
305,478,MatchingPursuit,4,0.737008,0.742286
306,178,MatchingPursuit,4,0.736926,0.76221
307,168,MatchingPursuit,4,0.736754,0.761397
308,286,MatchingPursuit,4,0.736706,0.753763
309,43,MatchingPursuit,4,0.736623,0.758259
310,307,MatchingPursuit,4,0.736597,0.753992
311,24,MatchingPursuit,4,0.736537,0.75722
312,235,MatchingPursuit,4,0.736083,0.758269
313,189,MatchingPursuit,4,0.736066,0.761176
314,389,MatchingPursuit,4,0.735724,0.759269
315,444,MatchingPursuit,4,0.735703,0.742968
316,217,MatchingPursuit,4,0.73559,0.755977
317,121,MatchingPursuit,4,0.7355,0.760509
318,638,MatchingPursuit,4,0.735354,0.741157
319,468,MatchingPursuit,4,0.735119,0.741269
320,373,MatchingPursuit,4,0.73509,0.753834
321,425,MatchingPursuit,4,0.734982,0.746545
322,431,MatchingPursuit,4,0.734884,0.744037
323,277,MatchingPursuit,4,0.734839,0.751938
324,85,MatchingPursuit,4,0.734458,0.759475
325,10,MatchingPursuit,4,0.734441,0.749443
326,380,MatchingPursuit,4,0.734398,0.752436
327,35,MatchingPursuit,4,0.734364,0.757263
328,221,MatchingPursuit,4,0.73423,0.757131
329,631,MatchingPursuit,4,0.734226,0.736279
330,433,MatchingPursuit,4,0.733831,0.738322
331,33,MatchingPursuit,4,0.733745,0.756371
332,37,MatchingPursuit,4,0.73362,0.756585
333,31,MatchingPursuit,4,0.733568,0.755798
334,239,MatchingPursuit,4,0.732733,0.755549
335,154,MatchingPursuit,4,0.732591,0.754379
336,499,MatchingPursuit,4,0.732577,0.741839
337,75,MatchingPursuit,4,0.732534,0.757191
338,346,MatchingPursuit,4,0.732394,0.743638
339,382,MatchingPursuit,4,0.731973,0.738055
340,572,MatchingPursuit,4,0.731872,0.735269
341,91,MatchingPursuit,4,0.731321,0.756937
342,420,MatchingPursuit,4,0.731219,0.748105
343,405,MatchingPursuit,4,0.731214,0.746309
344,40,MatchingPursuit,4,0.731194,0.754079
345,377,MatchingPursuit,4,0.731152,0.741754
346,413,MatchingPursuit,4,0.731055,0.740378
347,338,MatchingPursuit,4,0.731017,0.740681
348,372,MatchingPursuit,4,0.730769,0.745231
349,588,MatchingPursuit,4,0.730561,0.733751
350,55,MatchingPursuit,4,0.730494,0.755213
351,340,MatchingPursuit,4,0.730412,0.747747
352,618,MatchingPursuit,4,0.730038,0.734152
353,505,MatchingPursuit,4,0.729537,0.742723
354,267,MatchingPursuit,4,0.729258,0.749817
355,39,MatchingPursuit,4,0.729162,0.752681
356,22,MatchingPursuit,4,0.728767,0.750603
357,247,MatchingPursuit,4,0.728448,0.746025
358,527,MatchingPursuit,4,0.728434,0.729934
359,18,MatchingPursuit,4,0.728317,0.749022
360,167,MatchingPursuit,4,0.727864,0.752988
361,253,MatchingPursuit,4,0.72766,0.748196
362,83,MatchingPursuit,4,0.727591,0.753412
363,288,MatchingPursuit,4,0.727273,0.747495
364,359,MatchingPursuit,4,0.727273,0.738531
365,128,MatchingPursuit,4,0.727162,0.743818
366,390,MatchingPursuit,4,0.727037,0.74039
367,427,MatchingPursuit,4,0.726979,0.7369
368,244,MatchingPursuit,4,0.726721,0.750093
369,188,MatchingPursuit,4,0.726517,0.753688
370,89,MatchingPursuit,4,0.726191,0.751728
371,521,MatchingPursuit,4,0.725979,0.733509
372,409,MatchingPursuit,4,0.725146,0.732802
373,406,MatchingPursuit,4,0.724796,0.735526
374,423,MatchingPursuit,4,0.724387,0.738132
375,11,MatchingPursuit,4,0.724062,0.741533
376,36,MatchingPursuit,4,0.723787,0.748497
377,441,MatchingPursuit,4,0.723404,0.735763
378,19,MatchingPursuit,4,0.723386,0.745187
379,539,MatchingPursuit,4,0.723104,0.729861
380,335,MatchingPursuit,4,0.723096,0.734772
381,458,MatchingPursuit,4,0.723077,0.722592
382,469,MatchingPursuit,4,0.723032,0.726837
383,510,MatchingPursuit,4,0.723022,0.728782
384,323,MatchingPursuit,4,0.722528,0.747676
385,330,MatchingPursuit,4,0.7225,0.732485
386,501,MatchingPursuit,4,0.722481,0.726555
387,325,MatchingPursuit,4,0.722372,0.738443
388,517,MatchingPursuit,4,0.722117,0.724265
389,14,MatchingPursuit,4,0.721943,0.741701
390,274,MatchingPursuit,4,0.721719,0.738319
391,27,MatchingPursuit,4,0.721669,0.745303
392,344,MatchingPursuit,4,0.720901,0.734251
393,395,MatchingPursuit,4,0.720721,0.733148
394,287,MatchingPursuit,4,0.720183,0.734248
395,383,MatchingPursuit,4,0.72,0.729069
396,375,MatchingPursuit,4,0.72,0.723574
397,107,MatchingPursuit,4,0.719697,0.747544
398,558,MatchingPursuit,4,0.719397,0.725982
399,481,MatchingPursuit,4,0.719064,0.723528
400,540,MatchingPursuit,4,0.718954,0.727169
401,21,MatchingPursuit,4,0.718683,0.741816
402,349,MatchingPursuit,4,0.718475,0.736714
403,65,MatchingPursuit,4,0.717486,0.735537
404,564,MatchingPursuit,4,0.717241,0.725274
405,376,MatchingPursuit,4,0.717095,0.741003
406,379,MatchingPursuit,4,0.716459,0.719143
407,16,MatchingPursuit,4,0.716111,0.737196
408,20,MatchingPursuit,4,0.716038,0.739574
409,368,MatchingPursuit,4,0.716012,0.722141
410,608,MatchingPursuit,4,0.715302,0.715158
411,448,MatchingPursuit,4,0.715254,0.729788
412,252,MatchingPursuit,4,0.715164,0.738735
413,583,MatchingPursuit,4,0.715152,0.716049
414,337,MatchingPursuit,4,0.714894,0.729189
415,609,MatchingPursuit,4,0.714859,0.724601
416,414,MatchingPursuit,4,0.714286,0.716821
417,333,MatchingPursuit,4,0.713021,0.718559
418,678,MatchingPursuit,4,0.712743,0.713688
419,498,MatchingPursuit,4,0.712177,0.72291
420,275,MatchingPursuit,4,0.711823,0.733974
421,457,MatchingPursuit,4,0.711538,0.71821
422,97,MatchingPursuit,4,0.711319,0.738916
423,450,MatchingPursuit,4,0.711256,0.717357
424,460,MatchingPursuit,4,0.711111,0.713924
425,597,MatchingPursuit,4,0.711019,0.716536
426,320,MatchingPursuit,4,0.710947,0.715372
427,79,MatchingPursuit,4,0.710947,0.737683
428,562,MatchingPursuit,4,0.710173,0.720076
429,494,MatchingPursuit,4,0.709677,0.712756
430,641,MatchingPursuit,4,0.709402,0.711894
431,339,MatchingPursuit,4,0.708895,0.730868
432,404,MatchingPursuit,4,0.708709,0.724548
433,384,MatchingPursuit,4,0.708393,0.727376
434,386,MatchingPursuit,4,0.708333,0.724663
435,470,MatchingPursuit,4,0.708197,0.716306
436,466,MatchingPursuit,4,0.708148,0.715619
437,581,MatchingPursuit,4,0.707407,0.709445
438,336,MatchingPursuit,4,0.707254,0.717122
439,595,MatchingPursuit,4,0.706927,0.709038
440,523,MatchingPursuit,4,0.706927,0.718318
441,374,MatchingPursuit,4,0.706553,0.709088
442,300,MatchingPursuit,4,0.706167,0.71958
443,600,MatchingPursuit,4,0.705882,0.707009
444,169,MatchingPursuit,4,0.705686,0.736682
445,491,MatchingPursuit,4,0.705674,0.717237
446,565,MatchingPursuit,4,0.705667,0.707968
447,259,MatchingPursuit,4,0.705502,0.734202
448,187,MatchingPursuit,4,0.704933,0.73613
449,371,MatchingPursuit,4,0.704871,0.714218
450,584,MatchingPursuit,4,0.704454,0.707994
451,476,MatchingPursuit,4,0.70412,0.708473
452,677,MatchingPursuit,4,0.703349,0.704809
453,504,MatchingPursuit,4,0.703226,0.703782
454,416,MatchingPursuit,4,0.701909,0.701625
455,625,MatchingPursuit,4,0.701689,0.705877
456,720,MatchingPursuit,4,0.701299,0.701906
457,612,MatchingPursuit,4,0.701031,0.704235
458,606,MatchingPursuit,4,0.700787,0.704349
459,571,MatchingPursuit,4,0.700704,0.71151
460,596,MatchingPursuit,4,0.700219,0.705474
461,493,MatchingPursuit,4,0.7,0.701016
462,556,MatchingPursuit,4,0.699784,0.707034
463,497,MatchingPursuit,4,0.699367,0.702777
464,432,MatchingPursuit,4,0.699346,0.704834
465,683,MatchingPursuit,4,0.699029,0.700953
466,439,MatchingPursuit,4,0.698962,0.703012
467,399,MatchingPursuit,4,0.698758,0.715038
468,676,MatchingPursuit,4,0.698182,0.697815
469,306,MatchingPursuit,4,0.69814,0.719687
470,576,MatchingPursuit,4,0.696751,0.696939
471,509,MatchingPursuit,4,0.696589,0.708544
472,464,MatchingPursuit,4,0.696183,0.697322
473,860,MatchingPursuit,4,0.696078,0.698511
474,574,MatchingPursuit,4,0.695652,0.698059
475,663,MatchingPursuit,4,0.695489,0.695276
476,580,MatchingPursuit,4,0.695167,0.697387
477,455,MatchingPursuit,4,0.693291,0.69726
478,360,MatchingPursuit,4,0.692695,0.703946
479,626,MatchingPursuit,4,0.69258,0.694022
480,461,MatchingPursuit,4,0.691395,0.692435
481,388,MatchingPursuit,4,0.690846,0.705657
482,462,MatchingPursuit,4,0.688172,0.688817
483,971,MatchingPursuit,4,0.688119,0.687793
484,621,MatchingPursuit,4,0.688057,0.68886
485,354,MatchingPursuit,4,0.687339,0.698807
486,487,MatchingPursuit,4,0.68705,0.690807
487,725,MatchingPursuit,4,0.686316,0.688155
488,567,MatchingPursuit,4,0.683824,0.698593
489,483,MatchingPursuit,4,0.683333,0.686085
490,465,MatchingPursuit,4,0.681745,0.691661
491,526,MatchingPursuit,4,0.681319,0.687189
492,786,MatchingPursuit,4,0.680952,0.680351
493,411,MatchingPursuit,4,0.680535,0.687636
494,8,MatchingPursuit,4,0.680507,0.702547
495,438,MatchingPursuit,4,0.678322,0.68641
496,514,MatchingPursuit,4,0.677903,0.67762
497,480,MatchingPursuit,4,0.677852,0.677644
498,693,MatchingPursuit,4,0.677355,0.677273
499,783,MatchingPursuit,4,0.675325,0.674598
500,775,MatchingPursuit,4,0.675,0.677639
501,29,MatchingPursuit,4,0.674817,0.707786
502,515,MatchingPursuit,4,0.674617,0.676039
503,453,MatchingPursuit,4,0.672316,0.682515
504,387,MatchingPursuit,4,0.672199,0.678277
505,723,MatchingPursuit,4,0.671202,0.672863
506,721,MatchingPursuit,4,0.669307,0.669583
507,652,MatchingPursuit,4,0.669118,0.669695
508,662,MatchingPursuit,4,0.667851,0.667093
509,592,MatchingPursuit,4,0.667838,0.676882
510,356,MatchingPursuit,4,0.666667,0.666773
511,544,MatchingPursuit,4,0.665499,0.667023
512,582,MatchingPursuit,4,0.665434,0.667765
513,732,MatchingPursuit,4,0.665399,0.665921
514,534,MatchingPursuit,4,0.664336,0.672595
515,672,MatchingPursuit,4,0.664151,0.663335
516,630,MatchingPursuit,4,0.663594,0.663118
517,495,MatchingPursuit,4,0.663317,0.668862
518,536,MatchingPursuit,4,0.663283,0.667731
519,570,MatchingPursuit,4,0.662295,0.663168
520,604,MatchingPursuit,4,0.66187,0.663639
521,507,MatchingPursuit,4,0.66087,0.659917
522,54,MatchingPursuit,4,0.660535,0.658064
523,407,MatchingPursuit,4,0.660221,0.660456
524,884,MatchingPursuit,4,0.660099,0.660569
525,585,MatchingPursuit,4,0.659483,0.658845
526,643,MatchingPursuit,4,0.659381,0.658471
527,12,MatchingPursuit,4,0.65799,0.688835
528,496,MatchingPursuit,4,0.657944,0.66197
529,485,MatchingPursuit,4,0.657143,0.664896
530,640,MatchingPursuit,4,0.657084,0.669196
531,707,MatchingPursuit,4,0.65618,0.657235
532,573,MatchingPursuit,4,0.655797,0.654953
533,531,MatchingPursuit,4,0.655617,0.657166
534,654,MatchingPursuit,4,0.654206,0.653473
535,712,MatchingPursuit,4,0.652751,0.652261
536,648,MatchingPursuit,4,0.650909,0.649951
537,653,MatchingPursuit,4,0.649573,0.648846
538,633,MatchingPursuit,4,0.649215,0.648431
539,794,MatchingPursuit,4,0.646943,0.646108
540,892,MatchingPursuit,4,0.646617,0.645961
541,927,MatchingPursuit,4,0.645702,0.650233
542,780,MatchingPursuit,4,0.642857,0.642097
543,736,MatchingPursuit,4,0.641425,0.642588
544,586,MatchingPursuit,4,0.638723,0.637817
545,830,MatchingPursuit,4,0.638614,0.638836
546,733,MatchingPursuit,4,0.638202,0.639626
547,474,MatchingPursuit,4,0.637097,0.63593
548,897,MatchingPursuit,4,0.635628,0.635613
549,622,MatchingPursuit,4,0.634989,0.641788
550,716,MatchingPursuit,4,0.634783,0.634545
551,644,MatchingPursuit,4,0.632541,0.631773
552,599,MatchingPursuit,4,0.631783,0.63152
553,670,MatchingPursuit,4,0.628571,0.63269
554,777,MatchingPursuit,4,0.627957,0.627162
555,524,MatchingPursuit,4,0.627523,0.627402
556,744,MatchingPursuit,4,0.626126,0.625454
557,868,MatchingPursuit,4,0.625954,0.625236
558,843,MatchingPursuit,4,0.625,0.625551
559,108,MatchingPursuit,4,0.621807,0.669644
560,132,MatchingPursuit,4,0.62029,0.657785
561,997,MatchingPursuit,4,0.619423,0.618698
562,617,MatchingPursuit,4,0.619329,0.618567
563,7,MatchingPursuit,4,0.619248,0.651084
564,729,MatchingPursuit,4,0.617336,0.616597
565,32,MatchingPursuit,4,0.613314,0.656902
566,928,MatchingPursuit,4,0.612975,0.61211
567,664,MatchingPursuit,4,0.611722,0.61172
568,560,MatchingPursuit,4,0.610294,0.610736
569,615,MatchingPursuit,4,0.608696,0.611776
570,827,MatchingPursuit,4,0.608315,0.608489
571,542,MatchingPursuit,4,0.606702,0.605585
572,795,MatchingPursuit,4,0.605263,0.604508
573,820,MatchingPursuit,4,0.604545,0.60458
574,665,MatchingPursuit,4,0.604128,0.603251
575,9,MatchingPursuit,4,0.6027,0.641691
576,920,MatchingPursuit,4,0.602062,0.603063
577,26,MatchingPursuit,4,0.599491,0.637641
578,15,MatchingPursuit,4,0.597556,0.641416
579,17,MatchingPursuit,4,0.597406,0.643148
580,28,MatchingPursuit,4,0.597291,0.645606
581,1147,MatchingPursuit,4,0.592208,0.59336
582,25,MatchingPursuit,4,0.588878,0.628119
583,619,MatchingPursuit,4,0.583333,0.584281
584,44,MatchingPursuit,4,0.581534,0.62945
585,797,MatchingPursuit,4,0.577406,0.576577
586,701,MatchingPursuit,4,0.570312,0.570798
587,764,MatchingPursuit,4,0.570281,0.570887
588,1023,MatchingPursuit,4,0.563319,0.564715
589,689,MatchingPursuit,4,0.559853,0.566037
590,5,MatchingPursuit,4,0.55745,0.596677
591,788,MatchingPursuit,4,0.557377,0.563346
592,837,MatchingPursuit,4,0.554113,0.557528
593,967,MatchingPursuit,4,0.537634,0.542264
594,792,MatchingPursuit,4,0.537428,0.54393
595,614,MatchingPursuit,4,0.536825,0.540472
596,1239,MatchingPursuit,4,0.535797,0.543063
597,6,MatchingPursuit,4,0.534949,0.583037
598,4,MatchingPursuit,4,0.529922,0.572127
599,863,MatchingPursuit,4,0.516129,0.523143
600,885,MatchingPursuit,4,0.515091,0.524939
601,862,MatchingPursuit,4,0.51049,0.518514
602,1041,MatchingPursuit,4,0.504132,0.514594
603,773,MatchingPursuit,4,0.500858,0.508467
604,987,MatchingPursuit,4,0.5,0.509982
605,844,MatchingPursuit,4,0.5,0.50539
606,695,MatchingPursuit,4,0.495379,0.496244
607,1033,MatchingPursuit,4,0.495238,0.505454
608,2,MatchingPursuit,4,0.478981,0.515785
609,854,MatchingPursuit,4,0.4736,0.489089
610,1030,MatchingPursuit,4,0.461279,0.475708
611,889,MatchingPursuit,4,0.45509,0.471895
612,1017,MatchingPursuit,4,0.453846,0.463831
613,1,MatchingPursuit,4,0.451653,0.474996
614,3,MatchingPursuit,4,0.440249,0.497277
615,848,MatchingPursuit,4,0.427653,0.442543
616,1260,MatchingPursuit,4,0.414179,0.435936
617,1131,MatchingPursuit,4,0.409774,0.431074
618,0,MatchingPursuit,4,0.269757,0.27354
619,647,MatchingPursuit,4,0.0,0.0
620,1295,MatchingPursuit,4,0.0,0.0
621,620,MatchingPursuit,4,0.0,0.0
622,613,MatchingPursuit,4,0.0,0.0
623,611,MatchingPursuit,4,0.0,0.0
624,623,MatchingPursuit,4,0.0,0.0
625,624,MatchingPursuit,4,0.0,0.0
626,610,MatchingPursuit,4,0.0,0.0
627,607,MatchingPursuit,4,0.0,0.0
628,627,MatchingPursuit,4,0.0,0.0
629,628,MatchingPursuit,4,0.0,0.0
630,629,MatchingPursuit,4,0.0,0.0
631,605,MatchingPursuit,4,0.0,0.0
632,603,MatchingPursuit,4,0.0,0.0
633,632,MatchingPursuit,4,0.0,0.0
634,602,MatchingPursuit,4,0.0,0.0
635,634,MatchingPursuit,4,0.0,0.0
636,635,MatchingPursuit,4,0.0,0.0
637,636,MatchingPursuit,4,0.0,0.0
638,637,MatchingPursuit,4,0.0,0.0
639,601,MatchingPursuit,4,0.0,0.0
640,639,MatchingPursuit,4,0.0,0.0
641,598,MatchingPursuit,4,0.0,0.0
642,594,MatchingPursuit,4,0.0,0.0
643,642,MatchingPursuit,4,0.0,0.0
644,593,MatchingPursuit,4,0.0,0.0
645,590,MatchingPursuit,4,0.0,0.0
646,645,MatchingPursuit,4,0.0,0.0
647,646,MatchingPursuit,4,0.0,0.0
648,589,MatchingPursuit,4,0.0,0.0
649,587,MatchingPursuit,4,0.0,0.0
650,649,MatchingPursuit,4,0.0,0.0
651,650,MatchingPursuit,4,0.0,0.0
652,651,MatchingPursuit,4,0.0,0.0
653,579,MatchingPursuit,4,0.0,0.0
654,578,MatchingPursuit,4,0.0,0.0
655,577,MatchingPursuit,4,0.0,0.0
656,655,MatchingPursuit,4,0.0,0.0
657,656,MatchingPursuit,4,0.0,0.0
658,657,MatchingPursuit,4,0.0,0.0
659,658,MatchingPursuit,4,0.0,0.0
660,659,MatchingPursuit,4,0.0,0.0
661,660,MatchingPursuit,4,0.0,0.0
662,661,MatchingPursuit,4,0.0,0.0
663,575,MatchingPursuit,4,0.0,0.0
664,569,MatchingPursuit,4,0.0,0.0
665,568,MatchingPursuit,4,0.0,0.0
666,566,MatchingPursuit,4,0.0,0.0
667,666,MatchingPursuit,4,0.0,0.0
668,667,MatchingPursuit,4,0.0,0.0
669,668,MatchingPursuit,4,0.0,0.0
670,669,MatchingPursuit,4,0.0,0.0
671,563,MatchingPursuit,4,0.0,0.0
672,671,MatchingPursuit,4,0.0,0.0
673,561,MatchingPursuit,4,0.0,0.0
674,673,MatchingPursuit,4,0.0,0.0
675,674,MatchingPursuit,4,0.0,0.0
676,675,MatchingPursuit,4,0.0,0.0
677,559,MatchingPursuit,4,0.0,0.0
678,557,MatchingPursuit,4,0.0,0.0
679,555,MatchingPursuit,4,0.0,0.0
680,679,MatchingPursuit,4,0.0,0.0
681,680,MatchingPursuit,4,0.0,0.0
682,681,MatchingPursuit,4,0.0,0.0
683,682,MatchingPursuit,4,0.0,0.0
684,554,MatchingPursuit,4,0.0,0.0
685,684,MatchingPursuit,4,0.0,0.0
686,553,MatchingPursuit,4,0.0,0.0
687,686,MatchingPursuit,4,0.0,0.0
688,687,MatchingPursuit,4,0.0,0.0
689,688,MatchingPursuit,4,0.0,0.0
690,551,MatchingPursuit,4,0.0,0.0
691,690,MatchingPursuit,4,0.0,0.0
692,691,MatchingPursuit,4,0.0,0.0
693,692,MatchingPursuit,4,0.0,0.0
694,550,MatchingPursuit,4,0.0,0.0
695,694,MatchingPursuit,4,0.0,0.0
696,549,MatchingPursuit,4,0.0,0.0
697,696,MatchingPursuit,4,0.0,0.0
698,697,MatchingPursuit,4,0.0,0.0
699,698,MatchingPursuit,4,0.0,0.0
700,548,MatchingPursuit,4,0.0,0.0
701,700,MatchingPursuit,4,0.0,0.0
702,547,MatchingPursuit,4,0.0,0.0
703,702,MatchingPursuit,4,0.0,0.0
704,703,MatchingPursuit,4,0.0,0.0
705,704,MatchingPursuit,4,0.0,0.0
706,705,MatchingPursuit,4,0.0,0.0
707,706,MatchingPursuit,4,0.0,0.0
708,546,MatchingPursuit,4,0.0,0.0
709,708,MatchingPursuit,4,0.0,0.0
710,709,MatchingPursuit,4,0.0,0.0
711,710,MatchingPursuit,4,0.0,0.0
712,711,MatchingPursuit,4,0.0,0.0
713,545,MatchingPursuit,4,0.0,0.0
714,713,MatchingPursuit,4,0.0,0.0
715,714,MatchingPursuit,4,0.0,0.0
716,715,MatchingPursuit,4,0.0,0.0
717,541,MatchingPursuit,4,0.0,0.0
718,717,MatchingPursuit,4,0.0,0.0
719,718,MatchingPursuit,4,0.0,0.0
720,719,MatchingPursuit,4,0.0,0.0
721,538,MatchingPursuit,4,0.0,0.0
722,537,MatchingPursuit,4,0.0,0.0
723,722,MatchingPursuit,4,0.0,0.0
724,535,MatchingPursuit,4,0.0,0.0
725,724,MatchingPursuit,4,0.0,0.0
726,533,MatchingPursuit,4,0.0,0.0
727,726,MatchingPursuit,4,0.0,0.0
728,727,MatchingPursuit,4,0.0,0.0
729,728,MatchingPursuit,4,0.0,0.0
730,528,MatchingPursuit,4,0.0,0.0
731,730,MatchingPursuit,4,0.0,0.0
732,731,MatchingPursuit,4,0.0,0.0
733,525,MatchingPursuit,4,0.0,0.0
734,522,MatchingPursuit,4,0.0,0.0
735,734,MatchingPursuit,4,0.0,0.0
736,735,MatchingPursuit,4,0.0,0.0
737,520,MatchingPursuit,4,0.0,0.0
738,737,MatchingPursuit,4,0.0,0.0
739,738,MatchingPursuit,4,0.0,0.0
740,739,MatchingPursuit,4,0.0,0.0
741,740,MatchingPursuit,4,0.0,0.0
742,741,MatchingPursuit,4,0.0,0.0
743,742,MatchingPursuit,4,0.0,0.0
744,743,MatchingPursuit,4,0.0,0.0
745,519,MatchingPursuit,4,0.0,0.0
746,745,MatchingPursuit,4,0.0,0.0
747,746,MatchingPursuit,4,0.0,0.0
748,747,MatchingPursuit,4,0.0,0.0
749,748,MatchingPursuit,4,0.0,0.0
750,749,MatchingPursuit,4,0.0,0.0
751,750,MatchingPursuit,4,0.0,0.0
752,751,MatchingPursuit,4,0.0,0.0
753,752,MatchingPursuit,4,0.0,0.0
754,753,MatchingPursuit,4,0.0,0.0
755,754,MatchingPursuit,4,0.0,0.0
756,755,MatchingPursuit,4,0.0,0.0
757,756,MatchingPursuit,4,0.0,0.0
758,757,MatchingPursuit,4,0.0,0.0
759,758,MatchingPursuit,4,0.0,0.0
760,759,MatchingPursuit,4,0.0,0.0
761,760,MatchingPursuit,4,0.0,0.0
762,761,MatchingPursuit,4,0.0,0.0
763,762,MatchingPursuit,4,0.0,0.0
764,763,MatchingPursuit,4,0.0,0.0
765,518,MatchingPursuit,4,0.0,0.0
766,765,MatchingPursuit,4,0.0,0.0
767,766,MatchingPursuit,4,0.0,0.0
768,767,MatchingPursuit,4,0.0,0.0
769,768,MatchingPursuit,4,0.0,0.0
770,769,MatchingPursuit,4,0.0,0.0
771,770,MatchingPursuit,4,0.0,0.0
772,771,MatchingPursuit,4,0.0,0.0
773,772,MatchingPursuit,4,0.0,0.0
774,516,MatchingPursuit,4,0.0,0.0
775,774,MatchingPursuit,4,0.0,0.0
776,511,MatchingPursuit,4,0.0,0.0
777,776,MatchingPursuit,4,0.0,0.0
778,508,MatchingPursuit,4,0.0,0.0
779,778,MatchingPursuit,4,0.0,0.0
780,779,MatchingPursuit,4,0.0,0.0
781,503,MatchingPursuit,4,0.0,0.0
782,781,MatchingPursuit,4,0.0,0.0
783,782,MatchingPursuit,4,0.0,0.0
784,502,MatchingPursuit,4,0.0,0.0
785,784,MatchingPursuit,4,0.0,0.0
786,785,MatchingPursuit,4,0.0,0.0
787,500,MatchingPursuit,4,0.0,0.0
788,787,MatchingPursuit,4,0.0,0.0
789,492,MatchingPursuit,4,0.0,0.0
790,789,MatchingPursuit,4,0.0,0.0
791,790,MatchingPursuit,4,0.0,0.0
792,791,MatchingPursuit,4,0.0,0.0
793,490,MatchingPursuit,4,0.0,0.0
794,793,MatchingPursuit,4,0.0,0.0
795,484,MatchingPursuit,4,0.0,0.0
796,482,MatchingPursuit,4,0.0,0.0
797,796,MatchingPursuit,4,0.0,0.0
798,479,MatchingPursuit,4,0.0,0.0
799,798,MatchingPursuit,4,0.0,0.0
800,799,MatchingPursuit,4,0.0,0.0
801,800,MatchingPursuit,4,0.0,0.0
802,801,MatchingPursuit,4,0.0,0.0
803,802,MatchingPursuit,4,0.0,0.0
804,803,MatchingPursuit,4,0.0,0.0
805,804,MatchingPursuit,4,0.0,0.0
806,805,MatchingPursuit,4,0.0,0.0
807,806,MatchingPursuit,4,0.0,0.0
808,807,MatchingPursuit,4,0.0,0.0
809,808,MatchingPursuit,4,0.0,0.0
810,809,MatchingPursuit,4,0.0,0.0
811,810,MatchingPursuit,4,0.0,0.0
812,811,MatchingPursuit,4,0.0,0.0
813,812,MatchingPursuit,4,0.0,0.0
814,813,MatchingPursuit,4,0.0,0.0
815,814,MatchingPursuit,4,0.0,0.0
816,815,MatchingPursuit,4,0.0,0.0
817,816,MatchingPursuit,4,0.0,0.0
818,817,MatchingPursuit,4,0.0,0.0
819,818,MatchingPursuit,4,0.0,0.0
820,819,MatchingPursuit,4,0.0,0.0
821,477,MatchingPursuit,4,0.0,0.0
822,821,MatchingPursuit,4,0.0,0.0
823,822,MatchingPursuit,4,0.0,0.0
824,823,MatchingPursuit,4,0.0,0.0
825,824,MatchingPursuit,4,0.0,0.0
826,825,MatchingPursuit,4,0.0,0.0
827,826,MatchingPursuit,4,0.0,0.0
828,473,MatchingPursuit,4,0.0,0.0
829,828,MatchingPursuit,4,0.0,0.0
830,829,MatchingPursuit,4,0.0,0.0
831,472,MatchingPursuit,4,0.0,0.0
832,831,MatchingPursuit,4,0.0,0.0
833,832,MatchingPursuit,4,0.0,0.0
834,833,MatchingPursuit,4,0.0,0.0
835,834,MatchingPursuit,4,0.0,0.0
836,835,MatchingPursuit,4,0.0,0.0
837,836,MatchingPursuit,4,0.0,0.0
838,467,MatchingPursuit,4,0.0,0.0
839,838,MatchingPursuit,4,0.0,0.0
840,839,MatchingPursuit,4,0.0,0.0
841,840,MatchingPursuit,4,0.0,0.0
842,841,MatchingPursuit,4,0.0,0.0
843,842,MatchingPursuit,4,0.0,0.0
844,456,MatchingPursuit,4,0.0,0.0
845,452,MatchingPursuit,4,0.0,0.0
846,845,MatchingPursuit,4,0.0,0.0
847,846,MatchingPursuit,4,0.0,0.0
848,847,MatchingPursuit,4,0.0,0.0
849,449,MatchingPursuit,4,0.0,0.0
850,849,MatchingPursuit,4,0.0,0.0
851,850,MatchingPursuit,4,0.0,0.0
852,851,MatchingPursuit,4,0.0,0.0
853,852,MatchingPursuit,4,0.0,0.0
854,853,MatchingPursuit,4,0.0,0.0
855,447,MatchingPursuit,4,0.0,0.0
856,855,MatchingPursuit,4,0.0,0.0
857,856,MatchingPursuit,4,0.0,0.0
858,857,MatchingPursuit,4,0.0,0.0
859,858,MatchingPursuit,4,0.0,0.0
860,859,MatchingPursuit,4,0.0,0.0
861,443,MatchingPursuit,4,0.0,0.0
862,861,MatchingPursuit,4,0.0,0.0
863,442,MatchingPursuit,4,0.0,0.0
864,437,MatchingPursuit,4,0.0,0.0
865,864,MatchingPursuit,4,0.0,0.0
866,865,MatchingPursuit,4,0.0,0.0
867,866,MatchingPursuit,4,0.0,0.0
868,867,MatchingPursuit,4,0.0,0.0
869,436,MatchingPursuit,4,0.0,0.0
870,869,MatchingPursuit,4,0.0,0.0
871,870,MatchingPursuit,4,0.0,0.0
872,871,MatchingPursuit,4,0.0,0.0
873,872,MatchingPursuit,4,0.0,0.0
874,873,MatchingPursuit,4,0.0,0.0
875,874,MatchingPursuit,4,0.0,0.0
876,875,MatchingPursuit,4,0.0,0.0
877,876,MatchingPursuit,4,0.0,0.0
878,877,MatchingPursuit,4,0.0,0.0
879,878,MatchingPursuit,4,0.0,0.0
880,879,MatchingPursuit,4,0.0,0.0
881,880,MatchingPursuit,4,0.0,0.0
882,881,MatchingPursuit,4,0.0,0.0
883,882,MatchingPursuit,4,0.0,0.0
884,883,MatchingPursuit,4,0.0,0.0
885,434,MatchingPursuit,4,0.0,0.0
886,430,MatchingPursuit,4,0.0,0.0
887,886,MatchingPursuit,4,0.0,0.0
888,887,MatchingPursuit,4,0.0,0.0
889,888,MatchingPursuit,4,0.0,0.0
890,428,MatchingPursuit,4,0.0,0.0
891,890,MatchingPursuit,4,0.0,0.0
892,891,MatchingPursuit,4,0.0,0.0
893,422,MatchingPursuit,4,0.0,0.0
894,893,MatchingPursuit,4,0.0,0.0
895,894,MatchingPursuit,4,0.0,0.0
896,895,MatchingPursuit,4,0.0,0.0
897,896,MatchingPursuit,4,0.0,0.0
898,421,MatchingPursuit,4,0.0,0.0
899,898,MatchingPursuit,4,0.0,0.0
900,899,MatchingPursuit,4,0.0,0.0
901,900,MatchingPursuit,4,0.0,0.0
902,901,MatchingPursuit,4,0.0,0.0
903,902,MatchingPursuit,4,0.0,0.0
904,903,MatchingPursuit,4,0.0,0.0
905,904,MatchingPursuit,4,0.0,0.0
906,905,MatchingPursuit,4,0.0,0.0
907,906,MatchingPursuit,4,0.0,0.0
908,907,MatchingPursuit,4,0.0,0.0
909,908,MatchingPursuit,4,0.0,0.0
910,909,MatchingPursuit,4,0.0,0.0
911,910,MatchingPursuit,4,0.0,0.0
912,911,MatchingPursuit,4,0.0,0.0
913,912,MatchingPursuit,4,0.0,0.0
914,913,MatchingPursuit,4,0.0,0.0
915,914,MatchingPursuit,4,0.0,0.0
916,915,MatchingPursuit,4,0.0,0.0
917,916,MatchingPursuit,4,0.0,0.0
918,917,MatchingPursuit,4,0.0,0.0
919,918,MatchingPursuit,4,0.0,0.0
920,919,MatchingPursuit,4,0.0,0.0
921,419,MatchingPursuit,4,0.0,0.0
922,921,MatchingPursuit,4,0.0,0.0
923,922,MatchingPursuit,4,0.0,0.0
924,923,MatchingPursuit,4,0.0,0.0
925,924,MatchingPursuit,4,0.0,0.0
926,925,MatchingPursuit,4,0.0,0.0
927,926,MatchingPursuit,4,0.0,0.0
928,415,MatchingPursuit,4,0.0,0.0
929,408,MatchingPursuit,4,0.0,0.0
930,929,MatchingPursuit,4,0.0,0.0
931,930,MatchingPursuit,4,0.0,0.0
932,931,MatchingPursuit,4,0.0,0.0
933,932,MatchingPursuit,4,0.0,0.0
934,933,MatchingPursuit,4,0.0,0.0
935,934,MatchingPursuit,4,0.0,0.0
936,935,MatchingPursuit,4,0.0,0.0
937,936,MatchingPursuit,4,0.0,0.0
938,937,MatchingPursuit,4,0.0,0.0
939,938,MatchingPursuit,4,0.0,0.0
940,939,MatchingPursuit,4,0.0,0.0
941,940,MatchingPursuit,4,0.0,0.0
942,941,MatchingPursuit,4,0.0,0.0
943,942,MatchingPursuit,4,0.0,0.0
944,943,MatchingPursuit,4,0.0,0.0
945,944,MatchingPursuit,4,0.0,0.0
946,945,MatchingPursuit,4,0.0,0.0
947,946,MatchingPursuit,4,0.0,0.0
948,947,MatchingPursuit,4,0.0,0.0
949,948,MatchingPursuit,4,0.0,0.0
950,949,MatchingPursuit,4,0.0,0.0
951,950,MatchingPursuit,4,0.0,0.0
952,951,MatchingPursuit,4,0.0,0.0
953,952,MatchingPursuit,4,0.0,0.0
954,953,MatchingPursuit,4,0.0,0.0
955,954,MatchingPursuit,4,0.0,0.0
956,955,MatchingPursuit,4,0.0,0.0
957,956,MatchingPursuit,4,0.0,0.0
958,616,MatchingPursuit,4,0.0,0.0
959,958,MatchingPursuit,4,0.0,0.0
960,959,MatchingPursuit,4,0.0,0.0
961,960,MatchingPursuit,4,0.0,0.0
962,961,MatchingPursuit,4,0.0,0.0
963,962,MatchingPursuit,4,0.0,0.0
964,963,MatchingPursuit,4,0.0,0.0
965,964,MatchingPursuit,4,0.0,0.0
966,965,MatchingPursuit,4,0.0,0.0
967,966,MatchingPursuit,4,0.0,0.0
968,403,MatchingPursuit,4,0.0,0.0
969,968,MatchingPursuit,4,0.0,0.0
970,969,MatchingPursuit,4,0.0,0.0
971,970,MatchingPursuit,4,0.0,0.0
972,402,MatchingPursuit,4,0.0,0.0
973,972,MatchingPursuit,4,0.0,0.0
974,973,MatchingPursuit,4,0.0,0.0
975,974,MatchingPursuit,4,0.0,0.0
976,975,MatchingPursuit,4,0.0,0.0
977,976,MatchingPursuit,4,0.0,0.0
978,977,MatchingPursuit,4,0.0,0.0
979,978,MatchingPursuit,4,0.0,0.0
980,979,MatchingPursuit,4,0.0,0.0
981,980,MatchingPursuit,4,0.0,0.0
982,981,MatchingPursuit,4,0.0,0.0
983,982,MatchingPursuit,4,0.0,0.0
984,983,MatchingPursuit,4,0.0,0.0
985,984,MatchingPursuit,4,0.0,0.0
986,985,MatchingPursuit,4,0.0,0.0
987,986,MatchingPursuit,4,0.0,0.0
988,397,MatchingPursuit,4,0.0,0.0
989,988,MatchingPursuit,4,0.0,0.0
990,989,MatchingPursuit,4,0.0,0.0
991,990,MatchingPursuit,4,0.0,0.0
992,991,MatchingPursuit,4,0.0,0.0
993,992,MatchingPursuit,4,0.0,0.0
994,993,MatchingPursuit,4,0.0,0.0
995,994,MatchingPursuit,4,0.0,0.0
996,995,MatchingPursuit,4,0.0,0.0
997,996,MatchingPursuit,4,0.0,0.0
998,396,MatchingPursuit,4,0.0,0.0
999,998,MatchingPursuit,4,0.0,0.0
1000,999,MatchingPursuit,4,0.0,0.0
1001,1000,MatchingPursuit,4,0.0,0.0
1002,1001,MatchingPursuit,4,0.0,0.0
1003,1002,MatchingPursuit,4,0.0,0.0
1004,1003,MatchingPursuit,4,0.0,0.0
1005,1004,MatchingPursuit,4,0.0,0.0
1006,1005,MatchingPursuit,4,0.0,0.0
1007,1006,MatchingPursuit,4,0.0,0.0
1008,1007,MatchingPursuit,4,0.0,0.0
1009,1008,MatchingPursuit,4,0.0,0.0
1010,1009,MatchingPursuit,4,0.0,0.0
1011,1010,MatchingPursuit,4,0.0,0.0
1012,1011,MatchingPursuit,4,0.0,0.0
1013,1012,MatchingPursuit,4,0.0,0.0
1014,1013,MatchingPursuit,4,0.0,0.0
1015,1014,MatchingPursuit,4,0.0,0.0
1016,1015,MatchingPursuit,4,0.0,0.0
1017,1016,MatchingPursuit,4,0.0,0.0
1018,394,MatchingPursuit,4,0.0,0.0
1019,1018,MatchingPursuit,4,0.0,0.0
1020,1019,MatchingPursuit,4,0.0,0.0
1021,1020,MatchingPursuit,4,0.0,0.0
1022,1021,MatchingPursuit,4,0.0,0.0
1023,1022,MatchingPursuit,4,0.0,0.0
1024,393,MatchingPursuit,4,0.0,0.0
1025,1024,MatchingPursuit,4,0.0,0.0
1026,1025,MatchingPursuit,4,0.0,0.0
1027,1026,MatchingPursuit,4,0.0,0.0
1028,1027,MatchingPursuit,4,0.0,0.0
1029,1028,MatchingPursuit,4,0.0,0.0
1030,1029,MatchingPursuit,4,0.0,0.0
1031,366,MatchingPursuit,4,0.0,0.0
1032,1031,MatchingPursuit,4,0.0,0.0
1033,1032,MatchingPursuit,4,0.0,0.0
1034,363,MatchingPursuit,4,0.0,0.0
1035,1034,MatchingPursuit,4,0.0,0.0
1036,1035,MatchingPursuit,4,0.0,0.0
1037,1036,MatchingPursuit,4,0.0,0.0
1038,1037,MatchingPursuit,4,0.0,0.0
1039,1038,MatchingPursuit,4,0.0,0.0
1040,1039,MatchingPursuit,4,0.0,0.0
1041,1040,MatchingPursuit,4,0.0,0.0
1042,362,MatchingPursuit,4,0.0,0.0
1043,1042,MatchingPursuit,4,0.0,0.0
1044,1043,MatchingPursuit,4,0.0,0.0
1045,1044,MatchingPursuit,4,0.0,0.0
1046,1045,MatchingPursuit,4,0.0,0.0
1047,1046,MatchingPursuit,4,0.0,0.0
1048,1047,MatchingPursuit,4,0.0,0.0
1049,1048,MatchingPursuit,4,0.0,0.0
1050,1049,MatchingPursuit,4,0.0,0.0
1051,1050,MatchingPursuit,4,0.0,0.0
1052,1051,MatchingPursuit,4,0.0,0.0
1053,1052,MatchingPursuit,4,0.0,0.0
1054,1053,MatchingPursuit,4,0.0,0.0
1055,1054,MatchingPursuit,4,0.0,0.0
1056,1055,MatchingPursuit,4,0.0,0.0
1057,1056,MatchingPursuit,4,0.0,0.0
1058,1057,MatchingPursuit,4,0.0,0.0
1059,1058,MatchingPursuit,4,0.0,0.0
1060,1059,MatchingPursuit,4,0.0,0.0
1061,1060,MatchingPursuit,4,0.0,0.0
1062,1061,MatchingPursuit,4,0.0,0.0
1063,1062,MatchingPursuit,4,0.0,0.0
1064,1063,MatchingPursuit,4,0.0,0.0
1065,1064,MatchingPursuit,4,0.0,0.0
1066,1065,MatchingPursuit,4,0.0,0.0
1067,1066,MatchingPursuit,4,0.0,0.0
1068,1067,MatchingPursuit,4,0.0,0.0
1069,1068,MatchingPursuit,4,0.0,0.0
1070,1069,MatchingPursuit,4,0.0,0.0
1071,1070,MatchingPursuit,4,0.0,0.0
1072,1071,MatchingPursuit,4,0.0,0.0
1073,1072,MatchingPursuit,4,0.0,0.0
1074,1073,MatchingPursuit,4,0.0,0.0
1075,1074,MatchingPursuit,4,0.0,0.0
1076,1075,MatchingPursuit,4,0.0,0.0
1077,1076,MatchingPursuit,4,0.0,0.0
1078,1077,MatchingPursuit,4,0.0,0.0
1079,1078,MatchingPursuit,4,0.0,0.0
1080,1079,MatchingPursuit,4,0.0,0.0
1081,1080,MatchingPursuit,4,0.0,0.0
1082,1081,MatchingPursuit,4,0.0,0.0
1083,1082,MatchingPursuit,4,0.0,0.0
1084,1083,MatchingPursuit,4,0.0,0.0
1085,1084,MatchingPursuit,4,0.0,0.0
1086,1085,MatchingPursuit,4,0.0,0.0
1087,1086,MatchingPursuit,4,0.0,0.0
1088,1087,MatchingPursuit,4,0.0,0.0
1089,1088,MatchingPursuit,4,0.0,0.0
1090,1089,MatchingPursuit,4,0.0,0.0
1091,1090,MatchingPursuit,4,0.0,0.0
1092,1091,MatchingPursuit,4,0.0,0.0
1093,1092,MatchingPursuit,4,0.0,0.0
1094,1093,MatchingPursuit,4,0.0,0.0
1095,1094,MatchingPursuit,4,0.0,0.0
1096,1095,MatchingPursuit,4,0.0,0.0
1097,1096,MatchingPursuit,4,0.0,0.0
1098,1097,MatchingPursuit,4,0.0,0.0
1099,1098,MatchingPursuit,4,0.0,0.0
1100,1099,MatchingPursuit,4,0.0,0.0
1101,1100,MatchingPursuit,4,0.0,0.0
1102,1101,MatchingPursuit,4,0.0,0.0
1103,1102,MatchingPursuit,4,0.0,0.0
1104,1103,MatchingPursuit,4,0.0,0.0
1105,1104,MatchingPursuit,4,0.0,0.0
1106,1105,MatchingPursuit,4,0.0,0.0
1107,1106,MatchingPursuit,4,0.0,0.0
1108,1107,MatchingPursuit,4,0.0,0.0
1109,1108,MatchingPursuit,4,0.0,0.0
1110,1109,MatchingPursuit,4,0.0,0.0
1111,1110,MatchingPursuit,4,0.0,0.0
1112,1111,MatchingPursuit,4,0.0,0.0
1113,1112,MatchingPursuit,4,0.0,0.0
1114,1113,MatchingPursuit,4,0.0,0.0
1115,1114,MatchingPursuit,4,0.0,0.0
1116,1115,MatchingPursuit,4,0.0,0.0
1117,1116,MatchingPursuit,4,0.0,0.0
1118,1117,MatchingPursuit,4,0.0,0.0
1119,1118,MatchingPursuit,4,0.0,0.0
1120,1119,MatchingPursuit,4,0.0,0.0
1121,1120,MatchingPursuit,4,0.0,0.0
1122,1121,MatchingPursuit,4,0.0,0.0
1123,1122,MatchingPursuit,4,0.0,0.0
1124,1123,MatchingPursuit,4,0.0,0.0
1125,1124,MatchingPursuit,4,0.0,0.0
1126,1125,MatchingPursuit,4,0.0,0.0
1127,1126,MatchingPursuit,4,0.0,0.0
1128,1127,MatchingPursuit,4,0.0,0.0
1129,1128,MatchingPursuit,4,0.0,0.0
1130,1129,MatchingPursuit,4,0.0,0.0
1131,1130,MatchingPursuit,4,0.0,0.0
1132,334,MatchingPursuit,4,0.0,0.0
1133,1132,MatchingPursuit,4,0.0,0.0
1134,1133,MatchingPursuit,4,0.0,0.0
1135,1134,MatchingPursuit,4,0.0,0.0
1136,1135,MatchingPursuit,4,0.0,0.0
1137,1136,MatchingPursuit,4,0.0,0.0
1138,1137,MatchingPursuit,4,0.0,0.0
1139,1138,MatchingPursuit,4,0.0,0.0
1140,1139,MatchingPursuit,4,0.0,0.0
1141,1140,MatchingPursuit,4,0.0,0.0
1142,1141,MatchingPursuit,4,0.0,0.0
1143,1142,MatchingPursuit,4,0.0,0.0
1144,1143,MatchingPursuit,4,0.0,0.0
1145,1144,MatchingPursuit,4,0.0,0.0
1146,1145,MatchingPursuit,4,0.0,0.0
1147,1146,MatchingPursuit,4,0.0,0.0
1148,331,MatchingPursuit,4,0.0,0.0
1149,1148,MatchingPursuit,4,0.0,0.0
1150,1149,MatchingPursuit,4,0.0,0.0
1151,1150,MatchingPursuit,4,0.0,0.0
1152,1151,MatchingPursuit,4,0.0,0.0
1153,1152,MatchingPursuit,4,0.0,0.0
1154,1153,MatchingPursuit,4,0.0,0.0
1155,1154,MatchingPursuit,4,0.0,0.0
1156,1155,MatchingPursuit,4,0.0,0.0
1157,1156,MatchingPursuit,4,0.0,0.0
1158,1157,MatchingPursuit,4,0.0,0.0
1159,1158,MatchingPursuit,4,0.0,0.0
1160,1159,MatchingPursuit,4,0.0,0.0
1161,1160,MatchingPursuit,4,0.0,0.0
1162,1161,MatchingPursuit,4,0.0,0.0
1163,1162,MatchingPursuit,4,0.0,0.0
1164,1163,MatchingPursuit,4,0.0,0.0
1165,1164,MatchingPursuit,4,0.0,0.0
1166,1165,MatchingPursuit,4,0.0,0.0
1167,1166,MatchingPursuit,4,0.0,0.0
1168,1167,MatchingPursuit,4,0.0,0.0
1169,1168,MatchingPursuit,4,0.0,0.0
1170,1169,MatchingPursuit,4,0.0,0.0
1171,1170,MatchingPursuit,4,0.0,0.0
1172,1171,MatchingPursuit,4,0.0,0.0
1173,1172,MatchingPursuit,4,0.0,0.0
1174,1173,MatchingPursuit,4,0.0,0.0
1175,1174,MatchingPursuit,4,0.0,0.0
1176,1175,MatchingPursuit,4,0.0,0.0
1177,1176,MatchingPursuit,4,0.0,0.0
1178,1177,MatchingPursuit,4,0.0,0.0
1179,1178,MatchingPursuit,4,0.0,0.0
1180,1179,MatchingPursuit,4,0.0,0.0
1181,1180,MatchingPursuit,4,0.0,0.0
1182,1181,MatchingPursuit,4,0.0,0.0
1183,1182,MatchingPursuit,4,0.0,0.0
1184,1183,MatchingPursuit,4,0.0,0.0
1185,1184,MatchingPursuit,4,0.0,0.0
1186,1185,MatchingPursuit,4,0.0,0.0
1187,1186,MatchingPursuit,4,0.0,0.0
1188,1187,MatchingPursuit,4,0.0,0.0
1189,1188,MatchingPursuit,4,0.0,0.0
1190,1189,MatchingPursuit,4,0.0,0.0
1191,1190,MatchingPursuit,4,0.0,0.0
1192,1191,MatchingPursuit,4,0.0,0.0
1193,1192,MatchingPursuit,4,0.0,0.0
1194,1193,MatchingPursuit,4,0.0,0.0
1195,1194,MatchingPursuit,4,0.0,0.0
1196,1195,MatchingPursuit,4,0.0,0.0
1197,1196,MatchingPursuit,4,0.0,0.0
1198,1197,MatchingPursuit,4,0.0,0.0
1199,1198,MatchingPursuit,4,0.0,0.0
1200,1199,MatchingPursuit,4,0.0,0.0
1201,1200,MatchingPursuit,4,0.0,0.0
1202,1201,MatchingPursuit,4,0.0,0.0
1203,1202,MatchingPursuit,4,0.0,0.0
1204,1203,MatchingPursuit,4,0.0,0.0
1205,1204,MatchingPursuit,4,0.0,0.0
1206,1205,MatchingPursuit,4,0.0,0.0
1207,1206,MatchingPursuit,4,0.0,0.0
1208,1207,MatchingPursuit,4,0.0,0.0
1209,1208,MatchingPursuit,4,0.0,0.0
1210,1209,MatchingPursuit,4,0.0,0.0
1211,1210,MatchingPursuit,4,0.0,0.0
1212,1211,MatchingPursuit,4,0.0,0.0
1213,1212,MatchingPursuit,4,0.0,0.0
1214,1213,MatchingPursuit,4,0.0,0.0
1215,1214,MatchingPursuit,4,0.0,0.0
1216,1215,MatchingPursuit,4,0.0,0.0
1217,1216,MatchingPursuit,4,0.0,0.0
1218,1217,MatchingPursuit,4,0.0,0.0
1219,1218,MatchingPursuit,4,0.0,0.0
1220,1219,MatchingPursuit,4,0.0,0.0
1221,1220,MatchingPursuit,4,0.0,0.0
1222,1221,MatchingPursuit,4,0.0,0.0
1223,1222,MatchingPursuit,4,0.0,0.0
1224,1223,MatchingPursuit,4,0.0,0.0
1225,1224,MatchingPursuit,4,0.0,0.0
1226,1225,MatchingPursuit,4,0.0,0.0
1227,1226,MatchingPursuit,4,0.0,0.0
1228,1227,MatchingPursuit,4,0.0,0.0
1229,1228,MatchingPursuit,4,0.0,0.0
1230,1229,MatchingPursuit,4,0.0,0.0
1231,1230,MatchingPursuit,4,0.0,0.0
1232,1231,MatchingPursuit,4,0.0,0.0
1233,1232,MatchingPursuit,4,0.0,0.0
1234,1233,MatchingPursuit,4,0.0,0.0
1235,1234,MatchingPursuit,4,0.0,0.0
1236,1235,MatchingPursuit,4,0.0,0.0
1237,1236,MatchingPursuit,4,0.0,0.0
1238,1237,MatchingPursuit,4,0.0,0.0
1239,1238,MatchingPursuit,4,0.0,0.0
1240,310,MatchingPursuit,4,0.0,0.0
1241,1240,MatchingPursuit,4,0.0,0.0
1242,1241,MatchingPursuit,4,0.0,0.0
1243,1242,MatchingPursuit,4,0.0,0.0
1244,1243,MatchingPursuit,4,0.0,0.0
1245,1244,MatchingPursuit,4,0.0,0.0
1246,1245,MatchingPursuit,4,0.0,0.0
1247,1246,MatchingPursuit,4,0.0,0.0
1248,1247,MatchingPursuit,4,0.0,0.0
1249,1248,MatchingPursuit,4,0.0,0.0
1250,1249,MatchingPursuit,4,0.0,0.0
1251,1250,MatchingPursuit,4,0.0,0.0
1252,1251,MatchingPursuit,4,0.0,0.0
1253,1252,MatchingPursuit,4,0.0,0.0
1254,1253,MatchingPursuit,4,0.0,0.0
1255,1254,MatchingPursuit,4,0.0,0.0
1256,1255,MatchingPursuit,4,0.0,0.0
1257,1256,MatchingPursuit,4,0.0,0.0
1258,1257,MatchingPursuit,4,0.0,0.0
1259,1258,MatchingPursuit,4,0.0,0.0
1260,1259,MatchingPursuit,4,0.0,0.0
1261,293,MatchingPursuit,4,0.0,0.0
1262,1261,MatchingPursuit,4,0.0,0.0
1263,1262,MatchingPursuit,4,0.0,0.0
1264,1263,MatchingPursuit,4,0.0,0.0
1265,1264,MatchingPursuit,4,0.0,0.0
1266,1265,MatchingPursuit,4,0.0,0.0
1267,1266,MatchingPursuit,4,0.0,0.0
1268,1267,MatchingPursuit,4,0.0,0.0
1269,1268,MatchingPursuit,4,0.0,0.0
1270,1269,MatchingPursuit,4,0.0,0.0
1271,1270,MatchingPursuit,4,0.0,0.0
1272,1271,MatchingPursuit,4,0.0,0.0
1273,1272,MatchingPursuit,4,0.0,0.0
1274,1273,MatchingPursuit,4,0.0,0.0
1275,1274,MatchingPursuit,4,0.0,0.0
1276,1275,MatchingPursuit,4,0.0,0.0
1277,1276,MatchingPursuit,4,0.0,0.0
1278,1277,MatchingPursuit,4,0.0,0.0
1279,1278,MatchingPursuit,4,0.0,0.0
1280,1279,MatchingPursuit,4,0.0,0.0
1281,1280,MatchingPursuit,4,0.0,0.0
1282,1281,MatchingPursuit,4,0.0,0.0
1283,1282,MatchingPursuit,4,0.0,0.0
1284,1283,MatchingPursuit,4,0.0,0.0
1285,1284,MatchingPursuit,4,0.0,0.0
1286,1285,MatchingPursuit,4,0.0,0.0
1287,1286,MatchingPursuit,4,0.0,0.0
1288,1287,MatchingPursuit,4,0.0,0.0
1289,1288,MatchingPursuit,4,0.0,0.0
1290,1289,MatchingPursuit,4,0.0,0.0
1291,1290,MatchingPursuit,4,0.0,0.0
1292,1291,MatchingPursuit,4,0.0,0.0
1293,1292,MatchingPursuit,4,0.0,0.0
1294,1293,MatchingPursuit,4,0.0,0.0
1295,1294,MatchingPursuit,4,0.0,0.0
1296,957,MatchingPursuit,4,0.0,0.0
1,67,MatchingPursuit,8,0.912986,0.914559
2,60,MatchingPursuit,8,0.910059,0.910743
3,44,MatchingPursuit,8,0.908452,0.909718
4,53,MatchingPursuit,8,0.907581,0.90916
5,25,MatchingPursuit,8,0.907242,0.908201
6,13,MatchingPursuit,8,0.90707,0.906236
7,118,MatchingPursuit,8,0.905882,0.906856
8,45,MatchingPursuit,8,0.905633,0.90735
9,58,MatchingPursuit,8,0.905537,0.905484
10,153,MatchingPursuit,8,0.904061,0.904935
11,40,MatchingPursuit,8,0.903725,0.904171
12,12,MatchingPursuit,8,0.900597,0.899155
13,78,MatchingPursuit,8,0.900252,0.901384
14,21,MatchingPursuit,8,0.900211,0.901169
15,8,MatchingPursuit,8,0.899865,0.896213
16,20,MatchingPursuit,8,0.899853,0.900635
17,189,MatchingPursuit,8,0.898659,0.899765
18,227,MatchingPursuit,8,0.898029,0.899416
19,18,MatchingPursuit,8,0.897916,0.898039
20,102,MatchingPursuit,8,0.897867,0.898838
21,95,MatchingPursuit,8,0.89759,0.899744
22,273,MatchingPursuit,8,0.897361,0.898346
23,6,MatchingPursuit,8,0.897175,0.891525
24,22,MatchingPursuit,8,0.896359,0.897563
25,51,MatchingPursuit,8,0.896316,0.896815
26,123,MatchingPursuit,8,0.896185,0.896615
27,126,MatchingPursuit,8,0.896169,0.896244
28,200,MatchingPursuit,8,0.895238,0.896543
29,80,MatchingPursuit,8,0.894756,0.894606
30,232,MatchingPursuit,8,0.893784,0.893112
31,135,MatchingPursuit,8,0.893686,0.893564
32,84,MatchingPursuit,8,0.893204,0.893075
33,159,MatchingPursuit,8,0.893154,0.892567
34,73,MatchingPursuit,8,0.893112,0.893032
35,16,MatchingPursuit,8,0.893107,0.891028
36,239,MatchingPursuit,8,0.892982,0.894384
37,172,MatchingPursuit,8,0.89281,0.893106
38,15,MatchingPursuit,8,0.892062,0.890383
39,104,MatchingPursuit,8,0.891698,0.893566
40,165,MatchingPursuit,8,0.891684,0.892286
41,89,MatchingPursuit,8,0.891585,0.89229
42,83,MatchingPursuit,8,0.891557,0.895234
43,216,MatchingPursuit,8,0.89098,0.891606
44,365,MatchingPursuit,8,0.890909,0.890464
45,50,MatchingPursuit,8,0.890891,0.891333
46,128,MatchingPursuit,8,0.8896,0.890451
47,46,MatchingPursuit,8,0.888724,0.890045
48,35,MatchingPursuit,8,0.888715,0.888066
49,11,MatchingPursuit,8,0.888712,0.884381
50,31,MatchingPursuit,8,0.888423,0.887017
51,71,MatchingPursuit,8,0.887992,0.888799
52,76,MatchingPursuit,8,0.887275,0.887282
53,55,MatchingPursuit,8,0.886593,0.886764
54,14,MatchingPursuit,8,0.886364,0.883515
55,109,MatchingPursuit,8,0.886329,0.887994
56,279,MatchingPursuit,8,0.886171,0.886596
57,19,MatchingPursuit,8,0.885195,0.882241
58,23,MatchingPursuit,8,0.885044,0.88321
59,26,MatchingPursuit,8,0.884959,0.884026
60,210,MatchingPursuit,8,0.884793,0.884217
61,75,MatchingPursuit,8,0.884641,0.884441
62,69,MatchingPursuit,8,0.884211,0.883567
63,152,MatchingPursuit,8,0.88404,0.885148
64,138,MatchingPursuit,8,0.883534,0.884545
65,240,MatchingPursuit,8,0.883224,0.882511
66,177,MatchingPursuit,8,0.882789,0.883274
67,559,MatchingPursuit,8,0.882448,0.882175
68,246,MatchingPursuit,8,0.882253,0.882732
69,85,MatchingPursuit,8,0.881538,0.881922
70,289,MatchingPursuit,8,0.881356,0.881525
71,39,MatchingPursuit,8,0.881313,0.880373
72,77,MatchingPursuit,8,0.881209,0.881622
73,36,MatchingPursuit,8,0.881171,0.880288
74,427,MatchingPursuit,8,0.880484,0.880454
75,108,MatchingPursuit,8,0.879684,0.880791
76,285,MatchingPursuit,8,0.879676,0.879319
77,29,MatchingPursuit,8,0.879177,0.876897
78,144,MatchingPursuit,8,0.8787,0.878789
79,213,MatchingPursuit,8,0.878689,0.879096
80,248,MatchingPursuit,8,0.878378,0.878448
81,100,MatchingPursuit,8,0.878171,0.876875
82,174,MatchingPursuit,8,0.878082,0.878098
83,268,MatchingPursuit,8,0.878,0.878589
84,41,MatchingPursuit,8,0.877568,0.875453
85,42,MatchingPursuit,8,0.877528,0.875803
86,32,MatchingPursuit,8,0.877288,0.876131
87,88,MatchingPursuit,8,0.87722,0.875978
88,290,MatchingPursuit,8,0.877157,0.877395
89,261,MatchingPursuit,8,0.877095,0.880621
90,28,MatchingPursuit,8,0.876988,0.874699
91,266,MatchingPursuit,8,0.876977,0.877274
92,196,MatchingPursuit,8,0.876457,0.876863
93,139,MatchingPursuit,8,0.876235,0.876151
94,33,MatchingPursuit,8,0.875498,0.874236
95,137,MatchingPursuit,8,0.875406,0.87475
96,187,MatchingPursuit,8,0.875283,0.880292
97,163,MatchingPursuit,8,0.875,0.875187
98,120,MatchingPursuit,8,0.874869,0.87511
99,214,MatchingPursuit,8,0.874242,0.873457
100,353,MatchingPursuit,8,0.873932,0.873734
101,329,MatchingPursuit,8,0.873743,0.873242
102,543,MatchingPursuit,8,0.873377,0.873361
103,136,MatchingPursuit,8,0.873362,0.872245
104,57,MatchingPursuit,8,0.873085,0.871467
105,164,MatchingPursuit,8,0.873016,0.872288
106,171,MatchingPursuit,8,0.873016,0.873842
107,178,MatchingPursuit,8,0.872651,0.872245
108,149,MatchingPursuit,8,0.871981,0.871848
109,48,MatchingPursuit,8,0.871682,0.869747
110,158,MatchingPursuit,8,0.871026,0.870939
111,111,MatchingPursuit,8,0.870761,0.869935
112,278,MatchingPursuit,8,0.870301,0.869831
113,162,MatchingPursuit,8,0.870083,0.869443
114,222,MatchingPursuit,8,0.869992,0.869553
115,43,MatchingPursuit,8,0.86989,0.867593
116,94,MatchingPursuit,8,0.869888,0.868794
117,114,MatchingPursuit,8,0.8691,0.868692
118,148,MatchingPursuit,8,0.868996,0.86792
119,38,MatchingPursuit,8,0.868915,0.86647
120,86,MatchingPursuit,8,0.868852,0.867373
121,169,MatchingPursuit,8,0.868784,0.868691
122,205,MatchingPursuit,8,0.868672,0.868029
123,112,MatchingPursuit,8,0.868496,0.868526
124,401,MatchingPursuit,8,0.868106,0.867553
125,281,MatchingPursuit,8,0.86742,0.867477
126,146,MatchingPursuit,8,0.867288,0.866377
127,182,MatchingPursuit,8,0.866856,0.866418
128,92,MatchingPursuit,8,0.866832,0.865337
129,236,MatchingPursuit,8,0.866774,0.865979
130,154,MatchingPursuit,8,0.866337,0.865518
131,131,MatchingPursuit,8,0.86599,0.865387
132,186,MatchingPursuit,8,0.865937,0.865643
133,56,MatchingPursuit,8,0.865532,0.863337
134,249,MatchingPursuit,8,0.865169,0.866224
135,252,MatchingPursuit,8,0.865116,0.866092
136,307,MatchingPursuit,8,0.865108,0.864405
137,141,MatchingPursuit,8,0.864955,0.864297
138,191,MatchingPursuit,8,0.864598,0.863779
139,167,MatchingPursuit,8,0.864097,0.86309
140,106,MatchingPursuit,8,0.863781,0.862707
141,256,MatchingPursuit,8,0.863763,0.863484
142,107,MatchingPursuit,8,0.863519,0.862433
143,415,MatchingPursuit,8,0.863469,0.862944
144,257,MatchingPursuit,8,0.863026,0.862512
145,79,MatchingPursuit,8,0.862948,0.861568
146,201,MatchingPursuit,8,0.862745,0.861766
147,66,MatchingPursuit,8,0.861441,0.859975
148,440,MatchingPursuit,8,0.86069,0.861083
149,446,MatchingPursuit,8,0.860558,0.860068
150,381,MatchingPursuit,8,0.860492,0.860627
151,134,MatchingPursuit,8,0.860429,0.859757
152,225,MatchingPursuit,8,0.860345,0.859542
153,220,MatchingPursuit,8,0.860215,0.859563
154,471,MatchingPursuit,8,0.86,0.859565
155,121,MatchingPursuit,8,0.859786,0.858871
156,308,MatchingPursuit,8,0.859454,0.859503
157,181,MatchingPursuit,8,0.859396,0.859467
158,185,MatchingPursuit,8,0.859353,0.858844
159,156,MatchingPursuit,8,0.859335,0.859372
160,47,MatchingPursuit,8,0.859273,0.856231
161,90,MatchingPursuit,8,0.859259,0.857715
162,194,MatchingPursuit,8,0.859216,0.858395
163,176,MatchingPursuit,8,0.858764,0.857653
164,99,MatchingPursuit,8,0.858647,0.857428
165,125,MatchingPursuit,8,0.858586,0.857452
166,300,MatchingPursuit,8,0.858292,0.858061
167,145,MatchingPursuit,8,0.857488,0.857035
168,241,MatchingPursuit,8,0.857374,0.856603
169,161,MatchingPursuit,8,0.857308,0.856139
170,217,MatchingPursuit,8,0.857143,0.856364
171,275,MatchingPursuit,8,0.857143,0.857162
172,82,MatchingPursuit,8,0.856336,0.854288
173,362,MatchingPursuit,8,0.856202,0.855549
174,101,MatchingPursuit,8,0.855924,0.855151
175,245,MatchingPursuit,8,0.855472,0.854893
176,63,MatchingPursuit,8,0.854786,0.852379
177,130,MatchingPursuit,8,0.854574,0.853221
178,380,MatchingPursuit,8,0.854545,0.853938
179,304,MatchingPursuit,8,0.854369,0.853703
180,317,MatchingPursuit,8,0.85389,0.853122
181,129,MatchingPursuit,8,0.853671,0.852221
182,444,MatchingPursuit,8,0.853621,0.853317
183,183,MatchingPursuit,8,0.853495,0.852529
184,59,MatchingPursuit,8,0.853254,0.851005
185,348,MatchingPursuit,8,0.853221,0.852581
186,117,MatchingPursuit,8,0.853066,0.852403
187,280,MatchingPursuit,8,0.852863,0.852201
188,338,MatchingPursuit,8,0.852747,0.852076
189,238,MatchingPursuit,8,0.852459,0.85167
190,105,MatchingPursuit,8,0.852385,0.851919
191,197,MatchingPursuit,8,0.851933,0.850939
192,250,MatchingPursuit,8,0.851819,0.851056
193,116,MatchingPursuit,8,0.851365,0.851595
194,367,MatchingPursuit,8,0.851305,0.850807
195,103,MatchingPursuit,8,0.850394,0.848964
196,219,MatchingPursuit,8,0.850356,0.849503
197,334,MatchingPursuit,8,0.850314,0.849799
198,391,MatchingPursuit,8,0.850267,0.849901
199,180,MatchingPursuit,8,0.849624,0.848448
200,140,MatchingPursuit,8,0.848818,0.847468
201,166,MatchingPursuit,8,0.848806,0.847904
202,49,MatchingPursuit,8,0.848629,0.845577
203,204,MatchingPursuit,8,0.848527,0.84747
204,198,MatchingPursuit,8,0.848233,0.847221
205,27,MatchingPursuit,8,0.848171,0.843405
206,188,MatchingPursuit,8,0.847812,0.846679
207,322,MatchingPursuit,8,0.847328,0.846875
208,218,MatchingPursuit,8,0.846491,0.845449
209,155,MatchingPursuit,8,0.845921,0.845147
210,173,MatchingPursuit,8,0.845902,0.846186
211,215,MatchingPursuit,8,0.845617,0.844622
212,203,MatchingPursuit,8,0.845316,0.844246
213,405,MatchingPursuit,8,0.84456,0.844029
214,212,MatchingPursuit,8,0.84428,0.843925
215,150,MatchingPursuit,8,0.843866,0.843042
216,93,MatchingPursuit,8,0.842988,0.841623
217,359,MatchingPursuit,8,0.842227,0.841627
218,234,MatchingPursuit,8,0.842105,0.841124
219,61,MatchingPursuit,8,0.841842,0.838951
220,72,MatchingPursuit,8,0.841658,0.839209
221,168,MatchingPursuit,8,0.841635,0.84043
222,199,MatchingPursuit,8,0.841317,0.840633
223,363,MatchingPursuit,8,0.839806,0.839565
224,370,MatchingPursuit,8,0.83959,0.83948
225,228,MatchingPursuit,8,0.83945,0.839834
226,389,MatchingPursuit,8,0.839142,0.838543
227,10,MatchingPursuit,8,0.837831,0.835532
228,269,MatchingPursuit,8,0.837764,0.837002
229,37,MatchingPursuit,8,0.837597,0.833766
230,151,MatchingPursuit,8,0.836888,0.835472
231,450,MatchingPursuit,8,0.836788,0.837179
232,115,MatchingPursuit,8,0.836565,0.834789
233,68,MatchingPursuit,8,0.836275,0.833548
234,74,MatchingPursuit,8,0.835989,0.833497
235,385,MatchingPursuit,8,0.835928,0.83658
236,343,MatchingPursuit,8,0.8357,0.834971
237,34,MatchingPursuit,8,0.835621,0.831044
238,254,MatchingPursuit,8,0.835203,0.834295
239,392,MatchingPursuit,8,0.835192,0.834556
240,333,MatchingPursuit,8,0.835141,0.834385
241,310,MatchingPursuit,8,0.834986,0.834083
242,192,MatchingPursuit,8,0.833943,0.833486
243,301,MatchingPursuit,8,0.832103,0.831362
244,265,MatchingPursuit,8,0.832028,0.831594
245,193,MatchingPursuit,8,0.831858,0.830658
246,91,MatchingPursuit,8,0.831831,0.829791
247,340,MatchingPursuit,8,0.831707,0.831037
248,211,MatchingPursuit,8,0.831697,0.830855
249,52,MatchingPursuit,8,0.831633,0.828397
250,97,MatchingPursuit,8,0.831376,0.829753
251,81,MatchingPursuit,8,0.831273,0.828948
252,113,MatchingPursuit,8,0.831268,0.829578
253,62,MatchingPursuit,8,0.830513,0.827402
254,147,MatchingPursuit,8,0.830321,0.829707
255,175,MatchingPursuit,8,0.830166,0.829216
256,224,MatchingPursuit,8,0.829596,0.82845
257,119,MatchingPursuit,8,0.829561,0.827772
258,143,MatchingPursuit,8,0.829522,0.828714
259,230,MatchingPursuit,8,0.829426,0.828371
260,282,MatchingPursuit,8,0.828571,0.827764
261,292,MatchingPursuit,8,0.828436,0.827635
262,122,MatchingPursuit,8,0.82808,0.826484
263,142,MatchingPursuit,8,0.827626,0.826122
264,54,MatchingPursuit,8,0.827516,0.824102
265,434,MatchingPursuit,8,0.826949,0.826554
266,65,MatchingPursuit,8,0.826809,0.823869
267,208,MatchingPursuit,8,0.826761,0.825663
268,306,MatchingPursuit,8,0.82586,0.825025
269,124,MatchingPursuit,8,0.825851,0.824357
270,223,MatchingPursuit,8,0.824875,0.824289
271,233,MatchingPursuit,8,0.824621,0.823693
272,229,MatchingPursuit,8,0.824143,0.823737
273,160,MatchingPursuit,8,0.822236,0.821058
274,267,MatchingPursuit,8,0.822042,0.821092
275,309,MatchingPursuit,8,0.82197,0.821277
276,383,MatchingPursuit,8,0.821566,0.821115
277,30,MatchingPursuit,8,0.821079,0.815154
278,221,MatchingPursuit,8,0.819095,0.818125
279,466,MatchingPursuit,8,0.819048,0.819545
280,423,MatchingPursuit,8,0.818312,0.817716
281,373,MatchingPursuit,8,0.817178,0.816609
282,243,MatchingPursuit,8,0.816924,0.815992
283,235,MatchingPursuit,8,0.81672,0.81566
284,209,MatchingPursuit,8,0.8166,0.817161
285,326,MatchingPursuit,8,0.816199,0.815346
286,346,MatchingPursuit,8,0.816033,0.815553
287,499,MatchingPursuit,8,0.815857,0.816689
288,70,MatchingPursuit,8,0.81538,0.812503
289,127,MatchingPursuit,8,0.814928,0.813635
290,428,MatchingPursuit,8,0.81471,0.814192
291,98,MatchingPursuit,8,0.814268,0.812052
292,400,MatchingPursuit,8,0.813642,0.814463
293,179,MatchingPursuit,8,0.812895,0.811851
294,262,MatchingPursuit,8,0.812447,0.811454
295,302,MatchingPursuit,8,0.811989,0.812862
296,157,MatchingPursuit,8,0.811594,0.809972
297,445,MatchingPursuit,8,0.811297,0.812318
298,274,MatchingPursuit,8,0.811189,0.810255
299,595,MatchingPursuit,8,0.811075,0.813214
300,202,MatchingPursuit,8,0.810655,0.809336
301,96,MatchingPursuit,8,0.810317,0.807918
302,258,MatchingPursuit,8,0.810087,0.809592
303,110,MatchingPursuit,8,0.809748,0.807971
304,325,MatchingPursuit,8,0.809576,0.810387
305,303,MatchingPursuit,8,0.809176,0.80908
306,491,MatchingPursuit,8,0.808926,0.811206
307,331,MatchingPursuit,8,0.808234,0.807345
308,64,MatchingPursuit,8,0.807762,0.80452
309,283,MatchingPursuit,8,0.806988,0.80637
310,696,MatchingPursuit,8,0.806723,0.806269
311,316,MatchingPursuit,8,0.805825,0.806709
312,327,MatchingPursuit,8,0.805797,0.806115
313,263,MatchingPursuit,8,0.805063,0.804146
314,253,MatchingPursuit,8,0.804702,0.803649
315,443,MatchingPursuit,8,0.802097,0.803449
316,305,MatchingPursuit,8,0.800817,0.799909
317,488,MatchingPursuit,8,0.800623,0.800985
318,393,MatchingPursuit,8,0.800431,0.802307
319,284,MatchingPursuit,8,0.80035,0.799354
320,244,MatchingPursuit,8,0.799401,0.799233
321,394,MatchingPursuit,8,0.799071,0.798207
322,369,MatchingPursuit,8,0.798749,0.800969
323,195,MatchingPursuit,8,0.798393,0.798323
324,315,MatchingPursuit,8,0.796663,0.795694
325,259,MatchingPursuit,8,0.79597,0.795548
326,473,MatchingPursuit,8,0.79567,0.79654
327,184,MatchingPursuit,8,0.795285,0.794887
328,437,MatchingPursuit,8,0.795276,0.794716
329,396,MatchingPursuit,8,0.79198,0.79179
330,430,MatchingPursuit,8,0.791724,0.792649
331,384,MatchingPursuit,8,0.789474,0.789616
332,523,MatchingPursuit,8,0.789017,0.790902
333,357,MatchingPursuit,8,0.787565,0.78813
334,409,MatchingPursuit,8,0.787456,0.787936
335,260,MatchingPursuit,8,0.786655,0.786233
336,354,MatchingPursuit,8,0.786469,0.785483
337,190,MatchingPursuit,8,0.786314,0.786491
338,271,MatchingPursuit,8,0.786127,0.787501
339,270,MatchingPursuit,8,0.78565,0.78549
340,356,MatchingPursuit,8,0.785152,0.784957
341,347,MatchingPursuit,8,0.785047,0.786173
342,453,MatchingPursuit,8,0.784367,0.784715
343,4,MatchingPursuit,8,0.783291,0.780498
344,7,MatchingPursuit,8,0.782642,0.786742
345,459,MatchingPursuit,8,0.782269,0.785029
346,342,MatchingPursuit,8,0.781219,0.781402
347,133,MatchingPursuit,8,0.781174,0.780516
348,264,MatchingPursuit,8,0.781016,0.783608
349,9,MatchingPursuit,8,0.780658,0.787032
350,375,MatchingPursuit,8,0.780207,0.78107
351,533,MatchingPursuit,8,0.780105,0.781091
352,554,MatchingPursuit,8,0.779762,0.783569
353,272,MatchingPursuit,8,0.778947,0.780229
354,231,MatchingPursuit,8,0.778846,0.778776
355,299,MatchingPursuit,8,0.777592,0.776611
356,286,MatchingPursuit,8,0.777358,0.779153
357,255,MatchingPursuit,8,0.776452,0.777696
358,5,MatchingPursuit,8,0.775867,0.771233
359,422,MatchingPursuit,8,0.774194,0.774788
360,431,MatchingPursuit,8,0.773585,0.776441
361,251,MatchingPursuit,8,0.7728,0.772534
362,297,MatchingPursuit,8,0.772164,0.771817
363,486,MatchingPursuit,8,0.77193,0.775775
364,24,MatchingPursuit,8,0.770864,0.781328
365,706,MatchingPursuit,8,0.770294,0.771774
366,3,MatchingPursuit,8,0.770155,0.76034
367,447,MatchingPursuit,8,0.77,0.772422
368,314,MatchingPursuit,8,0.76895,0.770035
369,207,MatchingPursuit,8,0.767218,0.76994
370,376,MatchingPursuit,8,0.766667,0.770871
371,374,MatchingPursuit,8,0.76644,0.765477
372,87,MatchingPursuit,8,0.765476,0.764585
373,457,MatchingPursuit,8,0.764246,0.770583
374,295,MatchingPursuit,8,0.763066,0.767682
375,17,MatchingPursuit,8,0.762852,0.776126
376,226,MatchingPursuit,8,0.762332,0.762649
377,318,MatchingPursuit,8,0.761459,0.764521
378,321,MatchingPursuit,8,0.7607,0.763132
379,360,MatchingPursuit,8,0.760684,0.764165
380,455,MatchingPursuit,8,0.760095,0.759948
381,132,MatchingPursuit,8,0.760019,0.760298
382,247,MatchingPursuit,8,0.756801,0.758913
383,510,MatchingPursuit,8,0.756463,0.764744
384,358,MatchingPursuit,8,0.755656,0.75821
385,339,MatchingPursuit,8,0.754967,0.759788
386,355,MatchingPursuit,8,0.754607,0.757175
387,323,MatchingPursuit,8,0.753468,0.75463
388,541,MatchingPursuit,8,0.74928,0.754001
389,600,MatchingPursuit,8,0.746313,0.751575
390,663,MatchingPursuit,8,0.745763,0.754309
391,481,MatchingPursuit,8,0.745721,0.749916
392,206,MatchingPursuit,8,0.74515,0.747129
393,386,MatchingPursuit,8,0.744233,0.750596
394,277,MatchingPursuit,8,0.74341,0.745617
395,478,MatchingPursuit,8,0.743083,0.74685
396,448,MatchingPursuit,8,0.742058,0.745446
397,454,MatchingPursuit,8,0.741772,0.748952
398,336,MatchingPursuit,8,0.74067,0.745269
399,513,MatchingPursuit,8,0.738817,0.741006
400,345,MatchingPursuit,8,0.73849,0.745106
401,293,MatchingPursuit,8,0.738351,0.745299
402,479,MatchingPursuit,8,0.737705,0.739784
403,426,MatchingPursuit,8,0.737064,0.739127
404,288,MatchingPursuit,8,0.736318,0.737511
405,312,MatchingPursuit,8,0.736232,0.738154
406,451,MatchingPursuit,8,0.734286,0.740716
407,495,MatchingPursuit,8,0.731507,0.740355
408,579,MatchingPursuit,8,0.730051,0.737792
409,237,MatchingPursuit,8,0.729585,0.732877
410,337,MatchingPursuit,8,0.729548,0.739091
411,344,MatchingPursuit,8,0.729045,0.739808
412,351,MatchingPursuit,8,0.728814,0.729021
413,537,MatchingPursuit,8,0.728033,0.736685
414,368,MatchingPursuit,8,0.727664,0.73359
415,170,MatchingPursuit,8,0.726019,0.728404
416,404,MatchingPursuit,8,0.725825,0.729505
417,463,MatchingPursuit,8,0.725784,0.729065
418,379,MatchingPursuit,8,0.725756,0.729959
419,298,MatchingPursuit,8,0.725522,0.730918
420,276,MatchingPursuit,8,0.723762,0.726451
421,406,MatchingPursuit,8,0.719764,0.725436
422,388,MatchingPursuit,8,0.719752,0.727927
423,484,MatchingPursuit,8,0.719626,0.724499
424,324,MatchingPursuit,8,0.719266,0.726327
425,350,MatchingPursuit,8,0.718663,0.725204
426,452,MatchingPursuit,8,0.718593,0.725296
427,509,MatchingPursuit,8,0.717185,0.723268
428,441,MatchingPursuit,8,0.717021,0.730636
429,408,MatchingPursuit,8,0.716216,0.722349
430,291,MatchingPursuit,8,0.715418,0.717813
431,482,MatchingPursuit,8,0.715084,0.726723
432,377,MatchingPursuit,8,0.713693,0.720269
433,242,MatchingPursuit,8,0.713402,0.720463
434,418,MatchingPursuit,8,0.708763,0.711656
435,545,MatchingPursuit,8,0.708397,0.713528
436,438,MatchingPursuit,8,0.706024,0.715165
437,320,MatchingPursuit,8,0.705994,0.719299
438,417,MatchingPursuit,8,0.704545,0.711641
439,532,MatchingPursuit,8,0.702635,0.713147
440,341,MatchingPursuit,8,0.702606,0.715679
441,506,MatchingPursuit,8,0.700125,0.711612
442,425,MatchingPursuit,8,0.698089,0.703793
443,574,MatchingPursuit,8,0.697406,0.706037
444,287,MatchingPursuit,8,0.697017,0.705277
445,378,MatchingPursuit,8,0.695481,0.704688
446,319,MatchingPursuit,8,0.694327,0.705893
447,296,MatchingPursuit,8,0.690714,0.704134
448,313,MatchingPursuit,8,0.690554,0.699534
449,515,MatchingPursuit,8,0.689173,0.705326
450,402,MatchingPursuit,8,0.688285,0.69373
451,535,MatchingPursuit,8,0.687023,0.698775
452,469,MatchingPursuit,8,0.686893,0.692335
453,398,MatchingPursuit,8,0.686254,0.697623
454,414,MatchingPursuit,8,0.685417,0.698199
455,366,MatchingPursuit,8,0.684989,0.696683
456,335,MatchingPursuit,8,0.682676,0.694445
457,590,MatchingPursuit,8,0.678899,0.69178
458,419,MatchingPursuit,8,0.676856,0.685253
459,399,MatchingPursuit,8,0.676798,0.688394
460,1,MatchingPursuit,8,0.674978,0.641838
461,410,MatchingPursuit,8,0.671698,0.683176
462,352,MatchingPursuit,8,0.669401,0.681529
463,567,MatchingPursuit,8,0.668252,0.683054
464,483,MatchingPursuit,8,0.668171,0.681415
465,580,MatchingPursuit,8,0.667513,0.676467
466,500,MatchingPursuit,8,0.663462,0.675136
467,597,MatchingPursuit,8,0.661635,0.677894
468,429,MatchingPursuit,8,0.661157,0.677832
469,294,MatchingPursuit,8,0.658044,0.66988
470,421,MatchingPursuit,8,0.656189,0.669914
471,530,MatchingPursuit,8,0.655738,0.665635
472,593,MatchingPursuit,8,0.653992,0.670304
473,413,MatchingPursuit,8,0.649606,0.666978
474,475,MatchingPursuit,8,0.648829,0.663668
475,424,MatchingPursuit,8,0.648649,0.665067
476,372,MatchingPursuit,8,0.642937,0.66001
477,571,MatchingPursuit,8,0.641921,0.660228
478,493,MatchingPursuit,8,0.640361,0.65752
479,411,MatchingPursuit,8,0.639839,0.658489
480,460,MatchingPursuit,8,0.630612,0.652912
481,328,MatchingPursuit,8,0.630085,0.641756
482,601,MatchingPursuit,8,0.627503,0.649222
483,435,MatchingPursuit,8,0.624874,0.648588
484,416,MatchingPursuit,8,0.62183,0.643564
485,529,MatchingPursuit,8,0.621592,0.641577
486,470,MatchingPursuit,8,0.61978,0.641464
487,480,MatchingPursuit,8,0.614657,0.636454
488,621,MatchingPursuit,8,0.611591,0.632495
489,504,MatchingPursuit,8,0.60771,0.632259
490,332,MatchingPursuit,8,0.602116,0.62313
491,521,MatchingPursuit,8,0.601732,0.62308
492,432,MatchingPursuit,8,0.598555,0.616958
493,2,MatchingPursuit,8,0.589135,0.587803
494,616,MatchingPursuit,8,0.586786,0.619209
495,403,MatchingPursuit,8,0.58653,0.614113
496,467,MatchingPursuit,8,0.585624,0.613647
497,311,MatchingPursuit,8,0.58156,0.610482
498,586,MatchingPursuit,8,0.578089,0.611736
499,382,MatchingPursuit,8,0.574503,0.596824
500,330,MatchingPursuit,8,0.572829,0.602628
501,476,MatchingPursuit,8,0.570786,0.600729
502,461,MatchingPursuit,8,0.562339,0.595876
503,462,MatchingPursuit,8,0.559524,0.587815
504,562,MatchingPursuit,8,0.558442,0.589726
505,635,MatchingPursuit,8,0.555283,0.577317
506,511,MatchingPursuit,8,0.552419,0.590142
507,659,MatchingPursuit,8,0.549721,0.578254
508,412,MatchingPursuit,8,0.546468,0.574732
509,558,MatchingPursuit,8,0.542553,0.577251
510,497,MatchingPursuit,8,0.539179,0.579285
511,464,MatchingPursuit,8,0.538688,0.574506
512,0,MatchingPursuit,8,0.536558,0.433047
513,407,MatchingPursuit,8,0.534091,0.572323
514,612,MatchingPursuit,8,0.530955,0.569905
515,395,MatchingPursuit,8,0.529946,0.564574
516,592,MatchingPursuit,8,0.515152,0.557629
517,439,MatchingPursuit,8,0.51358,0.551202
518,456,MatchingPursuit,8,0.510367,0.550501
519,519,MatchingPursuit,8,0.508997,0.549702
520,442,MatchingPursuit,8,0.508137,0.544568
521,487,MatchingPursuit,8,0.499029,0.536244
522,449,MatchingPursuit,8,0.491387,0.537858
523,390,MatchingPursuit,8,0.475101,0.51881
524,560,MatchingPursuit,8,0.47259,0.51911
525,468,MatchingPursuit,8,0.449587,0.499069
526,552,MatchingPursuit,8,0.448439,0.503233
527,534,MatchingPursuit,8,0.446237,0.489669
528,522,MatchingPursuit,8,0.414847,0.485081
529,433,MatchingPursuit,8,0.403528,0.477471
530,489,MatchingPursuit,8,0.40279,0.456843
531,526,MatchingPursuit,8,0.394324,0.448839
532,536,MatchingPursuit,8,0.391892,0.469103
533,508,MatchingPursuit,8,0.38653,0.455672
534,618,MatchingPursuit,8,0.364964,0.440781
535,576,MatchingPursuit,8,0.360833,0.428265
536,364,MatchingPursuit,8,0.355694,0.427375
537,584,MatchingPursuit,8,0.351706,0.427822
538,563,MatchingPursuit,8,0.344913,0.412814
539,490,MatchingPursuit,8,0.33209,0.413799
540,474,MatchingPursuit,8,0.323991,0.411025
541,578,MatchingPursuit,8,0.314931,0.390784
542,633,MatchingPursuit,8,0.304161,0.374585
543,387,MatchingPursuit,8,0.302569,0.37458
544,596,MatchingPursuit,8,0.288623,0.380492
545,605,MatchingPursuit,8,0.288268,0.371249
546,477,MatchingPursuit,8,0.282447,0.363928
547,371,MatchingPursuit,8,0.282433,0.373713
548,657,MatchingPursuit,8,0.282201,0.365803
549,502,MatchingPursuit,8,0.280936,0.363784
550,570,MatchingPursuit,8,0.278282,0.366719
551,349,MatchingPursuit,8,0.278235,0.365404
552,565,MatchingPursuit,8,0.271801,0.353642
553,458,MatchingPursuit,8,0.27008,0.360785
554,564,MatchingPursuit,8,0.268837,0.360483
555,566,MatchingPursuit,8,0.268617,0.350507
556,735,MatchingPursuit,8,0.268082,0.347935
557,710,MatchingPursuit,8,0.266586,0.358969
558,556,MatchingPursuit,8,0.26455,0.353933
559,496,MatchingPursuit,8,0.264519,0.347697
560,505,MatchingPursuit,8,0.262457,0.34633
561,585,MatchingPursuit,8,0.258235,0.341745
562,518,MatchingPursuit,8,0.255405,0.352228
563,658,MatchingPursuit,8,0.254237,0.341549
564,527,MatchingPursuit,8,0.252141,0.343839
565,525,MatchingPursuit,8,0.251261,0.338389
566,716,MatchingPursuit,8,0.249537,0.337702
567,498,MatchingPursuit,8,0.249461,0.344006
568,514,MatchingPursuit,8,0.247544,0.336536
569,561,MatchingPursuit,8,0.247505,0.33429
570,542,MatchingPursuit,8,0.244496,0.323775
571,681,MatchingPursuit,8,0.244165,0.333542
572,700,MatchingPursuit,8,0.2434,0.328541
573,528,MatchingPursuit,8,0.242215,0.326102
574,465,MatchingPursuit,8,0.242091,0.33362
575,548,MatchingPursuit,8,0.240401,0.322568
576,647,MatchingPursuit,8,0.240126,0.331559
577,516,MatchingPursuit,8,0.232328,0.313085
578,603,MatchingPursuit,8,0.232063,0.319223
579,551,MatchingPursuit,8,0.229226,0.315856
580,608,MatchingPursuit,8,0.226196,0.322427
581,615,MatchingPursuit,8,0.225873,0.318686
582,652,MatchingPursuit,8,0.223092,0.309828
583,643,MatchingPursuit,8,0.222854,0.310964
584,818,MatchingPursuit,8,0.222354,0.316941
585,546,MatchingPursuit,8,0.218166,0.309601
586,922,MatchingPursuit,8,0.21618,0.304368
587,540,MatchingPursuit,8,0.21558,0.309087
588,650,MatchingPursuit,8,0.214518,0.298828
589,632,MatchingPursuit,8,0.214037,0.308034
590,397,MatchingPursuit,8,0.213364,0.311439
591,507,MatchingPursuit,8,0.212079,0.30754
592,591,MatchingPursuit,8,0.21033,0.307525
593,662,MatchingPursuit,8,0.208357,0.297871
594,738,MatchingPursuit,8,0.206253,0.303957
595,654,MatchingPursuit,8,0.203686,0.296089
596,623,MatchingPursuit,8,0.199685,0.288374
597,749,MatchingPursuit,8,0.196759,0.289021
598,874,MatchingPursuit,8,0.196702,0.290801
599,626,MatchingPursuit,8,0.196474,0.286847
600,887,MatchingPursuit,8,0.19574,0.289281
601,694,MatchingPursuit,8,0.195323,0.298099
602,581,MatchingPursuit,8,0.193345,0.300458
603,721,MatchingPursuit,8,0.193097,0.293852
604,870,MatchingPursuit,8,0.192508,0.292003
605,811,MatchingPursuit,8,0.192389,0.295024
606,485,MatchingPursuit,8,0.190088,0.293983
607,692,MatchingPursuit,8,0.188281,0.272969
608,701,MatchingPursuit,8,0.17984,0.269158
609,501,MatchingPursuit,8,0.175775,0.267274
610,897,MatchingPursuit,8,0.172033,0.261333
611,702,MatchingPursuit,8,0.163424,0.254336
612,902,MatchingPursuit,8,0.163013,0.251829
613,912,MatchingPursuit,8,0.155155,0.249323
614,680,MatchingPursuit,8,0.15231,0.24931
615,648,MatchingPursuit,8,0.0,0.0
616,1295,MatchingPursuit,8,0.0,0.0
617,613,MatchingPursuit,8,0.0,0.0
618,617,MatchingPursuit,8,0.0,0.0
619,611,MatchingPursuit,8,0.0,0.0
620,619,MatchingPursuit,8,0.0,0.0
621,620,MatchingPursuit,8,0.0,0.0
622,610,MatchingPursuit,8,0.0,0.0
623,622,MatchingPursuit,8,0.0,0.0
624,609,MatchingPursuit,8,0.0,0.0
625,624,MatchingPursuit,8,0.0,0.0
626,625,MatchingPursuit,8,0.0,0.0
627,607,MatchingPursuit,8,0.0,0.0
628,627,MatchingPursuit,8,0.0,0.0
629,628,MatchingPursuit,8,0.0,0.0
630,629,MatchingPursuit,8,0.0,0.0
631,630,MatchingPursuit,8,0.0,0.0
632,631,MatchingPursuit,8,0.0,0.0
633,606,MatchingPursuit,8,0.0,0.0
634,604,MatchingPursuit,8,0.0,0.0
635,634,MatchingPursuit,8,0.0,0.0
636,602,MatchingPursuit,8,0.0,0.0
637,636,MatchingPursuit,8,0.0,0.0
638,637,MatchingPursuit,8,0.0,0.0
639,638,MatchingPursuit,8,0.0,0.0
640,639,MatchingPursuit,8,0.0,0.0
641,640,MatchingPursuit,8,0.0,0.0
642,641,MatchingPursuit,8,0.0,0.0
643,642,MatchingPursuit,8,0.0,0.0
644,599,MatchingPursuit,8,0.0,0.0
645,644,MatchingPursuit,8,0.0,0.0
646,645,MatchingPursuit,8,0.0,0.0
647,646,MatchingPursuit,8,0.0,0.0
648,598,MatchingPursuit,8,0.0,0.0
649,594,MatchingPursuit,8,0.0,0.0
650,649,MatchingPursuit,8,0.0,0.0
651,589,MatchingPursuit,8,0.0,0.0
652,651,MatchingPursuit,8,0.0,0.0
653,588,MatchingPursuit,8,0.0,0.0
654,653,MatchingPursuit,8,0.0,0.0
655,587,MatchingPursuit,8,0.0,0.0
656,655,MatchingPursuit,8,0.0,0.0
657,656,MatchingPursuit,8,0.0,0.0
658,583,MatchingPursuit,8,0.0,0.0
659,582,MatchingPursuit,8,0.0,0.0
660,577,MatchingPursuit,8,0.0,0.0
661,660,MatchingPursuit,8,0.0,0.0
662,661,MatchingPursuit,8,0.0,0.0
663,575,MatchingPursuit,8,0.0,0.0
664,573,MatchingPursuit,8,0.0,0.0
665,664,MatchingPursuit,8,0.0,0.0
666,665,MatchingPursuit,8,0.0,0.0
667,666,MatchingPursuit,8,0.0,0.0
668,667,MatchingPursuit,8,0.0,0.0
669,668,MatchingPursuit,8,0.0,0.0
670,669,MatchingPursuit,8,0.0,0.0
671,670,MatchingPursuit,8,0.0,0.0
672,671,MatchingPursuit,8,0.0,0.0
673,672,MatchingPursuit,8,0.0,0.0
674,673,MatchingPursuit,8,0.0,0.0
675,674,MatchingPursuit,8,0.0,0.0
676,675,MatchingPursuit,8,0.0,0.0
677,676,MatchingPursuit,8,0.0,0.0
678,677,MatchingPursuit,8,0.0,0.0
679,678,MatchingPursuit,8,0.0,0.0
680,679,MatchingPursuit,8,0.0,0.0
681,572,MatchingPursuit,8,0.0,0.0
682,569,MatchingPursuit,8,0.0,0.0
683,682,MatchingPursuit,8,0.0,0.0
684,683,MatchingPursuit,8,0.0,0.0
685,684,MatchingPursuit,8,0.0,0.0
686,685,MatchingPursuit,8,0.0,0.0
687,686,MatchingPursuit,8,0.0,0.0
688,687,MatchingPursuit,8,0.0,0.0
689,688,MatchingPursuit,8,0.0,0.0
690,689,MatchingPursuit,8,0.0,0.0
691,690,MatchingPursuit,8,0.0,0.0
692,691,MatchingPursuit,8,0.0,0.0
693,568,MatchingPursuit,8,0.0,0.0
694,693,MatchingPursuit,8,0.0,0.0
695,557,MatchingPursuit,8,0.0,0.0
696,695,MatchingPursuit,8,0.0,0.0
697,555,MatchingPursuit,8,0.0,0.0
698,697,MatchingPursuit,8,0.0,0.0
699,698,MatchingPursuit,8,0.0,0.0
700,699,MatchingPursuit,8,0.0,0.0
701,553,MatchingPursuit,8,0.0,0.0
702,550,MatchingPursuit,8,0.0,0.0
703,549,MatchingPursuit,8,0.0,0.0
704,703,MatchingPursuit,8,0.0,0.0
705,704,MatchingPursuit,8,0.0,0.0
706,705,MatchingPursuit,8,0.0,0.0
707,547,MatchingPursuit,8,0.0,0.0
708,707,MatchingPursuit,8,0.0,0.0
709,708,MatchingPursuit,8,0.0,0.0
710,709,MatchingPursuit,8,0.0,0.0
711,544,MatchingPursuit,8,0.0,0.0
712,711,MatchingPursuit,8,0.0,0.0
713,712,MatchingPursuit,8,0.0,0.0
714,713,MatchingPursuit,8,0.0,0.0
715,714,MatchingPursuit,8,0.0,0.0
716,715,MatchingPursuit,8,0.0,0.0
717,539,MatchingPursuit,8,0.0,0.0
718,717,MatchingPursuit,8,0.0,0.0
719,718,MatchingPursuit,8,0.0,0.0
720,719,MatchingPursuit,8,0.0,0.0
721,720,MatchingPursuit,8,0.0,0.0
722,538,MatchingPursuit,8,0.0,0.0
723,722,MatchingPursuit,8,0.0,0.0
724,723,MatchingPursuit,8,0.0,0.0
725,724,MatchingPursuit,8,0.0,0.0
726,725,MatchingPursuit,8,0.0,0.0
727,726,MatchingPursuit,8,0.0,0.0
728,727,MatchingPursuit,8,0.0,0.0
729,728,MatchingPursuit,8,0.0,0.0
730,729,MatchingPursuit,8,0.0,0.0
731,730,MatchingPursuit,8,0.0,0.0
732,731,MatchingPursuit,8,0.0,0.0
733,732,MatchingPursuit,8,0.0,0.0
734,733,MatchingPursuit,8,0.0,0.0
735,734,MatchingPursuit,8,0.0,0.0
736,531,MatchingPursuit,8,0.0,0.0
737,736,MatchingPursuit,8,0.0,0.0
738,737,MatchingPursuit,8,0.0,0.0
739,524,MatchingPursuit,8,0.0,0.0
740,739,MatchingPursuit,8,0.0,0.0
741,740,MatchingPursuit,8,0.0,0.0
742,741,MatchingPursuit,8,0.0,0.0
743,742,MatchingPursuit,8,0.0,0.0
744,743,MatchingPursuit,8,0.0,0.0
745,744,MatchingPursuit,8,0.0,0.0
746,745,MatchingPursuit,8,0.0,0.0
747,746,MatchingPursuit,8,0.0,0.0
748,747,MatchingPursuit,8,0.0,0.0
749,748,MatchingPursuit,8,0.0,0.0
750,520,MatchingPursuit,8,0.0,0.0
751,750,MatchingPursuit,8,0.0,0.0
752,751,MatchingPursuit,8,0.0,0.0
753,752,MatchingPursuit,8,0.0,0.0
754,753,MatchingPursuit,8,0.0,0.0
755,754,MatchingPursuit,8,0.0,0.0
756,755,MatchingPursuit,8,0.0,0.0
757,756,MatchingPursuit,8,0.0,0.0
758,757,MatchingPursuit,8,0.0,0.0
759,758,MatchingPursuit,8,0.0,0.0
760,759,MatchingPursuit,8,0.0,0.0
761,760,MatchingPursuit,8,0.0,0.0
762,761,MatchingPursuit,8,0.0,0.0
763,762,MatchingPursuit,8,0.0,0.0
764,763,MatchingPursuit,8,0.0,0.0
765,764,MatchingPursuit,8,0.0,0.0
766,765,MatchingPursuit,8,0.0,0.0
767,766,MatchingPursuit,8,0.0,0.0
768,767,MatchingPursuit,8,0.0,0.0
769,768,MatchingPursuit,8,0.0,0.0
770,769,MatchingPursuit,8,0.0,0.0
771,770,MatchingPursuit,8,0.0,0.0
772,771,MatchingPursuit,8,0.0,0.0
773,772,MatchingPursuit,8,0.0,0.0
774,773,MatchingPursuit,8,0.0,0.0
775,774,MatchingPursuit,8,0.0,0.0
776,775,MatchingPursuit,8,0.0,0.0
777,776,MatchingPursuit,8,0.0,0.0
778,777,MatchingPursuit,8,0.0,0.0
779,778,MatchingPursuit,8,0.0,0.0
780,779,MatchingPursuit,8,0.0,0.0
781,780,MatchingPursuit,8,0.0,0.0
782,781,MatchingPursuit,8,0.0,0.0
783,782,MatchingPursuit,8,0.0,0.0
784,783,MatchingPursuit,8,0.0,0.0
785,784,MatchingPursuit,8,0.0,0.0
786,785,MatchingPursuit,8,0.0,0.0
787,786,MatchingPursuit,8,0.0,0.0
788,787,MatchingPursuit,8,0.0,0.0
789,788,MatchingPursuit,8,0.0,0.0
790,789,MatchingPursuit,8,0.0,0.0
791,790,MatchingPursuit,8,0.0,0.0
792,791,MatchingPursuit,8,0.0,0.0
793,792,MatchingPursuit,8,0.0,0.0
794,793,MatchingPursuit,8,0.0,0.0
795,794,MatchingPursuit,8,0.0,0.0
796,795,MatchingPursuit,8,0.0,0.0
797,796,MatchingPursuit,8,0.0,0.0
798,797,MatchingPursuit,8,0.0,0.0
799,798,MatchingPursuit,8,0.0,0.0
800,799,MatchingPursuit,8,0.0,0.0
801,800,MatchingPursuit,8,0.0,0.0
802,801,MatchingPursuit,8,0.0,0.0
803,802,MatchingPursuit,8,0.0,0.0
804,803,MatchingPursuit,8,0.0,0.0
805,804,MatchingPursuit,8,0.0,0.0
806,805,MatchingPursuit,8,0.0,0.0
807,806,MatchingPursuit,8,0.0,0.0
808,807,MatchingPursuit,8,0.0,0.0
809,808,MatchingPursuit,8,0.0,0.0
810,809,MatchingPursuit,8,0.0,0.0
811,810,MatchingPursuit,8,0.0,0.0
812,517,MatchingPursuit,8,0.0,0.0
813,812,MatchingPursuit,8,0.0,0.0
814,813,MatchingPursuit,8,0.0,0.0
815,814,MatchingPursuit,8,0.0,0.0
816,815,MatchingPursuit,8,0.0,0.0
817,816,MatchingPursuit,8,0.0,0.0
818,817,MatchingPursuit,8,0.0,0.0
819,512,MatchingPursuit,8,0.0,0.0
820,819,MatchingPursuit,8,0.0,0.0
821,820,MatchingPursuit,8,0.0,0.0
822,821,MatchingPursuit,8,0.0,0.0
823,822,MatchingPursuit,8,0.0,0.0
824,823,MatchingPursuit,8,0.0,0.0
825,824,MatchingPursuit,8,0.0,0.0
826,825,MatchingPursuit,8,0.0,0.0
827,826,MatchingPursuit,8,0.0,0.0
828,827,MatchingPursuit,8,0.0,0.0
829,828,MatchingPursuit,8,0.0,0.0
830,829,MatchingPursuit,8,0.0,0.0
831,830,MatchingPursuit,8,0.0,0.0
832,831,MatchingPursuit,8,0.0,0.0
833,832,MatchingPursuit,8,0.0,0.0
834,833,MatchingPursuit,8,0.0,0.0
835,834,MatchingPursuit,8,0.0,0.0
836,835,MatchingPursuit,8,0.0,0.0
837,836,MatchingPursuit,8,0.0,0.0
838,837,MatchingPursuit,8,0.0,0.0
839,838,MatchingPursuit,8,0.0,0.0
840,839,MatchingPursuit,8,0.0,0.0
841,840,MatchingPursuit,8,0.0,0.0
842,841,MatchingPursuit,8,0.0,0.0
843,842,MatchingPursuit,8,0.0,0.0
844,843,MatchingPursuit,8,0.0,0.0
845,844,MatchingPursuit,8,0.0,0.0
846,845,MatchingPursuit,8,0.0,0.0
847,846,MatchingPursuit,8,0.0,0.0
848,847,MatchingPursuit,8,0.0,0.0
849,848,MatchingPursuit,8,0.0,0.0
850,849,MatchingPursuit,8,0.0,0.0
851,850,MatchingPursuit,8,0.0,0.0
852,851,MatchingPursuit,8,0.0,0.0
853,852,MatchingPursuit,8,0.0,0.0
854,853,MatchingPursuit,8,0.0,0.0
855,854,MatchingPursuit,8,0.0,0.0
856,855,MatchingPursuit,8,0.0,0.0
857,856,MatchingPursuit,8,0.0,0.0
858,857,MatchingPursuit,8,0.0,0.0
859,858,MatchingPursuit,8,0.0,0.0
860,859,MatchingPursuit,8,0.0,0.0
861,860,MatchingPursuit,8,0.0,0.0
862,861,MatchingPursuit,8,0.0,0.0
863,862,MatchingPursuit,8,0.0,0.0
864,863,MatchingPursuit,8,0.0,0.0
865,864,MatchingPursuit,8,0.0,0.0
866,865,MatchingPursuit,8,0.0,0.0
867,866,MatchingPursuit,8,0.0,0.0
868,867,MatchingPursuit,8,0.0,0.0
869,868,MatchingPursuit,8,0.0,0.0
870,869,MatchingPursuit,8,0.0,0.0
871,503,MatchingPursuit,8,0.0,0.0
872,871,MatchingPursuit,8,0.0,0.0
873,872,MatchingPursuit,8,0.0,0.0
874,873,MatchingPursuit,8,0.0,0.0
875,494,MatchingPursuit,8,0.0,0.0
876,875,MatchingPursuit,8,0.0,0.0
877,876,MatchingPursuit,8,0.0,0.0
878,877,MatchingPursuit,8,0.0,0.0
879,878,MatchingPursuit,8,0.0,0.0
880,879,MatchingPursuit,8,0.0,0.0
881,880,MatchingPursuit,8,0.0,0.0
882,881,MatchingPursuit,8,0.0,0.0
883,882,MatchingPursuit,8,0.0,0.0
884,883,MatchingPursuit,8,0.0,0.0
885,884,MatchingPursuit,8,0.0,0.0
886,885,MatchingPursuit,8,0.0,0.0
887,886,MatchingPursuit,8,0.0,0.0
888,492,MatchingPursuit,8,0.0,0.0
889,888,MatchingPursuit,8,0.0,0.0
890,889,MatchingPursuit,8,0.0,0.0
891,890,MatchingPursuit,8,0.0,0.0
892,891,MatchingPursuit,8,0.0,0.0
893,892,MatchingPursuit,8,0.0,0.0
894,893,MatchingPursuit,8,0.0,0.0
895,894,MatchingPursuit,8,0.0,0.0
896,895,MatchingPursuit,8,0.0,0.0
897,896,MatchingPursuit,8,0.0,0.0
898,472,MatchingPursuit,8,0.0,0.0
899,898,MatchingPursuit,8,0.0,0.0
900,899,MatchingPursuit,8,0.0,0.0
901,900,MatchingPursuit,8,0.0,0.0
902,901,MatchingPursuit,8,0.0,0.0
903,436,MatchingPursuit,8,0.0,0.0
904,903,MatchingPursuit,8,0.0,0.0
905,904,MatchingPursuit,8,0.0,0.0
906,905,MatchingPursuit,8,0.0,0.0
907,906,MatchingPursuit,8,0.0,0.0
908,907,MatchingPursuit,8,0.0,0.0
909,908,MatchingPursuit,8,0.0,0.0
910,909,MatchingPursuit,8,0.0,0.0
911,910,MatchingPursuit,8,0.0,0.0
912,911,MatchingPursuit,8,0.0,0.0
913,420,MatchingPursuit,8,0.0,0.0
914,913,MatchingPursuit,8,0.0,0.0
915,914,MatchingPursuit,8,0.0,0.0
916,915,MatchingPursuit,8,0.0,0.0
917,916,MatchingPursuit,8,0.0,0.0
918,917,MatchingPursuit,8,0.0,0.0
919,918,MatchingPursuit,8,0.0,0.0
920,919,MatchingPursuit,8,0.0,0.0
921,920,MatchingPursuit,8,0.0,0.0
922,921,MatchingPursuit,8,0.0,0.0
923,361,MatchingPursuit,8,0.0,0.0
924,923,MatchingPursuit,8,0.0,0.0
925,924,MatchingPursuit,8,0.0,0.0
926,925,MatchingPursuit,8,0.0,0.0
927,926,MatchingPursuit,8,0.0,0.0
928,927,MatchingPursuit,8,0.0,0.0
929,928,MatchingPursuit,8,0.0,0.0
930,929,MatchingPursuit,8,0.0,0.0
931,930,MatchingPursuit,8,0.0,0.0
932,931,MatchingPursuit,8,0.0,0.0
933,932,MatchingPursuit,8,0.0,0.0
934,933,MatchingPursuit,8,0.0,0.0
935,934,MatchingPursuit,8,0.0,0.0
936,935,MatchingPursuit,8,0.0,0.0
937,936,MatchingPursuit,8,0.0,0.0
938,937,MatchingPursuit,8,0.0,0.0
939,938,MatchingPursuit,8,0.0,0.0
940,939,MatchingPursuit,8,0.0,0.0
941,940,MatchingPursuit,8,0.0,0.0
942,941,MatchingPursuit,8,0.0,0.0
943,942,MatchingPursuit,8,0.0,0.0
944,943,MatchingPursuit,8,0.0,0.0
945,944,MatchingPursuit,8,0.0,0.0
946,945,MatchingPursuit,8,0.0,0.0
947,946,MatchingPursuit,8,0.0,0.0
948,947,MatchingPursuit,8,0.0,0.0
949,948,MatchingPursuit,8,0.0,0.0
950,949,MatchingPursuit,8,0.0,0.0
951,950,MatchingPursuit,8,0.0,0.0
952,951,MatchingPursuit,8,0.0,0.0
953,952,MatchingPursuit,8,0.0,0.0
954,953,MatchingPursuit,8,0.0,0.0
955,954,MatchingPursuit,8,0.0,0.0
956,614,MatchingPursuit,8,0.0,0.0
957,956,MatchingPursuit,8,0.0,0.0
958,957,MatchingPursuit,8,0.0,0.0
959,958,MatchingPursuit,8,0.0,0.0
960,959,MatchingPursuit,8,0.0,0.0
961,960,MatchingPursuit,8,0.0,0.0
962,961,MatchingPursuit,8,0.0,0.0
963,962,MatchingPursuit,8,0.0,0.0
964,963,MatchingPursuit,8,0.0,0.0
965,964,MatchingPursuit,8,0.0,0.0
966,965,MatchingPursuit,8,0.0,0.0
967,966,MatchingPursuit,8,0.0,0.0
968,967,MatchingPursuit,8,0.0,0.0
969,968,MatchingPursuit,8,0.0,0.0
970,969,MatchingPursuit,8,0.0,0.0
971,970,MatchingPursuit,8,0.0,0.0
972,971,MatchingPursuit,8,0.0,0.0
973,972,MatchingPursuit,8,0.0,0.0
974,973,MatchingPursuit,8,0.0,0.0
975,974,MatchingPursuit,8,0.0,0.0
976,975,MatchingPursuit,8,0.0,0.0
977,976,MatchingPursuit,8,0.0,0.0
978,977,MatchingPursuit,8,0.0,0.0
979,978,MatchingPursuit,8,0.0,0.0
980,979,MatchingPursuit,8,0.0,0.0
981,980,MatchingPursuit,8,0.0,0.0
982,981,MatchingPursuit,8,0.0,0.0
983,982,MatchingPursuit,8,0.0,0.0
984,983,MatchingPursuit,8,0.0,0.0
985,984,MatchingPursuit,8,0.0,0.0
986,985,MatchingPursuit,8,0.0,0.0
987,986,MatchingPursuit,8,0.0,0.0
988,987,MatchingPursuit,8,0.0,0.0
989,988,MatchingPursuit,8,0.0,0.0
990,989,MatchingPursuit,8,0.0,0.0
991,990,MatchingPursuit,8,0.0,0.0
992,991,MatchingPursuit,8,0.0,0.0
993,992,MatchingPursuit,8,0.0,0.0
994,993,MatchingPursuit,8,0.0,0.0
995,994,MatchingPursuit,8,0.0,0.0
996,995,MatchingPursuit,8,0.0,0.0
997,996,MatchingPursuit,8,0.0,0.0
998,997,MatchingPursuit,8,0.0,0.0
999,998,MatchingPursuit,8,0.0,0.0
1000,999,MatchingPursuit,8,0.0,0.0
1001,1000,MatchingPursuit,8,0.0,0.0
1002,1001,MatchingPursuit,8,0.0,0.0
1003,1002,MatchingPursuit,8,0.0,0.0
1004,1003,MatchingPursuit,8,0.0,0.0
1005,1004,MatchingPursuit,8,0.0,0.0
1006,1005,MatchingPursuit,8,0.0,0.0
1007,1006,MatchingPursuit,8,0.0,0.0
1008,1007,MatchingPursuit,8,0.0,0.0
1009,1008,MatchingPursuit,8,0.0,0.0
1010,1009,MatchingPursuit,8,0.0,0.0
1011,1010,MatchingPursuit,8,0.0,0.0
1012,1011,MatchingPursuit,8,0.0,0.0
1013,1012,MatchingPursuit,8,0.0,0.0
1014,1013,MatchingPursuit,8,0.0,0.0
1015,1014,MatchingPursuit,8,0.0,0.0
1016,1015,MatchingPursuit,8,0.0,0.0
1017,1016,MatchingPursuit,8,0.0,0.0
1018,1017,MatchingPursuit,8,0.0,0.0
1019,1018,MatchingPursuit,8,0.0,0.0
1020,1019,MatchingPursuit,8,0.0,0.0
1021,1020,MatchingPursuit,8,0.0,0.0
1022,1021,MatchingPursuit,8,0.0,0.0
1023,1022,MatchingPursuit,8,0.0,0.0
1024,1023,MatchingPursuit,8,0.0,0.0
1025,1024,MatchingPursuit,8,0.0,0.0
1026,1025,MatchingPursuit,8,0.0,0.0
1027,1026,MatchingPursuit,8,0.0,0.0
1028,1027,MatchingPursuit,8,0.0,0.0
1029,1028,MatchingPursuit,8,0.0,0.0
1030,1029,MatchingPursuit,8,0.0,0.0
1031,1030,MatchingPursuit,8,0.0,0.0
1032,1031,MatchingPursuit,8,0.0,0.0
1033,1032,MatchingPursuit,8,0.0,0.0
1034,1033,MatchingPursuit,8,0.0,0.0
1035,1034,MatchingPursuit,8,0.0,0.0
1036,1035,MatchingPursuit,8,0.0,0.0
1037,1036,MatchingPursuit,8,0.0,0.0
1038,1037,MatchingPursuit,8,0.0,0.0
1039,1038,MatchingPursuit,8,0.0,0.0
1040,1039,MatchingPursuit,8,0.0,0.0
1041,1040,MatchingPursuit,8,0.0,0.0
1042,1041,MatchingPursuit,8,0.0,0.0
1043,1042,MatchingPursuit,8,0.0,0.0
1044,1043,MatchingPursuit,8,0.0,0.0
1045,1044,MatchingPursuit,8,0.0,0.0
1046,1045,MatchingPursuit,8,0.0,0.0
1047,1046,MatchingPursuit,8,0.0,0.0
1048,1047,MatchingPursuit,8,0.0,0.0
1049,1048,MatchingPursuit,8,0.0,0.0
1050,1049,MatchingPursuit,8,0.0,0.0
1051,1050,MatchingPursuit,8,0.0,0.0
1052,1051,MatchingPursuit,8,0.0,0.0
1053,1052,MatchingPursuit,8,0.0,0.0
1054,1053,MatchingPursuit,8,0.0,0.0
1055,1054,MatchingPursuit,8,0.0,0.0
1056,1055,MatchingPursuit,8,0.0,0.0
1057,1056,MatchingPursuit,8,0.0,0.0
1058,1057,MatchingPursuit,8,0.0,0.0
1059,1058,MatchingPursuit,8,0.0,0.0
1060,1059,MatchingPursuit,8,0.0,0.0
1061,1060,MatchingPursuit,8,0.0,0.0
1062,1061,MatchingPursuit,8,0.0,0.0
1063,1062,MatchingPursuit,8,0.0,0.0
1064,1063,MatchingPursuit,8,0.0,0.0
1065,1064,MatchingPursuit,8,0.0,0.0
1066,1065,MatchingPursuit,8,0.0,0.0
1067,1066,MatchingPursuit,8,0.0,0.0
1068,1067,MatchingPursuit,8,0.0,0.0
1069,1068,MatchingPursuit,8,0.0,0.0
1070,1069,MatchingPursuit,8,0.0,0.0
1071,1070,MatchingPursuit,8,0.0,0.0
1072,1071,MatchingPursuit,8,0.0,0.0
1073,1072,MatchingPursuit,8,0.0,0.0
1074,1073,MatchingPursuit,8,0.0,0.0
1075,1074,MatchingPursuit,8,0.0,0.0
1076,1075,MatchingPursuit,8,0.0,0.0
1077,1076,MatchingPursuit,8,0.0,0.0
1078,1077,MatchingPursuit,8,0.0,0.0
1079,1078,MatchingPursuit,8,0.0,0.0
1080,1079,MatchingPursuit,8,0.0,0.0
1081,1080,MatchingPursuit,8,0.0,0.0
1082,1081,MatchingPursuit,8,0.0,0.0
1083,1082,MatchingPursuit,8,0.0,0.0
1084,1083,MatchingPursuit,8,0.0,0.0
1085,1084,MatchingPursuit,8,0.0,0.0
1086,1085,MatchingPursuit,8,0.0,0.0
1087,1086,MatchingPursuit,8,0.0,0.0
1088,1087,MatchingPursuit,8,0.0,0.0
1089,1088,MatchingPursuit,8,0.0,0.0
1090,1089,MatchingPursuit,8,0.0,0.0
1091,1090,MatchingPursuit,8,0.0,0.0
1092,1091,MatchingPursuit,8,0.0,0.0
1093,1092,MatchingPursuit,8,0.0,0.0
1094,1093,MatchingPursuit,8,0.0,0.0
1095,1094,MatchingPursuit,8,0.0,0.0
1096,1095,MatchingPursuit,8,0.0,0.0
1097,1096,MatchingPursuit,8,0.0,0.0
1098,1097,MatchingPursuit,8,0.0,0.0
1099,1098,MatchingPursuit,8,0.0,0.0
1100,1099,MatchingPursuit,8,0.0,0.0
1101,1100,MatchingPursuit,8,0.0,0.0
1102,1101,MatchingPursuit,8,0.0,0.0
1103,1102,MatchingPursuit,8,0.0,0.0
1104,1103,MatchingPursuit,8,0.0,0.0
1105,1104,MatchingPursuit,8,0.0,0.0
1106,1105,MatchingPursuit,8,0.0,0.0
1107,1106,MatchingPursuit,8,0.0,0.0
1108,1107,MatchingPursuit,8,0.0,0.0
1109,1108,MatchingPursuit,8,0.0,0.0
1110,1109,MatchingPursuit,8,0.0,0.0
1111,1110,MatchingPursuit,8,0.0,0.0
1112,1111,MatchingPursuit,8,0.0,0.0
1113,1112,MatchingPursuit,8,0.0,0.0
1114,1113,MatchingPursuit,8,0.0,0.0
1115,1114,MatchingPursuit,8,0.0,0.0
1116,1115,MatchingPursuit,8,0.0,0.0
1117,1116,MatchingPursuit,8,0.0,0.0
1118,1117,MatchingPursuit,8,0.0,0.0
1119,1118,MatchingPursuit,8,0.0,0.0
1120,1119,MatchingPursuit,8,0.0,0.0
1121,1120,MatchingPursuit,8,0.0,0.0
1122,1121,MatchingPursuit,8,0.0,0.0
1123,1122,MatchingPursuit,8,0.0,0.0
1124,1123,MatchingPursuit,8,0.0,0.0
1125,1124,MatchingPursuit,8,0.0,0.0
1126,1125,MatchingPursuit,8,0.0,0.0
1127,1126,MatchingPursuit,8,0.0,0.0
1128,1127,MatchingPursuit,8,0.0,0.0
1129,1128,MatchingPursuit,8,0.0,0.0
1130,1129,MatchingPursuit,8,0.0,0.0
1131,1130,MatchingPursuit,8,0.0,0.0
1132,1131,MatchingPursuit,8,0.0,0.0
1133,1132,MatchingPursuit,8,0.0,0.0
1134,1133,MatchingPursuit,8,0.0,0.0
1135,1134,MatchingPursuit,8,0.0,0.0
1136,1135,MatchingPursuit,8,0.0,0.0
1137,1136,MatchingPursuit,8,0.0,0.0
1138,1137,MatchingPursuit,8,0.0,0.0
1139,1138,MatchingPursuit,8,0.0,0.0
1140,1139,MatchingPursuit,8,0.0,0.0
1141,1140,MatchingPursuit,8,0.0,0.0
1142,1141,MatchingPursuit,8,0.0,0.0
1143,1142,MatchingPursuit,8,0.0,0.0
1144,1143,MatchingPursuit,8,0.0,0.0
1145,1144,MatchingPursuit,8,0.0,0.0
1146,1145,MatchingPursuit,8,0.0,0.0
1147,1146,MatchingPursuit,8,0.0,0.0
1148,1147,MatchingPursuit,8,0.0,0.0
1149,1148,MatchingPursuit,8,0.0,0.0
1150,1149,MatchingPursuit,8,0.0,0.0
1151,1150,MatchingPursuit,8,0.0,0.0
1152,1151,MatchingPursuit,8,0.0,0.0
1153,1152,MatchingPursuit,8,0.0,0.0
1154,1153,MatchingPursuit,8,0.0,0.0
1155,1154,MatchingPursuit,8,0.0,0.0
1156,1155,MatchingPursuit,8,0.0,0.0
1157,1156,MatchingPursuit,8,0.0,0.0
1158,1157,MatchingPursuit,8,0.0,0.0
1159,1158,MatchingPursuit,8,0.0,0.0
1160,1159,MatchingPursuit,8,0.0,0.0
1161,1160,MatchingPursuit,8,0.0,0.0
1162,1161,MatchingPursuit,8,0.0,0.0
1163,1162,MatchingPursuit,8,0.0,0.0
1164,1163,MatchingPursuit,8,0.0,0.0
1165,1164,MatchingPursuit,8,0.0,0.0
1166,1165,MatchingPursuit,8,0.0,0.0
1167,1166,MatchingPursuit,8,0.0,0.0
1168,1167,MatchingPursuit,8,0.0,0.0
1169,1168,MatchingPursuit,8,0.0,0.0
1170,1169,MatchingPursuit,8,0.0,0.0
1171,1170,MatchingPursuit,8,0.0,0.0
1172,1171,MatchingPursuit,8,0.0,0.0
1173,1172,MatchingPursuit,8,0.0,0.0
1174,1173,MatchingPursuit,8,0.0,0.0
1175,1174,MatchingPursuit,8,0.0,0.0
1176,1175,MatchingPursuit,8,0.0,0.0
1177,1176,MatchingPursuit,8,0.0,0.0
1178,1177,MatchingPursuit,8,0.0,0.0
1179,1178,MatchingPursuit,8,0.0,0.0
1180,1179,MatchingPursuit,8,0.0,0.0
1181,1180,MatchingPursuit,8,0.0,0.0
1182,1181,MatchingPursuit,8,0.0,0.0
1183,1182,MatchingPursuit,8,0.0,0.0
1184,1183,MatchingPursuit,8,0.0,0.0
1185,1184,MatchingPursuit,8,0.0,0.0
1186,1185,MatchingPursuit,8,0.0,0.0
1187,1186,MatchingPursuit,8,0.0,0.0
1188,1187,MatchingPursuit,8,0.0,0.0
1189,1188,MatchingPursuit,8,0.0,0.0
1190,1189,MatchingPursuit,8,0.0,0.0
1191,1190,MatchingPursuit,8,0.0,0.0
1192,1191,MatchingPursuit,8,0.0,0.0
1193,1192,MatchingPursuit,8,0.0,0.0
1194,1193,MatchingPursuit,8,0.0,0.0
1195,1194,MatchingPursuit,8,0.0,0.0
1196,1195,MatchingPursuit,8,0.0,0.0
1197,1196,MatchingPursuit,8,0.0,0.0
1198,1197,MatchingPursuit,8,0.0,0.0
1199,1198,MatchingPursuit,8,0.0,0.0
1200,1199,MatchingPursuit,8,0.0,0.0
1201,1200,MatchingPursuit,8,0.0,0.0
1202,1201,MatchingPursuit,8,0.0,0.0
1203,1202,MatchingPursuit,8,0.0,0.0
1204,1203,MatchingPursuit,8,0.0,0.0
1205,1204,MatchingPursuit,8,0.0,0.0
1206,1205,MatchingPursuit,8,0.0,0.0
1207,1206,MatchingPursuit,8,0.0,0.0
1208,1207,MatchingPursuit,8,0.0,0.0
1209,1208,MatchingPursuit,8,0.0,0.0
1210,1209,MatchingPursuit,8,0.0,0.0
1211,1210,MatchingPursuit,8,0.0,0.0
1212,1211,MatchingPursuit,8,0.0,0.0
1213,1212,MatchingPursuit,8,0.0,0.0
1214,1213,MatchingPursuit,8,0.0,0.0
1215,1214,MatchingPursuit,8,0.0,0.0
1216,1215,MatchingPursuit,8,0.0,0.0
1217,1216,MatchingPursuit,8,0.0,0.0
1218,1217,MatchingPursuit,8,0.0,0.0
1219,1218,MatchingPursuit,8,0.0,0.0
1220,1219,MatchingPursuit,8,0.0,0.0
1221,1220,MatchingPursuit,8,0.0,0.0
1222,1221,MatchingPursuit,8,0.0,0.0
1223,1222,MatchingPursuit,8,0.0,0.0
1224,1223,MatchingPursuit,8,0.0,0.0
1225,1224,MatchingPursuit,8,0.0,0.0
1226,1225,MatchingPursuit,8,0.0,0.0
1227,1226,MatchingPursuit,8,0.0,0.0
1228,1227,MatchingPursuit,8,0.0,0.0
1229,1228,MatchingPursuit,8,0.0,0.0
1230,1229,MatchingPursuit,8,0.0,0.0
1231,1230,MatchingPursuit,8,0.0,0.0
1232,1231,MatchingPursuit,8,0.0,0.0
1233,1232,MatchingPursuit,8,0.0,0.0
1234,1233,MatchingPursuit,8,0.0,0.0
1235,1234,MatchingPursuit,8,0.0,0.0
1236,1235,MatchingPursuit,8,0.0,0.0
1237,1236,MatchingPursuit,8,0.0,0.0
1238,1237,MatchingPursuit,8,0.0,0.0
1239,1238,MatchingPursuit,8,0.0,0.0
1240,1239,MatchingPursuit,8,0.0,0.0
1241,1240,MatchingPursuit,8,0.0,0.0
1242,1241,MatchingPursuit,8,0.0,0.0
1243,1242,MatchingPursuit,8,0.0,0.0
1244,1243,MatchingPursuit,8,0.0,0.0
1245,1244,MatchingPursuit,8,0.0,0.0
1246,1245,MatchingPursuit,8,0.0,0.0
1247,1246,MatchingPursuit,8,0.0,0.0
1248,1247,MatchingPursuit,8,0.0,0.0
1249,1248,MatchingPursuit,8,0.0,0.0
1250,1249,MatchingPursuit,8,0.0,0.0
1251,1250,MatchingPursuit,8,0.0,0.0
1252,1251,MatchingPursuit,8,0.0,0.0
1253,1252,MatchingPursuit,8,0.0,0.0
1254,1253,MatchingPursuit,8,0.0,0.0
1255,1254,MatchingPursuit,8,0.0,0.0
1256,1255,MatchingPursuit,8,0.0,0.0
1257,1256,MatchingPursuit,8,0.0,0.0
1258,1257,MatchingPursuit,8,0.0,0.0
1259,1258,MatchingPursuit,8,0.0,0.0
1260,1259,MatchingPursuit,8,0.0,0.0
1261,1260,MatchingPursuit,8,0.0,0.0
1262,1261,MatchingPursuit,8,0.0,0.0
1263,1262,MatchingPursuit,8,0.0,0.0
1264,1263,MatchingPursuit,8,0.0,0.0
1265,1264,MatchingPursuit,8,0.0,0.0
1266,1265,MatchingPursuit,8,0.0,0.0
1267,1266,MatchingPursuit,8,0.0,0.0
1268,1267,MatchingPursuit,8,0.0,0.0
1269,1268,MatchingPursuit,8,0.0,0.0
1270,1269,MatchingPursuit,8,0.0,0.0
1271,1270,MatchingPursuit,8,0.0,0.0
1272,1271,MatchingPursuit,8,0.0,0.0
1273,1272,MatchingPursuit,8,0.0,0.0
1274,1273,MatchingPursuit,8,0.0,0.0
1275,1274,MatchingPursuit,8,0.0,0.0
1276,1275,MatchingPursuit,8,0.0,0.0
1277,1276,MatchingPursuit,8,0.0,0.0
1278,1277,MatchingPursuit,8,0.0,0.0
1279,1278,MatchingPursuit,8,0.0,0.0
1280,1279,MatchingPursuit,8,0.0,0.0
1281,1280,MatchingPursuit,8,0.0,0.0
1282,1281,MatchingPursuit,8,0.0,0.0
1283,1282,MatchingPursuit,8,0.0,0.0
1284,1283,MatchingPursuit,8,0.0,0.0
1285,1284,MatchingPursuit,8,0.0,0.0
1286,1285,MatchingPursuit,8,0.0,0.0
1287,1286,MatchingPursuit,8,0.0,0.0
1288,1287,MatchingPursuit,8,0.0,0.0
1289,1288,MatchingPursuit,8,0.0,0.0
1290,1289,MatchingPursuit,8,0.0,0.0
1291,1290,MatchingPursuit,8,0.0,0.0
1292,1291,MatchingPursuit,8,0.0,0.0
1293,1292,MatchingPursuit,8,0.0,0.0
1294,1293,MatchingPursuit,8,0.0,0.0
1295,1294,MatchingPursuit,8,0.0,0.0
1296,955,MatchingPursuit,8,0.0,0.0
1,1156,BatchTopK,4,0.854962,0.863934
2,1061,BatchTopK,4,0.851852,0.86115
3,699,BatchTopK,4,0.848485,0.858116
4,1295,BatchTopK,4,0.845638,0.855699
5,969,BatchTopK,4,0.844687,0.854818
6,744,BatchTopK,4,0.84127,0.850395
7,317,BatchTopK,4,0.841212,0.851462
8,308,BatchTopK,4,0.839013,0.849517
9,804,BatchTopK,4,0.838095,0.849011
10,504,BatchTopK,4,0.835664,0.845325
11,1222,BatchTopK,4,0.833333,0.843894
12,460,BatchTopK,4,0.83165,0.843269
13,786,BatchTopK,4,0.830508,0.842448
14,326,BatchTopK,4,0.829201,0.841044
15,1026,BatchTopK,4,0.828479,0.839773
16,591,BatchTopK,4,0.828358,0.840449
17,1144,BatchTopK,4,0.827586,0.837982
18,271,BatchTopK,4,0.827438,0.839361
19,549,BatchTopK,4,0.826325,0.838131
20,401,BatchTopK,4,0.825397,0.837334
21,400,BatchTopK,4,0.825301,0.837703
22,1132,BatchTopK,4,0.825279,0.837974
23,1005,BatchTopK,4,0.823529,0.833856
24,527,BatchTopK,4,0.822917,0.835175
25,910,BatchTopK,4,0.822857,0.834128
26,573,BatchTopK,4,0.822511,0.83478
27,1060,BatchTopK,4,0.822485,0.833754
28,980,BatchTopK,4,0.82243,0.835472
29,1076,BatchTopK,4,0.82243,0.834533
30,790,BatchTopK,4,0.821752,0.833965
31,433,BatchTopK,4,0.820915,0.833831
32,530,BatchTopK,4,0.820789,0.833877
33,1008,BatchTopK,4,0.820513,0.833824
34,223,BatchTopK,4,0.82047,0.833123
35,1162,BatchTopK,4,0.820339,0.831667
36,347,BatchTopK,4,0.82,0.832212
37,500,BatchTopK,4,0.819495,0.831125
38,1118,BatchTopK,4,0.819048,0.832558
39,621,BatchTopK,4,0.818898,0.832282
40,412,BatchTopK,4,0.818325,0.831201
41,773,BatchTopK,4,0.817955,0.831551
42,961,BatchTopK,4,0.817891,0.831563
43,298,BatchTopK,4,0.817297,0.830584
44,529,BatchTopK,4,0.816697,0.830353
45,1141,BatchTopK,4,0.815069,0.82915
46,231,BatchTopK,4,0.814965,0.828523
47,215,BatchTopK,4,0.814679,0.827904
48,677,BatchTopK,4,0.814621,0.827078
49,783,BatchTopK,4,0.814249,0.828368
50,415,BatchTopK,4,0.814216,0.828165
51,721,BatchTopK,4,0.814159,0.827545
52,630,BatchTopK,4,0.81383,0.82802
53,276,BatchTopK,4,0.813043,0.826572
54,632,BatchTopK,4,0.813043,0.826588
55,717,BatchTopK,4,0.812968,0.82726
56,446,BatchTopK,4,0.812689,0.826818
57,295,BatchTopK,4,0.812646,0.826254
58,264,BatchTopK,4,0.812135,0.825813
59,250,BatchTopK,4,0.811902,0.825923
60,369,BatchTopK,4,0.811808,0.825943
61,397,BatchTopK,4,0.811784,0.825554
62,593,BatchTopK,4,0.811716,0.826125
63,1261,BatchTopK,4,0.811594,0.820927
64,351,BatchTopK,4,0.811518,0.823291
65,204,BatchTopK,4,0.8114,0.825293
66,618,BatchTopK,4,0.811359,0.825807
67,581,BatchTopK,4,0.811245,0.82443
68,294,BatchTopK,4,0.811236,0.82539
69,218,BatchTopK,4,0.811201,0.82519
70,473,BatchTopK,4,0.810985,0.825388
71,759,BatchTopK,4,0.810811,0.82373
72,339,BatchTopK,4,0.810742,0.824227
73,483,BatchTopK,4,0.810714,0.824061
74,220,BatchTopK,4,0.810565,0.824352
75,770,BatchTopK,4,0.81039,0.823418
76,148,BatchTopK,4,0.810334,0.824063
77,454,BatchTopK,4,0.810256,0.824789
78,281,BatchTopK,4,0.810036,0.824401
79,857,BatchTopK,4,0.809384,0.82329
80,579,BatchTopK,4,0.809224,0.823989
81,242,BatchTopK,4,0.80887,0.823313
82,368,BatchTopK,4,0.808847,0.823542
83,719,BatchTopK,4,0.808696,0.823549
84,1294,BatchTopK,4,0.808696,0.823731
85,393,BatchTopK,4,0.808696,0.822428
86,794,BatchTopK,4,0.808314,0.822493
87,469,BatchTopK,4,0.80805,0.821355
88,474,BatchTopK,4,0.807882,0.822734
89,414,BatchTopK,4,0.807754,0.822617
90,836,BatchTopK,4,0.807692,0.822766
91,225,BatchTopK,4,0.807619,0.822157
92,532,BatchTopK,4,0.807547,0.82251
93,741,BatchTopK,4,0.807339,0.821658
94,260,BatchTopK,4,0.80732,0.821997
95,367,BatchTopK,4,0.807018,0.820979
96,157,BatchTopK,4,0.806964,0.821378
97,805,BatchTopK,4,0.806931,0.819727
98,324,BatchTopK,4,0.806804,0.82164
99,392,BatchTopK,4,0.806697,0.821681
100,1260,BatchTopK,4,0.806557,0.821842
101,833,BatchTopK,4,0.80654,0.820026
102,143,BatchTopK,4,0.806452,0.820853
103,214,BatchTopK,4,0.806356,0.821108
104,229,BatchTopK,4,0.80631,0.820961
105,165,BatchTopK,4,0.806275,0.820823
106,315,BatchTopK,4,0.806162,0.821125
107,1290,BatchTopK,4,0.805861,0.821272
108,332,BatchTopK,4,0.805663,0.820699
109,246,BatchTopK,4,0.805556,0.819772
110,352,BatchTopK,4,0.805298,0.819964
111,304,BatchTopK,4,0.804851,0.819531
112,341,BatchTopK,4,0.804408,0.819666
113,1015,BatchTopK,4,0.804348,0.81879
114,1247,BatchTopK,4,0.80427,0.81874
115,159,BatchTopK,4,0.804201,0.818998
116,445,BatchTopK,4,0.804154,0.818997
117,350,BatchTopK,4,0.804124,0.818952
118,751,BatchTopK,4,0.803922,0.819507
119,224,BatchTopK,4,0.803922,0.81893
120,331,BatchTopK,4,0.80376,0.818617
121,348,BatchTopK,4,0.803545,0.818474
122,486,BatchTopK,4,0.803478,0.817844
123,262,BatchTopK,4,0.803474,0.81871
124,305,BatchTopK,4,0.80292,0.817503
125,572,BatchTopK,4,0.80292,0.818539
126,947,BatchTopK,4,0.802395,0.818265
127,186,BatchTopK,4,0.802233,0.817376
128,280,BatchTopK,4,0.802174,0.817599
129,816,BatchTopK,4,0.802168,0.818043
130,574,BatchTopK,4,0.802158,0.814987
131,316,BatchTopK,4,0.80207,0.817193
132,355,BatchTopK,4,0.802005,0.816714
133,319,BatchTopK,4,0.801944,0.817482
134,146,BatchTopK,4,0.801932,0.816959
135,468,BatchTopK,4,0.801872,0.816527
136,273,BatchTopK,4,0.801833,0.817346
137,362,BatchTopK,4,0.801598,0.816795
138,124,BatchTopK,4,0.801444,0.816366
139,275,BatchTopK,4,0.801418,0.817014
140,139,BatchTopK,4,0.801333,0.816405
141,171,BatchTopK,4,0.801157,0.81635
142,197,BatchTopK,4,0.801071,0.816491
143,195,BatchTopK,4,0.800955,0.81601
144,712,BatchTopK,4,0.800875,0.816132
145,480,BatchTopK,4,0.800766,0.816076
146,522,BatchTopK,4,0.800745,0.816692
147,568,BatchTopK,4,0.800738,0.816059
148,194,BatchTopK,4,0.800738,0.816238
149,363,BatchTopK,4,0.800591,0.816446
150,125,BatchTopK,4,0.800228,0.81525
151,443,BatchTopK,4,0.8,0.815973
152,492,BatchTopK,4,0.8,0.814852
153,1053,BatchTopK,4,0.8,0.816259
154,584,BatchTopK,4,0.8,0.81467
155,831,BatchTopK,4,0.8,0.816215
156,321,BatchTopK,4,0.8,0.815886
157,686,BatchTopK,4,0.8,0.815382
158,160,BatchTopK,4,0.799706,0.815129
159,307,BatchTopK,4,0.799542,0.814998
160,144,BatchTopK,4,0.799233,0.814554
161,92,BatchTopK,4,0.799228,0.814127
162,238,BatchTopK,4,0.798811,0.814654
163,671,BatchTopK,4,0.798319,0.811267
164,391,BatchTopK,4,0.798206,0.813908
165,141,BatchTopK,4,0.798048,0.813478
166,631,BatchTopK,4,0.797495,0.811217
167,286,BatchTopK,4,0.797436,0.813672
168,672,BatchTopK,4,0.797235,0.813788
169,163,BatchTopK,4,0.796772,0.81262
170,516,BatchTopK,4,0.796715,0.813302
171,261,BatchTopK,4,0.796371,0.812588
172,340,BatchTopK,4,0.796345,0.811858
173,417,BatchTopK,4,0.796053,0.812638
174,440,BatchTopK,4,0.795987,0.81259
175,1097,BatchTopK,4,0.795918,0.812785
176,371,BatchTopK,4,0.795888,0.811429
177,190,BatchTopK,4,0.795756,0.811948
178,592,BatchTopK,4,0.79566,0.81235
179,219,BatchTopK,4,0.795268,0.81156
180,847,BatchTopK,4,0.795181,0.811094
181,450,BatchTopK,4,0.795181,0.811323
182,913,BatchTopK,4,0.795107,0.810007
183,366,BatchTopK,4,0.795107,0.811795
184,585,BatchTopK,4,0.794937,0.810996
185,1151,BatchTopK,4,0.794521,0.811661
186,424,BatchTopK,4,0.794473,0.81132
187,209,BatchTopK,4,0.794092,0.810514
188,254,BatchTopK,4,0.793991,0.810614
189,174,BatchTopK,4,0.793774,0.810131
190,102,BatchTopK,4,0.793766,0.809581
191,505,BatchTopK,4,0.793537,0.809917
192,613,BatchTopK,4,0.793522,0.810584
193,859,BatchTopK,4,0.792793,0.80906
194,406,BatchTopK,4,0.792768,0.808784
195,243,BatchTopK,4,0.792706,0.809089
196,251,BatchTopK,4,0.792627,0.809324
197,236,BatchTopK,4,0.792308,0.808751
198,208,BatchTopK,4,0.792244,0.809
199,87,BatchTopK,4,0.792239,0.808116
200,300,BatchTopK,4,0.792224,0.808775
201,269,BatchTopK,4,0.792221,0.808709
202,234,BatchTopK,4,0.792221,0.809071
203,137,BatchTopK,4,0.792167,0.808509
204,1027,BatchTopK,4,0.792079,0.809521
205,284,BatchTopK,4,0.792059,0.80895
206,116,BatchTopK,4,0.791878,0.808101
207,342,BatchTopK,4,0.791721,0.808819
208,211,BatchTopK,4,0.791379,0.8082
209,427,BatchTopK,4,0.791319,0.808626
210,162,BatchTopK,4,0.791317,0.807419
211,155,BatchTopK,4,0.791255,0.807874
212,1236,BatchTopK,4,0.791111,0.808767
213,733,BatchTopK,4,0.791045,0.806842
214,185,BatchTopK,4,0.79097,0.807821
215,821,BatchTopK,4,0.790909,0.807616
216,203,BatchTopK,4,0.790901,0.807808
217,216,BatchTopK,4,0.790861,0.807778
218,441,BatchTopK,4,0.790765,0.808076
219,131,BatchTopK,4,0.790727,0.807272
220,322,BatchTopK,4,0.790698,0.807041
221,1218,BatchTopK,4,0.790541,0.80591
222,438,BatchTopK,4,0.790528,0.807998
223,784,BatchTopK,4,0.790323,0.807975
224,666,BatchTopK,4,0.790244,0.807018
225,126,BatchTopK,4,0.79017,0.806806
226,467,BatchTopK,4,0.79,0.806917
227,1121,BatchTopK,4,0.789969,0.80772
228,176,BatchTopK,4,0.789904,0.806786
229,158,BatchTopK,4,0.789845,0.806675
230,245,BatchTopK,4,0.789834,0.806655
231,118,BatchTopK,4,0.789676,0.806184
232,192,BatchTopK,4,0.789474,0.806534
233,489,BatchTopK,4,0.789474,0.807087
234,1123,BatchTopK,4,0.789474,0.807346
235,228,BatchTopK,4,0.789424,0.806626
236,408,BatchTopK,4,0.789207,0.806243
237,289,BatchTopK,4,0.789177,0.806564
238,710,BatchTopK,4,0.789144,0.806146
239,70,BatchTopK,4,0.788766,0.804796
240,161,BatchTopK,4,0.788648,0.805727
241,180,BatchTopK,4,0.788644,0.805784
242,60,BatchTopK,4,0.788621,0.804239
243,654,BatchTopK,4,0.788546,0.80562
244,557,BatchTopK,4,0.78835,0.806183
245,232,BatchTopK,4,0.788256,0.80558
246,134,BatchTopK,4,0.78819,0.805148
247,345,BatchTopK,4,0.788124,0.805315
248,1058,BatchTopK,4,0.78808,0.804969
249,297,BatchTopK,4,0.788024,0.805632
250,346,BatchTopK,4,0.787952,0.805575
251,707,BatchTopK,4,0.787879,0.80499
252,73,BatchTopK,4,0.787855,0.804012
253,166,BatchTopK,4,0.787645,0.804913
254,586,BatchTopK,4,0.787589,0.803141
255,270,BatchTopK,4,0.787589,0.804832
256,199,BatchTopK,4,0.787565,0.804964
257,327,BatchTopK,4,0.787565,0.804374
258,265,BatchTopK,4,0.787386,0.804597
259,521,BatchTopK,4,0.787313,0.803968
260,235,BatchTopK,4,0.787149,0.804752
261,418,BatchTopK,4,0.787097,0.802779
262,150,BatchTopK,4,0.787062,0.804255
263,383,BatchTopK,4,0.787037,0.804958
264,207,BatchTopK,4,0.787004,0.804532
265,196,BatchTopK,4,0.786997,0.804474
266,992,BatchTopK,4,0.786787,0.805018
267,380,BatchTopK,4,0.786743,0.80467
268,966,BatchTopK,4,0.786704,0.804923
269,465,BatchTopK,4,0.786667,0.804686
270,285,BatchTopK,4,0.786543,0.804355
271,249,BatchTopK,4,0.786538,0.803504
272,546,BatchTopK,4,0.786517,0.803945
273,551,BatchTopK,4,0.786259,0.804408
274,213,BatchTopK,4,0.785918,0.803662
275,356,BatchTopK,4,0.785915,0.803447
276,200,BatchTopK,4,0.785835,0.803474
277,328,BatchTopK,4,0.785816,0.803876
278,268,BatchTopK,4,0.785714,0.803649
279,62,BatchTopK,4,0.78569,0.801767
280,481,BatchTopK,4,0.785586,0.802526
281,635,BatchTopK,4,0.785571,0.803848
282,67,BatchTopK,4,0.785362,0.801619
283,230,BatchTopK,4,0.785241,0.803084
284,279,BatchTopK,4,0.785134,0.802742
285,226,BatchTopK,4,0.785116,0.802963
286,337,BatchTopK,4,0.7851,0.803277
287,453,BatchTopK,4,0.784884,0.803103
288,379,BatchTopK,4,0.784733,0.803004
289,309,BatchTopK,4,0.784689,0.80281
290,119,BatchTopK,4,0.784624,0.801938
291,272,BatchTopK,4,0.784615,0.802282
292,896,BatchTopK,4,0.784314,0.801903
293,394,BatchTopK,4,0.784257,0.801524
294,183,BatchTopK,4,0.784161,0.801968
295,240,BatchTopK,4,0.784124,0.80216
296,147,BatchTopK,4,0.783838,0.801522
297,525,BatchTopK,4,0.783784,0.802322
298,221,BatchTopK,4,0.783484,0.801654
299,688,BatchTopK,4,0.783455,0.802138
300,205,BatchTopK,4,0.783451,0.801177
301,181,BatchTopK,4,0.783333,0.801345
302,791,BatchTopK,4,0.783133,0.796848
303,133,BatchTopK,4,0.783125,0.800744
304,177,BatchTopK,4,0.783113,0.801151
305,475,BatchTopK,4,0.783109,0.801751
306,114,BatchTopK,4,0.783045,0.800578
307,444,BatchTopK,4,0.783034,0.800428
308,82,BatchTopK,4,0.78283,0.7999
309,318,BatchTopK,4,0.78271,0.801121
310,244,BatchTopK,4,0.782694,0.800966
311,580,BatchTopK,4,0.782609,0.801362
312,1232,BatchTopK,4,0.782609,0.801563
313,312,BatchTopK,4,0.782609,0.800182
314,515,BatchTopK,4,0.782443,0.80049
315,267,BatchTopK,4,0.782422,0.800416
316,607,BatchTopK,4,0.782407,0.801237
317,277,BatchTopK,4,0.782402,0.800873
318,742,BatchTopK,4,0.782369,0.801265
319,1148,BatchTopK,4,0.782288,0.801277
320,333,BatchTopK,4,0.782138,0.800244
321,106,BatchTopK,4,0.781947,0.799489
322,564,BatchTopK,4,0.781818,0.800637
323,426,BatchTopK,4,0.78179,0.800536
324,69,BatchTopK,4,0.781663,0.798711
325,435,BatchTopK,4,0.78157,0.798553
326,628,BatchTopK,4,0.781553,0.800535
327,382,BatchTopK,4,0.781476,0.798653
328,59,BatchTopK,4,0.781347,0.798155
329,797,BatchTopK,4,0.781327,0.79773
330,184,BatchTopK,4,0.781199,0.799511
331,122,BatchTopK,4,0.780964,0.798953
332,210,BatchTopK,4,0.780884,0.799356
333,222,BatchTopK,4,0.780847,0.799345
334,111,BatchTopK,4,0.780784,0.798648
335,50,BatchTopK,4,0.780777,0.797241
336,377,BatchTopK,4,0.780702,0.797472
337,373,BatchTopK,4,0.78069,0.799531
338,653,BatchTopK,4,0.780612,0.798828
339,56,BatchTopK,4,0.780585,0.797406
340,456,BatchTopK,4,0.780488,0.79886
341,375,BatchTopK,4,0.780488,0.799459
342,206,BatchTopK,4,0.780488,0.798914
343,359,BatchTopK,4,0.780488,0.797821
344,410,BatchTopK,4,0.78042,0.796806
345,201,BatchTopK,4,0.780362,0.798869
346,78,BatchTopK,4,0.780287,0.797669
347,330,BatchTopK,4,0.780234,0.799109
348,38,BatchTopK,4,0.779871,0.795722
349,105,BatchTopK,4,0.779868,0.797733
350,115,BatchTopK,4,0.779826,0.797808
351,310,BatchTopK,4,0.779621,0.798525
352,303,BatchTopK,4,0.779618,0.796275
353,396,BatchTopK,4,0.779605,0.796929
354,463,BatchTopK,4,0.779599,0.794926
355,944,BatchTopK,4,0.779553,0.798938
356,94,BatchTopK,4,0.779447,0.797291
357,1252,BatchTopK,4,0.779412,0.798856
358,1191,BatchTopK,4,0.779412,0.798856
359,247,BatchTopK,4,0.779333,0.798207
360,595,BatchTopK,4,0.779324,0.798578
361,43,BatchTopK,4,0.779319,0.79546
362,1072,BatchTopK,4,0.779141,0.798581
363,311,BatchTopK,4,0.779006,0.798114
364,364,BatchTopK,4,0.778561,0.797753
365,77,BatchTopK,4,0.778557,0.796211
366,151,BatchTopK,4,0.778504,0.797109
367,735,BatchTopK,4,0.778302,0.797788
368,569,BatchTopK,4,0.778261,0.796131
369,432,BatchTopK,4,0.778169,0.797548
370,290,BatchTopK,4,0.778032,0.796732
371,248,BatchTopK,4,0.778022,0.796709
372,173,BatchTopK,4,0.777963,0.796813
373,182,BatchTopK,4,0.777879,0.796826
374,112,BatchTopK,4,0.777657,0.795974
375,323,BatchTopK,4,0.77763,0.796932
376,140,BatchTopK,4,0.777622,0.796317
377,217,BatchTopK,4,0.777577,0.79657
378,684,BatchTopK,4,0.777528,0.797119
379,430,BatchTopK,4,0.777385,0.796891
380,544,BatchTopK,4,0.77712,0.796721
381,633,BatchTopK,4,0.777096,0.793073
382,685,BatchTopK,4,0.77707,0.795921
383,57,BatchTopK,4,0.777014,0.794197
384,96,BatchTopK,4,0.776971,0.795193
385,334,BatchTopK,4,0.776859,0.796306
386,136,BatchTopK,4,0.776663,0.79536
387,130,BatchTopK,4,0.77665,0.795366
388,343,BatchTopK,4,0.776335,0.795894
389,138,BatchTopK,4,0.776288,0.795204
390,561,BatchTopK,4,0.776119,0.795156
391,129,BatchTopK,4,0.776119,0.794889
392,493,BatchTopK,4,0.775735,0.795524
393,98,BatchTopK,4,0.775626,0.794011
394,820,BatchTopK,4,0.77551,0.793379
395,645,BatchTopK,4,0.775194,0.794246
396,58,BatchTopK,4,0.775146,0.792878
397,384,BatchTopK,4,0.775106,0.794849
398,543,BatchTopK,4,0.774848,0.794825
399,41,BatchTopK,4,0.774815,0.791547
400,120,BatchTopK,4,0.774664,0.793502
401,104,BatchTopK,4,0.774634,0.793235
402,683,BatchTopK,4,0.774617,0.794664
403,283,BatchTopK,4,0.774498,0.794213
404,142,BatchTopK,4,0.774457,0.793611
405,95,BatchTopK,4,0.774384,0.793042
406,888,BatchTopK,4,0.774359,0.792612
407,425,BatchTopK,4,0.774312,0.794329
408,88,BatchTopK,4,0.774281,0.792777
409,349,BatchTopK,4,0.774194,0.794106
410,578,BatchTopK,4,0.774059,0.792619
411,336,BatchTopK,4,0.774019,0.793908
412,85,BatchTopK,4,0.773832,0.792476
413,381,BatchTopK,4,0.7737,0.793138
414,437,BatchTopK,4,0.773639,0.793082
415,365,BatchTopK,4,0.773529,0.791902
416,524,BatchTopK,4,0.773504,0.793721
417,623,BatchTopK,4,0.773455,0.792004
418,612,BatchTopK,4,0.773455,0.793708
419,501,BatchTopK,4,0.773424,0.793546
420,407,BatchTopK,4,0.773376,0.792865
421,1130,BatchTopK,4,0.773333,0.791277
422,127,BatchTopK,4,0.773229,0.792517
423,108,BatchTopK,4,0.773156,0.792214
424,503,BatchTopK,4,0.773109,0.791396
425,128,BatchTopK,4,0.773089,0.792311
426,1009,BatchTopK,4,0.77305,0.790902
427,674,BatchTopK,4,0.772947,0.792391
428,1255,BatchTopK,4,0.772908,0.793417
429,191,BatchTopK,4,0.772766,0.792459
430,117,BatchTopK,4,0.772727,0.792013
431,1059,BatchTopK,4,0.772563,0.789196
432,103,BatchTopK,4,0.772443,0.79151
433,313,BatchTopK,4,0.772105,0.792243
434,233,BatchTopK,4,0.771892,0.791953
435,389,BatchTopK,4,0.771838,0.792052
436,168,BatchTopK,4,0.771757,0.791573
437,149,BatchTopK,4,0.771686,0.791309
438,455,BatchTopK,4,0.771626,0.788867
439,566,BatchTopK,4,0.771619,0.788903
440,979,BatchTopK,4,0.771513,0.78891
441,528,BatchTopK,4,0.771488,0.789684
442,47,BatchTopK,4,0.77099,0.788736
443,257,BatchTopK,4,0.770901,0.791126
444,179,BatchTopK,4,0.770815,0.790831
445,447,BatchTopK,4,0.770764,0.791303
446,132,BatchTopK,4,0.770764,0.790475
447,669,BatchTopK,4,0.770642,0.791352
448,405,BatchTopK,4,0.770588,0.79052
449,52,BatchTopK,4,0.770531,0.788603
450,63,BatchTopK,4,0.770376,0.788929
451,775,BatchTopK,4,0.770302,0.790187
452,282,BatchTopK,4,0.770255,0.790603
453,75,BatchTopK,4,0.770096,0.789004
454,198,BatchTopK,4,0.769919,0.790123
455,53,BatchTopK,4,0.769882,0.788058
456,428,BatchTopK,4,0.769748,0.788555
457,99,BatchTopK,4,0.769648,0.789223
458,66,BatchTopK,4,0.769451,0.78818
459,1220,BatchTopK,4,0.769231,0.790344
460,193,BatchTopK,4,0.769231,0.789521
461,84,BatchTopK,4,0.769161,0.788468
462,175,BatchTopK,4,0.769104,0.789347
463,540,BatchTopK,4,0.768696,0.789596
464,562,BatchTopK,4,0.768612,0.788824
465,164,BatchTopK,4,0.768539,0.788764
466,556,BatchTopK,4,0.768519,0.789579
467,306,BatchTopK,4,0.768362,0.789194
468,814,BatchTopK,4,0.768328,0.789504
469,314,BatchTopK,4,0.768278,0.789033
470,90,BatchTopK,4,0.768212,0.787766
471,266,BatchTopK,4,0.768212,0.788886
472,256,BatchTopK,4,0.768035,0.787885
473,788,BatchTopK,4,0.768,0.789198
474,912,BatchTopK,4,0.768,0.789198
475,754,BatchTopK,4,0.767956,0.789173
476,451,BatchTopK,4,0.767857,0.788219
477,665,BatchTopK,4,0.767772,0.788965
478,80,BatchTopK,4,0.767643,0.786999
479,482,BatchTopK,4,0.767568,0.788671
480,101,BatchTopK,4,0.767562,0.787386
481,403,BatchTopK,4,0.767475,0.787905
482,44,BatchTopK,4,0.767448,0.785702
483,965,BatchTopK,4,0.767442,0.787645
484,93,BatchTopK,4,0.767331,0.787033
485,100,BatchTopK,4,0.767082,0.786918
486,739,BatchTopK,4,0.767059,0.788366
487,123,BatchTopK,4,0.766593,0.786691
488,61,BatchTopK,4,0.766438,0.785517
489,152,BatchTopK,4,0.766208,0.786631
490,167,BatchTopK,4,0.766059,0.786442
491,431,BatchTopK,4,0.765957,0.786009
492,550,BatchTopK,4,0.765784,0.78724
493,675,BatchTopK,4,0.765766,0.786395
494,86,BatchTopK,4,0.765489,0.785417
495,39,BatchTopK,4,0.764933,0.783072
496,145,BatchTopK,4,0.764907,0.785605
497,876,BatchTopK,4,0.764872,0.786608
498,74,BatchTopK,4,0.764538,0.784354
499,263,BatchTopK,4,0.764505,0.785811
500,722,BatchTopK,4,0.764368,0.786191
501,502,BatchTopK,4,0.763949,0.784893
502,54,BatchTopK,4,0.763719,0.783057
503,49,BatchTopK,4,0.763636,0.782479
504,227,BatchTopK,4,0.763237,0.784638
505,178,BatchTopK,4,0.763015,0.784183
506,491,BatchTopK,4,0.762963,0.784841
507,32,BatchTopK,4,0.762624,0.780655
508,1071,BatchTopK,4,0.762238,0.783111
509,1098,BatchTopK,4,0.762238,0.784474
510,900,BatchTopK,4,0.762215,0.783164
511,1081,BatchTopK,4,0.762162,0.784333
512,472,BatchTopK,4,0.762082,0.784108
513,135,BatchTopK,4,0.761971,0.782887
514,48,BatchTopK,4,0.761932,0.781209
515,411,BatchTopK,4,0.761905,0.782628
516,71,BatchTopK,4,0.761725,0.781815
517,541,BatchTopK,4,0.761719,0.782303
518,793,BatchTopK,4,0.761644,0.78283
519,402,BatchTopK,4,0.761644,0.782483
520,113,BatchTopK,4,0.761557,0.782627
521,518,BatchTopK,4,0.761523,0.78368
522,51,BatchTopK,4,0.761357,0.780874
523,951,BatchTopK,4,0.76129,0.783663
524,670,BatchTopK,4,0.761155,0.783484
525,29,BatchTopK,4,0.760671,0.778402
526,65,BatchTopK,4,0.760665,0.780809
527,1269,BatchTopK,4,0.760456,0.781524
528,509,BatchTopK,4,0.7603,0.782628
529,1112,BatchTopK,4,0.760274,0.782835
530,26,BatchTopK,4,0.760099,0.777528
531,109,BatchTopK,4,0.759494,0.780737
532,30,BatchTopK,4,0.759342,0.777359
533,156,BatchTopK,4,0.759298,0.780948
534,81,BatchTopK,4,0.759097,0.780067
535,55,BatchTopK,4,0.75892,0.77912
536,37,BatchTopK,4,0.758912,0.777881
537,287,BatchTopK,4,0.758865,0.780663
538,34,BatchTopK,4,0.758858,0.77745
539,370,BatchTopK,4,0.758824,0.781261
540,154,BatchTopK,4,0.758669,0.780407
541,35,BatchTopK,4,0.758433,0.777328
542,107,BatchTopK,4,0.758403,0.779743
543,72,BatchTopK,4,0.757946,0.778831
544,83,BatchTopK,4,0.757589,0.778643
545,523,BatchTopK,4,0.757463,0.780266
546,68,BatchTopK,4,0.75735,0.778238
547,31,BatchTopK,4,0.75723,0.775827
548,188,BatchTopK,4,0.757108,0.779308
549,278,BatchTopK,4,0.75698,0.779454
550,89,BatchTopK,4,0.756951,0.778215
551,360,BatchTopK,4,0.756899,0.778528
552,656,BatchTopK,4,0.756757,0.779732
553,40,BatchTopK,4,0.756717,0.776236
554,706,BatchTopK,4,0.756637,0.77966
555,484,BatchTopK,4,0.756477,0.779406
556,604,BatchTopK,4,0.756098,0.776768
557,76,BatchTopK,4,0.756067,0.777281
558,897,BatchTopK,4,0.755981,0.779148
559,46,BatchTopK,4,0.755897,0.776076
560,1032,BatchTopK,4,0.755853,0.777819
561,45,BatchTopK,4,0.755846,0.775877
562,570,BatchTopK,4,0.755639,0.77652
563,202,BatchTopK,4,0.755556,0.778074
564,548,BatchTopK,4,0.755467,0.777838
565,258,BatchTopK,4,0.755382,0.777672
566,33,BatchTopK,4,0.755239,0.774285
567,97,BatchTopK,4,0.755174,0.776972
568,553,BatchTopK,4,0.75514,0.776111
569,172,BatchTopK,4,0.754938,0.77737
570,121,BatchTopK,4,0.754717,0.77697
571,259,BatchTopK,4,0.754717,0.777584
572,28,BatchTopK,4,0.754469,0.772927
573,1054,BatchTopK,4,0.754209,0.773867
574,420,BatchTopK,4,0.753425,0.776868
575,23,BatchTopK,4,0.753386,0.771509
576,801,BatchTopK,4,0.753165,0.77691
577,16,BatchTopK,4,0.75305,0.768961
578,189,BatchTopK,4,0.753036,0.775582
579,42,BatchTopK,4,0.752683,0.772989
580,485,BatchTopK,4,0.752399,0.776078
581,212,BatchTopK,4,0.752187,0.77541
582,723,BatchTopK,4,0.751958,0.775846
583,7,BatchTopK,4,0.751952,0.760484
584,153,BatchTopK,4,0.751557,0.774482
585,822,BatchTopK,4,0.751295,0.773207
586,25,BatchTopK,4,0.750487,0.769401
587,13,BatchTopK,4,0.750266,0.765329
588,64,BatchTopK,4,0.75,0.772003
589,750,BatchTopK,4,0.748899,0.769726
590,372,BatchTopK,4,0.748844,0.77301
591,14,BatchTopK,4,0.748657,0.764251
592,170,BatchTopK,4,0.748655,0.772214
593,27,BatchTopK,4,0.748573,0.768011
594,728,BatchTopK,4,0.748011,0.772586
595,36,BatchTopK,4,0.747967,0.768645
596,110,BatchTopK,4,0.747727,0.770991
597,169,BatchTopK,4,0.747573,0.77104
598,11,BatchTopK,4,0.747547,0.761732
599,20,BatchTopK,4,0.747525,0.765751
600,12,BatchTopK,4,0.747192,0.76229
601,91,BatchTopK,4,0.747188,0.770261
602,10,BatchTopK,4,0.747186,0.760399
603,344,BatchTopK,4,0.747051,0.771415
604,253,BatchTopK,4,0.74704,0.771242
605,24,BatchTopK,4,0.746531,0.7658
606,9,BatchTopK,4,0.746383,0.75889
607,914,BatchTopK,4,0.745981,0.770974
608,903,BatchTopK,4,0.745981,0.768353
609,15,BatchTopK,4,0.74513,0.761724
610,1089,BatchTopK,4,0.745098,0.76758
611,18,BatchTopK,4,0.744971,0.762927
612,499,BatchTopK,4,0.744755,0.769706
613,17,BatchTopK,4,0.744162,0.761791
614,761,BatchTopK,4,0.743719,0.765939
615,376,BatchTopK,4,0.742424,0.767695
616,702,BatchTopK,4,0.741935,0.767517
617,21,BatchTopK,4,0.741694,0.760925
618,736,BatchTopK,4,0.740933,0.765643
619,19,BatchTopK,4,0.74016,0.759285
620,79,BatchTopK,4,0.739903,0.763782
621,6,BatchTopK,4,0.739879,0.748424
622,239,BatchTopK,4,0.739394,0.764866
623,1178,BatchTopK,4,0.738956,0.765249
624,8,BatchTopK,4,0.738196,0.750571
625,4,BatchTopK,4,0.737976,0.740777
626,288,BatchTopK,4,0.737819,0.763697
627,1066,BatchTopK,4,0.737226,0.763803
628,3,BatchTopK,4,0.735981,0.733774
629,5,BatchTopK,4,0.735627,0.741807
630,765,BatchTopK,4,0.735376,0.759832
631,629,BatchTopK,4,0.734967,0.76177
632,22,BatchTopK,4,0.734884,0.755682
633,255,BatchTopK,4,0.734266,0.760778
634,1007,BatchTopK,4,0.732601,0.758426
635,615,BatchTopK,4,0.73251,0.759717
636,395,BatchTopK,4,0.732484,0.758165
637,747,BatchTopK,4,0.731707,0.756847
638,1136,BatchTopK,4,0.729508,0.757505
639,616,BatchTopK,4,0.728972,0.751948
640,1006,BatchTopK,4,0.72428,0.747971
641,2,BatchTopK,4,0.72386,0.714344
642,575,BatchTopK,4,0.723312,0.752218
643,470,BatchTopK,4,0.723022,0.750272
644,1,BatchTopK,4,0.716,0.688071
645,1088,BatchTopK,4,0.711744,0.74135
646,690,BatchTopK,4,0.7,0.730768
647,705,BatchTopK,4,0.697143,0.731109
648,0,BatchTopK,4,0.673725,0.585014
649,972,BatchTopK,4,0.0,0.0
650,649,BatchTopK,4,0.0,0.0
651,650,BatchTopK,4,0.0,0.0
652,651,BatchTopK,4,0.0,0.0
653,652,BatchTopK,4,0.0,0.0
654,644,BatchTopK,4,0.0,0.0
655,643,BatchTopK,4,0.0,0.0
656,655,BatchTopK,4,0.0,0.0
657,642,BatchTopK,4,0.0,0.0
658,657,BatchTopK,4,0.0,0.0
659,658,BatchTopK,4,0.0,0.0
660,659,BatchTopK,4,0.0,0.0
661,660,BatchTopK,4,0.0,0.0
662,661,BatchTopK,4,0.0,0.0
663,662,BatchTopK,4,0.0,0.0
664,663,BatchTopK,4,0.0,0.0
665,664,BatchTopK,4,0.0,0.0
666,641,BatchTopK,4,0.0,0.0
667,640,BatchTopK,4,0.0,0.0
668,667,BatchTopK,4,0.0,0.0
669,668,BatchTopK,4,0.0,0.0
670,639,BatchTopK,4,0.0,0.0
671,638,BatchTopK,4,0.0,0.0
672,637,BatchTopK,4,0.0,0.0
673,636,BatchTopK,4,0.0,0.0
674,673,BatchTopK,4,0.0,0.0
675,634,BatchTopK,4,0.0,0.0
676,627,BatchTopK,4,0.0,0.0
677,676,BatchTopK,4,0.0,0.0
678,626,BatchTopK,4,0.0,0.0
679,678,BatchTopK,4,0.0,0.0
680,679,BatchTopK,4,0.0,0.0
681,680,BatchTopK,4,0.0,0.0
682,681,BatchTopK,4,0.0,0.0
683,682,BatchTopK,4,0.0,0.0
684,625,BatchTopK,4,0.0,0.0
685,624,BatchTopK,4,0.0,0.0
686,622,BatchTopK,4,0.0,0.0
687,620,BatchTopK,4,0.0,0.0
688,687,BatchTopK,4,0.0,0.0
689,619,BatchTopK,4,0.0,0.0
690,689,BatchTopK,4,0.0,0.0
691,617,BatchTopK,4,0.0,0.0
692,691,BatchTopK,4,0.0,0.0
693,692,BatchTopK,4,0.0,0.0
694,693,BatchTopK,4,0.0,0.0
695,694,BatchTopK,4,0.0,0.0
696,695,BatchTopK,4,0.0,0.0
697,696,BatchTopK,4,0.0,0.0
698,697,BatchTopK,4,0.0,0.0
699,698,BatchTopK,4,0.0,0.0
700,614,BatchTopK,4,0.0,0.0
701,700,BatchTopK,4,0.0,0.0
702,701,BatchTopK,4,0.0,0.0
703,611,BatchTopK,4,0.0,0.0
704,703,BatchTopK,4,0.0,0.0
705,704,BatchTopK,4,0.0,0.0
706,610,BatchTopK,4,0.0,0.0
707,609,BatchTopK,4,0.0,0.0
708,608,BatchTopK,4,0.0,0.0
709,708,BatchTopK,4,0.0,0.0
710,709,BatchTopK,4,0.0,0.0
711,606,BatchTopK,4,0.0,0.0
712,711,BatchTopK,4,0.0,0.0
713,605,BatchTopK,4,0.0,0.0
714,713,BatchTopK,4,0.0,0.0
715,714,BatchTopK,4,0.0,0.0
716,715,BatchTopK,4,0.0,0.0
717,716,BatchTopK,4,0.0,0.0
718,603,BatchTopK,4,0.0,0.0
719,718,BatchTopK,4,0.0,0.0
720,602,BatchTopK,4,0.0,0.0
721,720,BatchTopK,4,0.0,0.0
722,601,BatchTopK,4,0.0,0.0
723,600,BatchTopK,4,0.0,0.0
724,599,BatchTopK,4,0.0,0.0
725,724,BatchTopK,4,0.0,0.0
726,725,BatchTopK,4,0.0,0.0
727,726,BatchTopK,4,0.0,0.0
728,727,BatchTopK,4,0.0,0.0
729,598,BatchTopK,4,0.0,0.0
730,729,BatchTopK,4,0.0,0.0
731,730,BatchTopK,4,0.0,0.0
732,731,BatchTopK,4,0.0,0.0
733,732,BatchTopK,4,0.0,0.0
734,597,BatchTopK,4,0.0,0.0
735,734,BatchTopK,4,0.0,0.0
736,596,BatchTopK,4,0.0,0.0
737,594,BatchTopK,4,0.0,0.0
738,737,BatchTopK,4,0.0,0.0
739,738,BatchTopK,4,0.0,0.0
740,590,BatchTopK,4,0.0,0.0
741,740,BatchTopK,4,0.0,0.0
742,589,BatchTopK,4,0.0,0.0
743,588,BatchTopK,4,0.0,0.0
744,743,BatchTopK,4,0.0,0.0
745,587,BatchTopK,4,0.0,0.0
746,745,BatchTopK,4,0.0,0.0
747,746,BatchTopK,4,0.0,0.0
748,583,BatchTopK,4,0.0,0.0
749,748,BatchTopK,4,0.0,0.0
750,749,BatchTopK,4,0.0,0.0
751,582,BatchTopK,4,0.0,0.0
752,577,BatchTopK,4,0.0,0.0
753,752,BatchTopK,4,0.0,0.0
754,753,BatchTopK,4,0.0,0.0
755,576,BatchTopK,4,0.0,0.0
756,755,BatchTopK,4,0.0,0.0
757,756,BatchTopK,4,0.0,0.0
758,757,BatchTopK,4,0.0,0.0
759,758,BatchTopK,4,0.0,0.0
760,571,BatchTopK,4,0.0,0.0
761,760,BatchTopK,4,0.0,0.0
762,567,BatchTopK,4,0.0,0.0
763,762,BatchTopK,4,0.0,0.0
764,763,BatchTopK,4,0.0,0.0
765,764,BatchTopK,4,0.0,0.0
766,565,BatchTopK,4,0.0,0.0
767,766,BatchTopK,4,0.0,0.0
768,767,BatchTopK,4,0.0,0.0
769,768,BatchTopK,4,0.0,0.0
770,769,BatchTopK,4,0.0,0.0
771,563,BatchTopK,4,0.0,0.0
772,771,BatchTopK,4,0.0,0.0
773,772,BatchTopK,4,0.0,0.0
774,560,BatchTopK,4,0.0,0.0
775,774,BatchTopK,4,0.0,0.0
776,559,BatchTopK,4,0.0,0.0
777,776,BatchTopK,4,0.0,0.0
778,777,BatchTopK,4,0.0,0.0
779,778,BatchTopK,4,0.0,0.0
780,779,BatchTopK,4,0.0,0.0
781,780,BatchTopK,4,0.0,0.0
782,781,BatchTopK,4,0.0,0.0
783,782,BatchTopK,4,0.0,0.0
784,558,BatchTopK,4,0.0,0.0
785,555,BatchTopK,4,0.0,0.0
786,785,BatchTopK,4,0.0,0.0
787,554,BatchTopK,4,0.0,0.0
788,787,BatchTopK,4,0.0,0.0
789,552,BatchTopK,4,0.0,0.0
790,789,BatchTopK,4,0.0,0.0
791,547,BatchTopK,4,0.0,0.0
792,545,BatchTopK,4,0.0,0.0
793,792,BatchTopK,4,0.0,0.0
794,542,BatchTopK,4,0.0,0.0
795,539,BatchTopK,4,0.0,0.0
796,795,BatchTopK,4,0.0,0.0
797,796,BatchTopK,4,0.0,0.0
798,538,BatchTopK,4,0.0,0.0
799,798,BatchTopK,4,0.0,0.0
800,799,BatchTopK,4,0.0,0.0
801,800,BatchTopK,4,0.0,0.0
802,537,BatchTopK,4,0.0,0.0
803,802,BatchTopK,4,0.0,0.0
804,803,BatchTopK,4,0.0,0.0
805,536,BatchTopK,4,0.0,0.0
806,535,BatchTopK,4,0.0,0.0
807,806,BatchTopK,4,0.0,0.0
808,807,BatchTopK,4,0.0,0.0
809,808,BatchTopK,4,0.0,0.0
810,809,BatchTopK,4,0.0,0.0
811,810,BatchTopK,4,0.0,0.0
812,811,BatchTopK,4,0.0,0.0
813,812,BatchTopK,4,0.0,0.0
814,813,BatchTopK,4,0.0,0.0
815,534,BatchTopK,4,0.0,0.0
816,815,BatchTopK,4,0.0,0.0
817,533,BatchTopK,4,0.0,0.0
818,817,BatchTopK,4,0.0,0.0
819,818,BatchTopK,4,0.0,0.0
820,819,BatchTopK,4,0.0,0.0
821,531,BatchTopK,4,0.0,0.0
822,526,BatchTopK,4,0.0,0.0
823,520,BatchTopK,4,0.0,0.0
824,823,BatchTopK,4,0.0,0.0
825,824,BatchTopK,4,0.0,0.0
826,825,BatchTopK,4,0.0,0.0
827,826,BatchTopK,4,0.0,0.0
828,827,BatchTopK,4,0.0,0.0
829,828,BatchTopK,4,0.0,0.0
830,829,BatchTopK,4,0.0,0.0
831,830,BatchTopK,4,0.0,0.0
832,519,BatchTopK,4,0.0,0.0
833,832,BatchTopK,4,0.0,0.0
834,517,BatchTopK,4,0.0,0.0
835,834,BatchTopK,4,0.0,0.0
836,835,BatchTopK,4,0.0,0.0
837,514,BatchTopK,4,0.0,0.0
838,837,BatchTopK,4,0.0,0.0
839,838,BatchTopK,4,0.0,0.0
840,839,BatchTopK,4,0.0,0.0
841,840,BatchTopK,4,0.0,0.0
842,841,BatchTopK,4,0.0,0.0
843,842,BatchTopK,4,0.0,0.0
844,843,BatchTopK,4,0.0,0.0
845,844,BatchTopK,4,0.0,0.0
846,845,BatchTopK,4,0.0,0.0
847,846,BatchTopK,4,0.0,0.0
848,513,BatchTopK,4,0.0,0.0
849,848,BatchTopK,4,0.0,0.0
850,849,BatchTopK,4,0.0,0.0
851,850,BatchTopK,4,0.0,0.0
852,851,BatchTopK,4,0.0,0.0
853,852,BatchTopK,4,0.0,0.0
854,853,BatchTopK,4,0.0,0.0
855,854,BatchTopK,4,0.0,0.0
856,855,BatchTopK,4,0.0,0.0
857,856,BatchTopK,4,0.0,0.0
858,512,BatchTopK,4,0.0,0.0
859,858,BatchTopK,4,0.0,0.0
860,511,BatchTopK,4,0.0,0.0
861,860,BatchTopK,4,0.0,0.0
862,861,BatchTopK,4,0.0,0.0
863,862,BatchTopK,4,0.0,0.0
864,863,BatchTopK,4,0.0,0.0
865,864,BatchTopK,4,0.0,0.0
866,865,BatchTopK,4,0.0,0.0
867,866,BatchTopK,4,0.0,0.0
868,867,BatchTopK,4,0.0,0.0
869,868,BatchTopK,4,0.0,0.0
870,869,BatchTopK,4,0.0,0.0
871,870,BatchTopK,4,0.0,0.0
872,871,BatchTopK,4,0.0,0.0
873,872,BatchTopK,4,0.0,0.0
874,873,BatchTopK,4,0.0,0.0
875,874,BatchTopK,4,0.0,0.0
876,875,BatchTopK,4,0.0,0.0
877,510,BatchTopK,4,0.0,0.0
878,877,BatchTopK,4,0.0,0.0
879,878,BatchTopK,4,0.0,0.0
880,879,BatchTopK,4,0.0,0.0
881,880,BatchTopK,4,0.0,0.0
882,881,BatchTopK,4,0.0,0.0
883,882,BatchTopK,4,0.0,0.0
884,883,BatchTopK,4,0.0,0.0
885,884,BatchTopK,4,0.0,0.0
886,885,BatchTopK,4,0.0,0.0
887,886,BatchTopK,4,0.0,0.0
888,887,BatchTopK,4,0.0,0.0
889,508,BatchTopK,4,0.0,0.0
890,889,BatchTopK,4,0.0,0.0
891,890,BatchTopK,4,0.0,0.0
892,891,BatchTopK,4,0.0,0.0
893,892,BatchTopK,4,0.0,0.0
894,893,BatchTopK,4,0.0,0.0
895,894,BatchTopK,4,0.0,0.0
896,895,BatchTopK,4,0.0,0.0
897,507,BatchTopK,4,0.0,0.0
898,506,BatchTopK,4,0.0,0.0
899,898,BatchTopK,4,0.0,0.0
900,899,BatchTopK,4,0.0,0.0
901,498,BatchTopK,4,0.0,0.0
902,901,BatchTopK,4,0.0,0.0
903,902,BatchTopK,4,0.0,0.0
904,497,BatchTopK,4,0.0,0.0
905,904,BatchTopK,4,0.0,0.0
906,905,BatchTopK,4,0.0,0.0
907,906,BatchTopK,4,0.0,0.0
908,907,BatchTopK,4,0.0,0.0
909,908,BatchTopK,4,0.0,0.0
910,909,BatchTopK,4,0.0,0.0
911,496,BatchTopK,4,0.0,0.0
912,911,BatchTopK,4,0.0,0.0
913,495,BatchTopK,4,0.0,0.0
914,494,BatchTopK,4,0.0,0.0
915,490,BatchTopK,4,0.0,0.0
916,915,BatchTopK,4,0.0,0.0
917,916,BatchTopK,4,0.0,0.0
918,917,BatchTopK,4,0.0,0.0
919,918,BatchTopK,4,0.0,0.0
920,919,BatchTopK,4,0.0,0.0
921,920,BatchTopK,4,0.0,0.0
922,921,BatchTopK,4,0.0,0.0
923,922,BatchTopK,4,0.0,0.0
924,923,BatchTopK,4,0.0,0.0
925,924,BatchTopK,4,0.0,0.0
926,925,BatchTopK,4,0.0,0.0
927,926,BatchTopK,4,0.0,0.0
928,927,BatchTopK,4,0.0,0.0
929,928,BatchTopK,4,0.0,0.0
930,929,BatchTopK,4,0.0,0.0
931,930,BatchTopK,4,0.0,0.0
932,931,BatchTopK,4,0.0,0.0
933,932,BatchTopK,4,0.0,0.0
934,933,BatchTopK,4,0.0,0.0
935,934,BatchTopK,4,0.0,0.0
936,935,BatchTopK,4,0.0,0.0
937,936,BatchTopK,4,0.0,0.0
938,937,BatchTopK,4,0.0,0.0
939,938,BatchTopK,4,0.0,0.0
940,939,BatchTopK,4,0.0,0.0
941,940,BatchTopK,4,0.0,0.0
942,941,BatchTopK,4,0.0,0.0
943,942,BatchTopK,4,0.0,0.0
944,943,BatchTopK,4,0.0,0.0
945,488,BatchTopK,4,0.0,0.0
946,945,BatchTopK,4,0.0,0.0
947,946,BatchTopK,4,0.0,0.0
948,487,BatchTopK,4,0.0,0.0
949,948,BatchTopK,4,0.0,0.0
950,949,BatchTopK,4,0.0,0.0
951,950,BatchTopK,4,0.0,0.0
952,479,BatchTopK,4,0.0,0.0
953,952,BatchTopK,4,0.0,0.0
954,953,BatchTopK,4,0.0,0.0
955,954,BatchTopK,4,0.0,0.0
956,955,BatchTopK,4,0.0,0.0
957,956,BatchTopK,4,0.0,0.0
958,957,BatchTopK,4,0.0,0.0
959,958,BatchTopK,4,0.0,0.0
960,959,BatchTopK,4,0.0,0.0
961,960,BatchTopK,4,0.0,0.0
962,478,BatchTopK,4,0.0,0.0
963,962,BatchTopK,4,0.0,0.0
964,963,BatchTopK,4,0.0,0.0
965,964,BatchTopK,4,0.0,0.0
966,477,BatchTopK,4,0.0,0.0
967,476,BatchTopK,4,0.0,0.0
968,967,BatchTopK,4,0.0,0.0
969,968,BatchTopK,4,0.0,0.0
970,471,BatchTopK,4,0.0,0.0
971,970,BatchTopK,4,0.0,0.0
972,971,BatchTopK,4,0.0,0.0
973,646,BatchTopK,4,0.0,0.0
974,973,BatchTopK,4,0.0,0.0
975,974,BatchTopK,4,0.0,0.0
976,975,BatchTopK,4,0.0,0.0
977,976,BatchTopK,4,0.0,0.0
978,977,BatchTopK,4,0.0,0.0
979,978,BatchTopK,4,0.0,0.0
980,466,BatchTopK,4,0.0,0.0
981,464,BatchTopK,4,0.0,0.0
982,981,BatchTopK,4,0.0,0.0
983,982,BatchTopK,4,0.0,0.0
984,983,BatchTopK,4,0.0,0.0
985,984,BatchTopK,4,0.0,0.0
986,985,BatchTopK,4,0.0,0.0
987,986,BatchTopK,4,0.0,0.0
988,987,BatchTopK,4,0.0,0.0
989,988,BatchTopK,4,0.0,0.0
990,989,BatchTopK,4,0.0,0.0
991,990,BatchTopK,4,0.0,0.0
992,991,BatchTopK,4,0.0,0.0
993,462,BatchTopK,4,0.0,0.0
994,993,BatchTopK,4,0.0,0.0
995,994,BatchTopK,4,0.0,0.0
996,995,BatchTopK,4,0.0,0.0
997,996,BatchTopK,4,0.0,0.0
998,997,BatchTopK,4,0.0,0.0
999,998,BatchTopK,4,0.0,0.0
1000,999,BatchTopK,4,0.0,0.0
1001,1000,BatchTopK,4,0.0,0.0
1002,1001,BatchTopK,4,0.0,0.0
1003,1002,BatchTopK,4,0.0,0.0
1004,1003,BatchTopK,4,0.0,0.0
1005,1004,BatchTopK,4,0.0,0.0
1006,461,BatchTopK,4,0.0,0.0
1007,459,BatchTopK,4,0.0,0.0
1008,458,BatchTopK,4,0.0,0.0
1009,457,BatchTopK,4,0.0,0.0
1010,452,BatchTopK,4,0.0,0.0
1011,1010,BatchTopK,4,0.0,0.0
1012,1011,BatchTopK,4,0.0,0.0
1013,1012,BatchTopK,4,0.0,0.0
1014,1013,BatchTopK,4,0.0,0.0
1015,1014,BatchTopK,4,0.0,0.0
1016,449,BatchTopK,4,0.0,0.0
1017,1016,BatchTopK,4,0.0,0.0
1018,1017,BatchTopK,4,0.0,0.0
1019,1018,BatchTopK,4,0.0,0.0
1020,1019,BatchTopK,4,0.0,0.0
1021,1020,BatchTopK,4,0.0,0.0
1022,1021,BatchTopK,4,0.0,0.0
1023,1022,BatchTopK,4,0.0,0.0
1024,1023,BatchTopK,4,0.0,0.0
1025,1024,BatchTopK,4,0.0,0.0
1026,1025,BatchTopK,4,0.0,0.0
1027,448,BatchTopK,4,0.0,0.0
1028,442,BatchTopK,4,0.0,0.0
1029,1028,BatchTopK,4,0.0,0.0
1030,1029,BatchTopK,4,0.0,0.0
1031,1030,BatchTopK,4,0.0,0.0
1032,1031,BatchTopK,4,0.0,0.0
1033,439,BatchTopK,4,0.0,0.0
1034,1033,BatchTopK,4,0.0,0.0
1035,1034,BatchTopK,4,0.0,0.0
1036,1035,BatchTopK,4,0.0,0.0
1037,1036,BatchTopK,4,0.0,0.0
1038,1037,BatchTopK,4,0.0,0.0
1039,1038,BatchTopK,4,0.0,0.0
1040,1039,BatchTopK,4,0.0,0.0
1041,1040,BatchTopK,4,0.0,0.0
1042,1041,BatchTopK,4,0.0,0.0
1043,1042,BatchTopK,4,0.0,0.0
1044,1043,BatchTopK,4,0.0,0.0
1045,1044,BatchTopK,4,0.0,0.0
1046,1045,BatchTopK,4,0.0,0.0
1047,1046,BatchTopK,4,0.0,0.0
1048,1047,BatchTopK,4,0.0,0.0
1049,1048,BatchTopK,4,0.0,0.0
1050,1049,BatchTopK,4,0.0,0.0
1051,1050,BatchTopK,4,0.0,0.0
1052,1051,BatchTopK,4,0.0,0.0
1053,1052,BatchTopK,4,0.0,0.0
1054,436,BatchTopK,4,0.0,0.0
1055,434,BatchTopK,4,0.0,0.0
1056,1055,BatchTopK,4,0.0,0.0
1057,1056,BatchTopK,4,0.0,0.0
1058,1057,BatchTopK,4,0.0,0.0
1059,429,BatchTopK,4,0.0,0.0
1060,423,BatchTopK,4,0.0,0.0
1061,422,BatchTopK,4,0.0,0.0
1062,421,BatchTopK,4,0.0,0.0
1063,1062,BatchTopK,4,0.0,0.0
1064,1063,BatchTopK,4,0.0,0.0
1065,1064,BatchTopK,4,0.0,0.0
1066,1065,BatchTopK,4,0.0,0.0
1067,419,BatchTopK,4,0.0,0.0
1068,1067,BatchTopK,4,0.0,0.0
1069,1068,BatchTopK,4,0.0,0.0
1070,1069,BatchTopK,4,0.0,0.0
1071,1070,BatchTopK,4,0.0,0.0
1072,416,BatchTopK,4,0.0,0.0
1073,413,BatchTopK,4,0.0,0.0
1074,1073,BatchTopK,4,0.0,0.0
1075,1074,BatchTopK,4,0.0,0.0
1076,1075,BatchTopK,4,0.0,0.0
1077,409,BatchTopK,4,0.0,0.0
1078,1077,BatchTopK,4,0.0,0.0
1079,1078,BatchTopK,4,0.0,0.0
1080,1079,BatchTopK,4,0.0,0.0
1081,1080,BatchTopK,4,0.0,0.0
1082,404,BatchTopK,4,0.0,0.0
1083,1082,BatchTopK,4,0.0,0.0
1084,1083,BatchTopK,4,0.0,0.0
1085,1084,BatchTopK,4,0.0,0.0
1086,1085,BatchTopK,4,0.0,0.0
1087,1086,BatchTopK,4,0.0,0.0
1088,1087,BatchTopK,4,0.0,0.0
1089,399,BatchTopK,4,0.0,0.0
1090,398,BatchTopK,4,0.0,0.0
1091,1090,BatchTopK,4,0.0,0.0
1092,1091,BatchTopK,4,0.0,0.0
1093,1092,BatchTopK,4,0.0,0.0
1094,1093,BatchTopK,4,0.0,0.0
1095,1094,BatchTopK,4,0.0,0.0
1096,1095,BatchTopK,4,0.0,0.0
1097,1096,BatchTopK,4,0.0,0.0
1098,390,BatchTopK,4,0.0,0.0
1099,388,BatchTopK,4,0.0,0.0
1100,1099,BatchTopK,4,0.0,0.0
1101,1100,BatchTopK,4,0.0,0.0
1102,1101,BatchTopK,4,0.0,0.0
1103,1102,BatchTopK,4,0.0,0.0
1104,1103,BatchTopK,4,0.0,0.0
1105,1104,BatchTopK,4,0.0,0.0
1106,1105,BatchTopK,4,0.0,0.0
1107,1106,BatchTopK,4,0.0,0.0
1108,1107,BatchTopK,4,0.0,0.0
1109,1108,BatchTopK,4,0.0,0.0
1110,1109,BatchTopK,4,0.0,0.0
1111,1110,BatchTopK,4,0.0,0.0
1112,1111,BatchTopK,4,0.0,0.0
1113,387,BatchTopK,4,0.0,0.0
1114,1113,BatchTopK,4,0.0,0.0
1115,1114,BatchTopK,4,0.0,0.0
1116,1115,BatchTopK,4,0.0,0.0
1117,1116,BatchTopK,4,0.0,0.0
1118,1117,BatchTopK,4,0.0,0.0
1119,386,BatchTopK,4,0.0,0.0
1120,1119,BatchTopK,4,0.0,0.0
1121,1120,BatchTopK,4,0.0,0.0
1122,385,BatchTopK,4,0.0,0.0
1123,1122,BatchTopK,4,0.0,0.0
1124,378,BatchTopK,4,0.0,0.0
1125,1124,BatchTopK,4,0.0,0.0
1126,1125,BatchTopK,4,0.0,0.0
1127,1126,BatchTopK,4,0.0,0.0
1128,1127,BatchTopK,4,0.0,0.0
1129,1128,BatchTopK,4,0.0,0.0
1130,1129,BatchTopK,4,0.0,0.0
1131,374,BatchTopK,4,0.0,0.0
1132,1131,BatchTopK,4,0.0,0.0
1133,361,BatchTopK,4,0.0,0.0
1134,1133,BatchTopK,4,0.0,0.0
1135,1134,BatchTopK,4,0.0,0.0
1136,1135,BatchTopK,4,0.0,0.0
1137,358,BatchTopK,4,0.0,0.0
1138,1137,BatchTopK,4,0.0,0.0
1139,1138,BatchTopK,4,0.0,0.0
1140,1139,BatchTopK,4,0.0,0.0
1141,1140,BatchTopK,4,0.0,0.0
1142,357,BatchTopK,4,0.0,0.0
1143,1142,BatchTopK,4,0.0,0.0
1144,1143,BatchTopK,4,0.0,0.0
1145,354,BatchTopK,4,0.0,0.0
1146,1145,BatchTopK,4,0.0,0.0
1147,1146,BatchTopK,4,0.0,0.0
1148,1147,BatchTopK,4,0.0,0.0
1149,353,BatchTopK,4,0.0,0.0
1150,1149,BatchTopK,4,0.0,0.0
1151,1150,BatchTopK,4,0.0,0.0
1152,338,BatchTopK,4,0.0,0.0
1153,1152,BatchTopK,4,0.0,0.0
1154,1153,BatchTopK,4,0.0,0.0
1155,1154,BatchTopK,4,0.0,0.0
1156,1155,BatchTopK,4,0.0,0.0
1157,335,BatchTopK,4,0.0,0.0
1158,1157,BatchTopK,4,0.0,0.0
1159,1158,BatchTopK,4,0.0,0.0
1160,1159,BatchTopK,4,0.0,0.0
1161,1160,BatchTopK,4,0.0,0.0
1162,1161,BatchTopK,4,0.0,0.0
1163,329,BatchTopK,4,0.0,0.0
1164,1163,BatchTopK,4,0.0,0.0
1165,1164,BatchTopK,4,0.0,0.0
1166,1165,BatchTopK,4,0.0,0.0
1167,1166,BatchTopK,4,0.0,0.0
1168,1167,BatchTopK,4,0.0,0.0
1169,1168,BatchTopK,4,0.0,0.0
1170,1169,BatchTopK,4,0.0,0.0
1171,1170,BatchTopK,4,0.0,0.0
1172,1171,BatchTopK,4,0.0,0.0
1173,1172,BatchTopK,4,0.0,0.0
1174,1173,BatchTopK,4,0.0,0.0
1175,1174,BatchTopK,4,0.0,0.0
1176,1175,BatchTopK,4,0.0,0.0
1177,1176,BatchTopK,4,0.0,0.0
1178,1177,BatchTopK,4,0.0,0.0
1179,325,BatchTopK,4,0.0,0.0
1180,1179,BatchTopK,4,0.0,0.0
1181,1180,BatchTopK,4,0.0,0.0
1182,1181,BatchTopK,4,0.0,0.0
1183,1182,BatchTopK,4,0.0,0.0
1184,1183,BatchTopK,4,0.0,0.0
1185,1184,BatchTopK,4,0.0,0.0
1186,1185,BatchTopK,4,0.0,0.0
1187,1186,BatchTopK,4,0.0,0.0
1188,1187,BatchTopK,4,0.0,0.0
1189,1188,BatchTopK,4,0.0,0.0
1190,1189,BatchTopK,4,0.0,0.0
1191,1190,BatchTopK,4,0.0,0.0
1192,320,BatchTopK,4,0.0,0.0
1193,1192,BatchTopK,4,0.0,0.0
1194,1193,BatchTopK,4,0.0,0.0
1195,1194,BatchTopK,4,0.0,0.0
1196,1195,BatchTopK,4,0.0,0.0
1197,1196,BatchTopK,4,0.0,0.0
1198,1197,BatchTopK,4,0.0,0.0
1199,1198,BatchTopK,4,0.0,0.0
1200,1199,BatchTopK,4,0.0,0.0
1201,1200,BatchTopK,4,0.0,0.0
1202,1201,BatchTopK,4,0.0,0.0
1203,1202,BatchTopK,4,0.0,0.0
1204,1203,BatchTopK,4,0.0,0.0
1205,1204,BatchTopK,4,0.0,0.0
1206,1205,BatchTopK,4,0.0,0.0
1207,1206,BatchTopK,4,0.0,0.0
1208,1207,BatchTopK,4,0.0,0.0
1209,1208,BatchTopK,4,0.0,0.0
1210,1209,BatchTopK,4,0.0,0.0
1211,1210,BatchTopK,4,0.0,0.0
1212,1211,BatchTopK,4,0.0,0.0
1213,1212,BatchTopK,4,0.0,0.0
1214,1213,BatchTopK,4,0.0,0.0
1215,1214,BatchTopK,4,0.0,0.0
1216,1215,BatchTopK,4,0.0,0.0
1217,1216,BatchTopK,4,0.0,0.0
1218,1217,BatchTopK,4,0.0,0.0
1219,302,BatchTopK,4,0.0,0.0
1220,1219,BatchTopK,4,0.0,0.0
1221,301,BatchTopK,4,0.0,0.0
1222,1221,BatchTopK,4,0.0,0.0
1223,299,BatchTopK,4,0.0,0.0
1224,1223,BatchTopK,4,0.0,0.0
1225,1224,BatchTopK,4,0.0,0.0
1226,1225,BatchTopK,4,0.0,0.0
1227,1226,BatchTopK,4,0.0,0.0
1228,1227,BatchTopK,4,0.0,0.0
1229,1228,BatchTopK,4,0.0,0.0
1230,1229,BatchTopK,4,0.0,0.0
1231,1230,BatchTopK,4,0.0,0.0
1232,1231,BatchTopK,4,0.0,0.0
1233,296,BatchTopK,4,0.0,0.0
1234,1233,BatchTopK,4,0.0,0.0
1235,1234,BatchTopK,4,0.0,0.0
1236,1235,BatchTopK,4,0.0,0.0
1237,293,BatchTopK,4,0.0,0.0
1238,1237,BatchTopK,4,0.0,0.0
1239,1238,BatchTopK,4,0.0,0.0
1240,1239,BatchTopK,4,0.0,0.0
1241,1240,BatchTopK,4,0.0,0.0
1242,1241,BatchTopK,4,0.0,0.0
1243,1242,BatchTopK,4,0.0,0.0
1244,1243,BatchTopK,4,0.0,0.0
1245,1244,BatchTopK,4,0.0,0.0
1246,1245,BatchTopK,4,0.0,0.0
1247,1246,BatchTopK,4,0.0,0.0
1248,292,BatchTopK,4,0.0,0.0
1249,1248,BatchTopK,4,0.0,0.0
1250,1249,BatchTopK,4,0.0,0.0
1251,1250,BatchTopK,4,0.0,0.0
1252,1251,BatchTopK,4,0.0,0.0
1253,291,BatchTopK,4,0.0,0.0
1254,1253,BatchTopK,4,0.0,0.0
1255,1254,BatchTopK,4,0.0,0.0
1256,274,BatchTopK,4,0.0,0.0
1257,1256,BatchTopK,4,0.0,0.0
1258,1257,BatchTopK,4,0.0,0.0
1259,1258,BatchTopK,4,0.0,0.0
1260,1259,BatchTopK,4,0.0,0.0
1261,252,BatchTopK,4,0.0,0.0
1262,241,BatchTopK,4,0.0,0.0
1263,1262,BatchTopK,4,0.0,0.0
1264,1263,BatchTopK,4,0.0,0.0
1265,1264,BatchTopK,4,0.0,0.0
1266,1265,BatchTopK,4,0.0,0.0
1267,1266,BatchTopK,4,0.0,0.0
1268,1267,BatchTopK,4,0.0,0.0
1269,1268,BatchTopK,4,0.0,0.0
1270,237,BatchTopK,4,0.0,0.0
1271,1270,BatchTopK,4,0.0,0.0
1272,1271,BatchTopK,4,0.0,0.0
1273,1272,BatchTopK,4,0.0,0.0
1274,1273,BatchTopK,4,0.0,0.0
1275,1274,BatchTopK,4,0.0,0.0
1276,1275,BatchTopK,4,0.0,0.0
1277,1276,BatchTopK,4,0.0,0.0
1278,1277,BatchTopK,4,0.0,0.0
1279,1278,BatchTopK,4,0.0,0.0
1280,1279,BatchTopK,4,0.0,0.0
1281,1280,BatchTopK,4,0.0,0.0
1282,1281,BatchTopK,4,0.0,0.0
1283,1282,BatchTopK,4,0.0,0.0
1284,1283,BatchTopK,4,0.0,0.0
1285,1284,BatchTopK,4,0.0,0.0
1286,1285,BatchTopK,4,0.0,0.0
1287,1286,BatchTopK,4,0.0,0.0
1288,1287,BatchTopK,4,0.0,0.0
1289,1288,BatchTopK,4,0.0,0.0
1290,1289,BatchTopK,4,0.0,0.0
1291,187,BatchTopK,4,0.0,0.0
1292,1291,BatchTopK,4,0.0,0.0
1293,1292,BatchTopK,4,0.0,0.0
1294,1293,BatchTopK,4,0.0,0.0
1295,647,BatchTopK,4,0.0,0.0
1296,648,BatchTopK,4,0.0,0.0
1,11,BatchTopK,8,0.931834,0.929693
2,26,BatchTopK,8,0.931061,0.930973
3,21,BatchTopK,8,0.93062,0.93024
4,24,BatchTopK,8,0.929909,0.929832
5,13,BatchTopK,8,0.929858,0.92838
6,6,BatchTopK,8,0.92731,0.922623
7,29,BatchTopK,8,0.927304,0.927521
8,12,BatchTopK,8,0.927262,0.925564
9,15,BatchTopK,8,0.926716,0.925518
10,8,BatchTopK,8,0.926648,0.923301
11,5,BatchTopK,8,0.926302,0.920431
12,23,BatchTopK,8,0.926186,0.92614
13,31,BatchTopK,8,0.925868,0.925571
14,27,BatchTopK,8,0.925596,0.925836
15,32,BatchTopK,8,0.92533,0.925468
16,17,BatchTopK,8,0.925307,0.92465
17,25,BatchTopK,8,0.924594,0.924786
18,2,BatchTopK,8,0.924525,0.910662
19,36,BatchTopK,8,0.924031,0.923901
20,7,BatchTopK,8,0.923963,0.919829
21,1,BatchTopK,8,0.923842,0.901493
22,28,BatchTopK,8,0.923507,0.923758
23,10,BatchTopK,8,0.923307,0.920957
24,33,BatchTopK,8,0.923272,0.923488
25,14,BatchTopK,8,0.9227,0.921466
26,4,BatchTopK,8,0.922386,0.914899
27,16,BatchTopK,8,0.922247,0.921486
28,20,BatchTopK,8,0.922044,0.922017
29,3,BatchTopK,8,0.921172,0.910856
30,19,BatchTopK,8,0.920992,0.920768
31,18,BatchTopK,8,0.920494,0.920133
32,30,BatchTopK,8,0.919845,0.920039
33,41,BatchTopK,8,0.919244,0.918322
34,0,BatchTopK,8,0.918942,0.860001
35,34,BatchTopK,8,0.918033,0.9183
36,44,BatchTopK,8,0.918025,0.917243
37,37,BatchTopK,8,0.915869,0.915578
38,40,BatchTopK,8,0.915456,0.914696
39,43,BatchTopK,8,0.915059,0.914275
40,39,BatchTopK,8,0.9142,0.914597
41,35,BatchTopK,8,0.913863,0.913522
42,45,BatchTopK,8,0.912048,0.911234
43,47,BatchTopK,8,0.912037,0.910981
44,42,BatchTopK,8,0.909785,0.909382
45,49,BatchTopK,8,0.907696,0.907482
46,48,BatchTopK,8,0.905679,0.905179
47,51,BatchTopK,8,0.902928,0.902052
48,38,BatchTopK,8,0.902727,0.90155
49,56,BatchTopK,8,0.896646,0.89489
50,60,BatchTopK,8,0.89581,0.894175
51,46,BatchTopK,8,0.895773,0.894939
52,66,BatchTopK,8,0.890825,0.890094
53,52,BatchTopK,8,0.889826,0.888909
54,59,BatchTopK,8,0.889688,0.888496
55,50,BatchTopK,8,0.884644,0.883524
56,57,BatchTopK,8,0.884361,0.883255
57,64,BatchTopK,8,0.884268,0.882287
58,58,BatchTopK,8,0.880713,0.878928
59,55,BatchTopK,8,0.879722,0.877703
60,54,BatchTopK,8,0.879329,0.878294
61,53,BatchTopK,8,0.878951,0.877278
62,63,BatchTopK,8,0.878651,0.877248
63,75,BatchTopK,8,0.870341,0.868517
64,73,BatchTopK,8,0.86671,0.864886
65,61,BatchTopK,8,0.866049,0.863643
66,74,BatchTopK,8,0.865273,0.86359
67,71,BatchTopK,8,0.864952,0.86313
68,72,BatchTopK,8,0.864829,0.862998
69,70,BatchTopK,8,0.864643,0.862555
70,78,BatchTopK,8,0.864459,0.86259
71,62,BatchTopK,8,0.863014,0.860966
72,65,BatchTopK,8,0.862152,0.859887
73,69,BatchTopK,8,0.862135,0.860017
74,68,BatchTopK,8,0.859337,0.857019
75,90,BatchTopK,8,0.857691,0.855846
76,80,BatchTopK,8,0.855641,0.853569
77,67,BatchTopK,8,0.853801,0.851409
78,111,BatchTopK,8,0.8519,0.850247
79,79,BatchTopK,8,0.851827,0.849773
80,76,BatchTopK,8,0.85,0.847928
81,88,BatchTopK,8,0.84917,0.847153
82,99,BatchTopK,8,0.847912,0.845979
83,82,BatchTopK,8,0.846207,0.843996
84,84,BatchTopK,8,0.843773,0.841625
85,106,BatchTopK,8,0.842662,0.840859
86,96,BatchTopK,8,0.841468,0.839516
87,85,BatchTopK,8,0.839443,0.837325
88,77,BatchTopK,8,0.836438,0.833995
89,103,BatchTopK,8,0.83541,0.833501
90,86,BatchTopK,8,0.833754,0.831437
91,93,BatchTopK,8,0.833529,0.83151
92,118,BatchTopK,8,0.832579,0.830835
93,91,BatchTopK,8,0.831434,0.829362
94,143,BatchTopK,8,0.829622,0.828946
95,102,BatchTopK,8,0.827961,0.825984
96,81,BatchTopK,8,0.826706,0.824307
97,92,BatchTopK,8,0.826243,0.824233
98,87,BatchTopK,8,0.82277,0.820463
99,97,BatchTopK,8,0.822392,0.820202
100,133,BatchTopK,8,0.819487,0.817754
101,94,BatchTopK,8,0.819174,0.817086
102,104,BatchTopK,8,0.818426,0.816106
103,109,BatchTopK,8,0.818099,0.816188
104,128,BatchTopK,8,0.817289,0.815571
105,95,BatchTopK,8,0.816923,0.81489
106,89,BatchTopK,8,0.81678,0.814391
107,121,BatchTopK,8,0.815948,0.814028
108,100,BatchTopK,8,0.81502,0.813028
109,117,BatchTopK,8,0.814489,0.813106
110,113,BatchTopK,8,0.814399,0.812879
111,116,BatchTopK,8,0.813429,0.811491
112,112,BatchTopK,8,0.812143,0.810106
113,105,BatchTopK,8,0.810997,0.808778
114,107,BatchTopK,8,0.810012,0.80772
115,108,BatchTopK,8,0.809481,0.807646
116,130,BatchTopK,8,0.808989,0.80737
117,144,BatchTopK,8,0.807672,0.806376
118,119,BatchTopK,8,0.807381,0.805282
119,146,BatchTopK,8,0.807055,0.80674
120,164,BatchTopK,8,0.806674,0.805407
121,179,BatchTopK,8,0.806289,0.805322
122,153,BatchTopK,8,0.805825,0.804332
123,132,BatchTopK,8,0.805274,0.803443
124,148,BatchTopK,8,0.805076,0.804331
125,168,BatchTopK,8,0.804697,0.803829
126,98,BatchTopK,8,0.802771,0.800479
127,149,BatchTopK,8,0.801807,0.800235
128,127,BatchTopK,8,0.801653,0.799987
129,101,BatchTopK,8,0.801584,0.799751
130,135,BatchTopK,8,0.80122,0.799361
131,110,BatchTopK,8,0.800862,0.7988
132,122,BatchTopK,8,0.800747,0.79943
133,123,BatchTopK,8,0.796491,0.794782
134,139,BatchTopK,8,0.796198,0.795211
135,137,BatchTopK,8,0.794808,0.793648
136,114,BatchTopK,8,0.793551,0.791783
137,301,BatchTopK,8,0.793256,0.793424
138,308,BatchTopK,8,0.793241,0.793532
139,156,BatchTopK,8,0.793041,0.791379
140,155,BatchTopK,8,0.792347,0.791027
141,125,BatchTopK,8,0.7918,0.791792
142,126,BatchTopK,8,0.790581,0.789701
143,160,BatchTopK,8,0.788286,0.786839
144,124,BatchTopK,8,0.787763,0.786806
145,129,BatchTopK,8,0.78744,0.786236
146,161,BatchTopK,8,0.787384,0.786271
147,167,BatchTopK,8,0.787055,0.786022
148,188,BatchTopK,8,0.786742,0.785464
149,141,BatchTopK,8,0.786632,0.78538
150,158,BatchTopK,8,0.786108,0.784715
151,151,BatchTopK,8,0.785911,0.784956
152,138,BatchTopK,8,0.785302,0.783461
153,169,BatchTopK,8,0.785214,0.784043
154,120,BatchTopK,8,0.784557,0.782981
155,131,BatchTopK,8,0.784515,0.782954
156,157,BatchTopK,8,0.783753,0.781998
157,115,BatchTopK,8,0.782875,0.781307
158,175,BatchTopK,8,0.780806,0.780635
159,152,BatchTopK,8,0.78022,0.779608
160,209,BatchTopK,8,0.779186,0.779546
161,154,BatchTopK,8,0.778539,0.777777
162,165,BatchTopK,8,0.778473,0.777894
163,189,BatchTopK,8,0.776969,0.776525
164,186,BatchTopK,8,0.776838,0.775158
165,136,BatchTopK,8,0.775871,0.776923
166,177,BatchTopK,8,0.775805,0.775834
167,134,BatchTopK,8,0.774317,0.772831
168,236,BatchTopK,8,0.77381,0.773893
169,257,BatchTopK,8,0.77371,0.773257
170,163,BatchTopK,8,0.773649,0.772345
171,145,BatchTopK,8,0.773468,0.771813
172,219,BatchTopK,8,0.773449,0.77409
173,159,BatchTopK,8,0.773239,0.772404
174,193,BatchTopK,8,0.773077,0.773116
175,203,BatchTopK,8,0.771761,0.771419
176,173,BatchTopK,8,0.771357,0.769597
177,232,BatchTopK,8,0.770132,0.770255
178,224,BatchTopK,8,0.769016,0.769146
179,197,BatchTopK,8,0.768385,0.767673
180,176,BatchTopK,8,0.768243,0.768075
181,202,BatchTopK,8,0.767819,0.766374
182,211,BatchTopK,8,0.767785,0.768026
183,244,BatchTopK,8,0.767752,0.767828
184,181,BatchTopK,8,0.767107,0.765765
185,241,BatchTopK,8,0.766716,0.766961
186,162,BatchTopK,8,0.765339,0.764943
187,216,BatchTopK,8,0.765205,0.764488
188,280,BatchTopK,8,0.765145,0.766043
189,258,BatchTopK,8,0.765111,0.765455
190,365,BatchTopK,8,0.765073,0.766236
191,352,BatchTopK,8,0.764822,0.764172
192,342,BatchTopK,8,0.763077,0.762307
193,482,BatchTopK,8,0.762779,0.762681
194,220,BatchTopK,8,0.762174,0.761809
195,218,BatchTopK,8,0.760375,0.760996
196,535,BatchTopK,8,0.759644,0.760051
197,234,BatchTopK,8,0.759608,0.759904
198,172,BatchTopK,8,0.759551,0.761123
199,278,BatchTopK,8,0.759047,0.758281
200,296,BatchTopK,8,0.758562,0.762254
201,223,BatchTopK,8,0.75848,0.759705
202,166,BatchTopK,8,0.758162,0.75786
203,226,BatchTopK,8,0.75753,0.757453
204,214,BatchTopK,8,0.756868,0.757802
205,171,BatchTopK,8,0.756537,0.756093
206,201,BatchTopK,8,0.754119,0.755945
207,229,BatchTopK,8,0.753077,0.753255
208,178,BatchTopK,8,0.752488,0.752698
209,239,BatchTopK,8,0.752381,0.751277
210,208,BatchTopK,8,0.752368,0.751764
211,180,BatchTopK,8,0.751955,0.754952
212,295,BatchTopK,8,0.750883,0.754223
213,457,BatchTopK,8,0.750583,0.753345
214,393,BatchTopK,8,0.75,0.751527
215,212,BatchTopK,8,0.749654,0.748067
216,204,BatchTopK,8,0.749344,0.749414
217,217,BatchTopK,8,0.748705,0.749994
218,227,BatchTopK,8,0.748159,0.74913
219,150,BatchTopK,8,0.747738,0.746761
220,195,BatchTopK,8,0.74691,0.747813
221,215,BatchTopK,8,0.746629,0.747372
222,246,BatchTopK,8,0.745889,0.746567
223,250,BatchTopK,8,0.745843,0.747726
224,205,BatchTopK,8,0.745455,0.746819
225,255,BatchTopK,8,0.74544,0.746563
226,147,BatchTopK,8,0.745098,0.744776
227,381,BatchTopK,8,0.744797,0.743909
228,266,BatchTopK,8,0.744292,0.74588
229,206,BatchTopK,8,0.74386,0.743246
230,194,BatchTopK,8,0.74359,0.745389
231,271,BatchTopK,8,0.742998,0.744103
232,316,BatchTopK,8,0.742857,0.746498
233,170,BatchTopK,8,0.742331,0.741269
234,174,BatchTopK,8,0.741452,0.741998
235,191,BatchTopK,8,0.741347,0.74244
236,183,BatchTopK,8,0.740923,0.740569
237,228,BatchTopK,8,0.740791,0.740059
238,199,BatchTopK,8,0.740741,0.74084
239,213,BatchTopK,8,0.740101,0.740525
240,307,BatchTopK,8,0.739659,0.740994
241,251,BatchTopK,8,0.738368,0.740298
242,305,BatchTopK,8,0.737846,0.738813
243,347,BatchTopK,8,0.736946,0.741141
244,242,BatchTopK,8,0.734957,0.738696
245,275,BatchTopK,8,0.734222,0.733546
246,265,BatchTopK,8,0.734198,0.736462
247,364,BatchTopK,8,0.733964,0.73818
248,249,BatchTopK,8,0.733825,0.734
249,363,BatchTopK,8,0.73369,0.735524
250,184,BatchTopK,8,0.732649,0.732908
251,238,BatchTopK,8,0.732475,0.735394
252,221,BatchTopK,8,0.732183,0.733368
253,358,BatchTopK,8,0.732164,0.732663
254,320,BatchTopK,8,0.73176,0.734135
255,237,BatchTopK,8,0.731707,0.734126
256,380,BatchTopK,8,0.731707,0.735223
257,233,BatchTopK,8,0.731216,0.732975
258,196,BatchTopK,8,0.731098,0.733565
259,248,BatchTopK,8,0.729429,0.7303
260,300,BatchTopK,8,0.728086,0.72896
261,272,BatchTopK,8,0.727869,0.72804
262,282,BatchTopK,8,0.727758,0.727203
263,336,BatchTopK,8,0.727638,0.728728
264,326,BatchTopK,8,0.727447,0.72866
265,293,BatchTopK,8,0.727444,0.730251
266,182,BatchTopK,8,0.726719,0.729096
267,270,BatchTopK,8,0.72665,0.72828
268,346,BatchTopK,8,0.726214,0.727494
269,200,BatchTopK,8,0.726036,0.727499
270,240,BatchTopK,8,0.725726,0.731077
271,235,BatchTopK,8,0.725341,0.725321
272,322,BatchTopK,8,0.724613,0.72871
273,339,BatchTopK,8,0.724172,0.724763
274,230,BatchTopK,8,0.724113,0.726517
275,245,BatchTopK,8,0.724062,0.725617
276,368,BatchTopK,8,0.72364,0.727029
277,311,BatchTopK,8,0.723447,0.728156
278,185,BatchTopK,8,0.723325,0.723954
279,287,BatchTopK,8,0.722222,0.722959
280,323,BatchTopK,8,0.722105,0.72379
281,319,BatchTopK,8,0.721951,0.722278
282,335,BatchTopK,8,0.721848,0.723873
283,386,BatchTopK,8,0.721451,0.722882
284,348,BatchTopK,8,0.721435,0.724931
285,231,BatchTopK,8,0.720679,0.722015
286,268,BatchTopK,8,0.7206,0.724472
287,263,BatchTopK,8,0.720565,0.721932
288,290,BatchTopK,8,0.71993,0.721816
289,606,BatchTopK,8,0.719755,0.722023
290,344,BatchTopK,8,0.719674,0.725713
291,362,BatchTopK,8,0.718408,0.719985
292,489,BatchTopK,8,0.718182,0.720676
293,284,BatchTopK,8,0.717286,0.718855
294,222,BatchTopK,8,0.716927,0.718996
295,285,BatchTopK,8,0.716578,0.718494
296,254,BatchTopK,8,0.716553,0.719454
297,343,BatchTopK,8,0.716528,0.718828
298,207,BatchTopK,8,0.716298,0.720353
299,338,BatchTopK,8,0.715789,0.720239
300,198,BatchTopK,8,0.715698,0.716707
301,499,BatchTopK,8,0.714976,0.71849
302,243,BatchTopK,8,0.714823,0.716255
303,481,BatchTopK,8,0.713235,0.716887
304,264,BatchTopK,8,0.713128,0.716901
305,298,BatchTopK,8,0.712871,0.715855
306,273,BatchTopK,8,0.712531,0.715496
307,388,BatchTopK,8,0.712389,0.714842
308,192,BatchTopK,8,0.71224,0.712019
309,398,BatchTopK,8,0.712206,0.717616
310,190,BatchTopK,8,0.712093,0.714458
311,563,BatchTopK,8,0.712042,0.712739
312,426,BatchTopK,8,0.711063,0.711933
313,262,BatchTopK,8,0.711044,0.714073
314,699,BatchTopK,8,0.710983,0.721387
315,327,BatchTopK,8,0.710789,0.714007
316,345,BatchTopK,8,0.71063,0.711866
317,259,BatchTopK,8,0.710567,0.714711
318,277,BatchTopK,8,0.710363,0.711734
319,276,BatchTopK,8,0.709733,0.710669
320,317,BatchTopK,8,0.709368,0.716858
321,302,BatchTopK,8,0.709292,0.713294
322,281,BatchTopK,8,0.709184,0.714561
323,373,BatchTopK,8,0.709172,0.712035
324,256,BatchTopK,8,0.708761,0.712209
325,210,BatchTopK,8,0.708651,0.715203
326,288,BatchTopK,8,0.708126,0.709042
327,294,BatchTopK,8,0.707471,0.710272
328,369,BatchTopK,8,0.706693,0.712286
329,529,BatchTopK,8,0.706033,0.710474
330,355,BatchTopK,8,0.705769,0.708412
331,140,BatchTopK,8,0.705601,0.707859
332,503,BatchTopK,8,0.705584,0.707935
333,519,BatchTopK,8,0.704811,0.705368
334,416,BatchTopK,8,0.704663,0.71032
335,142,BatchTopK,8,0.703867,0.708878
336,309,BatchTopK,8,0.70377,0.704148
337,496,BatchTopK,8,0.703608,0.706069
338,387,BatchTopK,8,0.70332,0.708239
339,313,BatchTopK,8,0.702612,0.708529
340,419,BatchTopK,8,0.702576,0.705456
341,356,BatchTopK,8,0.702241,0.703921
342,361,BatchTopK,8,0.701299,0.706472
343,421,BatchTopK,8,0.700665,0.703703
344,253,BatchTopK,8,0.699834,0.700986
345,452,BatchTopK,8,0.699746,0.705074
346,303,BatchTopK,8,0.699612,0.702572
347,461,BatchTopK,8,0.698947,0.710853
348,269,BatchTopK,8,0.698925,0.7048
349,384,BatchTopK,8,0.69877,0.701995
350,797,BatchTopK,8,0.698305,0.709045
351,252,BatchTopK,8,0.698216,0.700915
352,558,BatchTopK,8,0.697479,0.703686
353,261,BatchTopK,8,0.697443,0.704957
354,337,BatchTopK,8,0.697143,0.707141
355,401,BatchTopK,8,0.696008,0.702183
356,341,BatchTopK,8,0.695821,0.700766
357,721,BatchTopK,8,0.695788,0.70264
358,283,BatchTopK,8,0.69485,0.697155
359,480,BatchTopK,8,0.694561,0.699963
360,396,BatchTopK,8,0.694541,0.697532
361,289,BatchTopK,8,0.694064,0.701538
362,350,BatchTopK,8,0.693762,0.698368
363,247,BatchTopK,8,0.693745,0.696122
364,463,BatchTopK,8,0.692935,0.696181
365,371,BatchTopK,8,0.692308,0.699782
366,422,BatchTopK,8,0.692221,0.698608
367,324,BatchTopK,8,0.692157,0.693704
368,643,BatchTopK,8,0.692064,0.702379
369,466,BatchTopK,8,0.691748,0.699058
370,267,BatchTopK,8,0.691693,0.693809
371,314,BatchTopK,8,0.690236,0.69638
372,585,BatchTopK,8,0.690141,0.692661
373,525,BatchTopK,8,0.689564,0.697449
374,528,BatchTopK,8,0.688982,0.691104
375,304,BatchTopK,8,0.688152,0.692104
376,608,BatchTopK,8,0.687598,0.689592
377,325,BatchTopK,8,0.687313,0.692747
378,291,BatchTopK,8,0.687063,0.689665
379,331,BatchTopK,8,0.686654,0.689141
380,400,BatchTopK,8,0.684624,0.689685
381,379,BatchTopK,8,0.68421,0.69033
382,498,BatchTopK,8,0.683951,0.689125
383,562,BatchTopK,8,0.683924,0.691236
384,505,BatchTopK,8,0.683674,0.688113
385,657,BatchTopK,8,0.683417,0.684613
386,359,BatchTopK,8,0.683349,0.690592
387,611,BatchTopK,8,0.68323,0.686551
388,389,BatchTopK,8,0.682594,0.689477
389,506,BatchTopK,8,0.682415,0.68904
390,706,BatchTopK,8,0.682043,0.685824
391,592,BatchTopK,8,0.681879,0.693355
392,464,BatchTopK,8,0.681698,0.686139
393,376,BatchTopK,8,0.681452,0.687248
394,413,BatchTopK,8,0.681416,0.686982
395,405,BatchTopK,8,0.680899,0.684598
396,392,BatchTopK,8,0.680525,0.684475
397,594,BatchTopK,8,0.680352,0.689403
398,391,BatchTopK,8,0.680135,0.685797
399,310,BatchTopK,8,0.679627,0.683667
400,546,BatchTopK,8,0.678947,0.685565
401,318,BatchTopK,8,0.67854,0.68446
402,455,BatchTopK,8,0.678299,0.682276
403,374,BatchTopK,8,0.678243,0.680955
404,351,BatchTopK,8,0.678138,0.680375
405,399,BatchTopK,8,0.677632,0.681766
406,490,BatchTopK,8,0.677463,0.683232
407,509,BatchTopK,8,0.677376,0.683841
408,444,BatchTopK,8,0.676471,0.679814
409,448,BatchTopK,8,0.676435,0.682185
410,599,BatchTopK,8,0.676056,0.682351
411,286,BatchTopK,8,0.675768,0.684484
412,297,BatchTopK,8,0.674912,0.677762
413,403,BatchTopK,8,0.674897,0.682516
414,315,BatchTopK,8,0.674632,0.677337
415,491,BatchTopK,8,0.674449,0.680892
416,306,BatchTopK,8,0.674308,0.675188
417,440,BatchTopK,8,0.674157,0.680324
418,334,BatchTopK,8,0.673866,0.678146
419,382,BatchTopK,8,0.673843,0.673894
420,471,BatchTopK,8,0.673759,0.681616
421,450,BatchTopK,8,0.673378,0.683084
422,353,BatchTopK,8,0.672834,0.683441
423,561,BatchTopK,8,0.672222,0.67548
424,502,BatchTopK,8,0.672131,0.676589
425,635,BatchTopK,8,0.671779,0.674419
426,375,BatchTopK,8,0.67169,0.675802
427,446,BatchTopK,8,0.67128,0.675076
428,560,BatchTopK,8,0.671214,0.679426
429,438,BatchTopK,8,0.670673,0.679387
430,407,BatchTopK,8,0.67033,0.67607
431,425,BatchTopK,8,0.670025,0.676308
432,462,BatchTopK,8,0.669221,0.672738
433,492,BatchTopK,8,0.669173,0.674123
434,372,BatchTopK,8,0.6691,0.676899
435,354,BatchTopK,8,0.668545,0.671639
436,427,BatchTopK,8,0.668317,0.675605
437,292,BatchTopK,8,0.668243,0.677658
438,349,BatchTopK,8,0.667928,0.67299
439,539,BatchTopK,8,0.666667,0.675232
440,454,BatchTopK,8,0.665888,0.680199
441,478,BatchTopK,8,0.665803,0.669991
442,279,BatchTopK,8,0.665681,0.674144
443,591,BatchTopK,8,0.664773,0.677255
444,260,BatchTopK,8,0.664075,0.670044
445,659,BatchTopK,8,0.66365,0.66468
446,443,BatchTopK,8,0.663551,0.67236
447,328,BatchTopK,8,0.663234,0.667595
448,761,BatchTopK,8,0.66323,0.670754
449,467,BatchTopK,8,0.662679,0.677345
450,756,BatchTopK,8,0.66223,0.670837
451,417,BatchTopK,8,0.662131,0.668738
452,410,BatchTopK,8,0.662096,0.669516
453,547,BatchTopK,8,0.661677,0.663824
454,225,BatchTopK,8,0.661383,0.668789
455,724,BatchTopK,8,0.660988,0.670071
456,700,BatchTopK,8,0.660988,0.667778
457,406,BatchTopK,8,0.660985,0.669132
458,441,BatchTopK,8,0.660634,0.6667
459,622,BatchTopK,8,0.659509,0.668065
460,652,BatchTopK,8,0.659091,0.664424
461,299,BatchTopK,8,0.659058,0.666872
462,683,BatchTopK,8,0.658823,0.670862
463,332,BatchTopK,8,0.658777,0.661448
464,631,BatchTopK,8,0.657576,0.66483
465,321,BatchTopK,8,0.657415,0.668502
466,330,BatchTopK,8,0.657021,0.665588
467,460,BatchTopK,8,0.656885,0.66763
468,618,BatchTopK,8,0.656467,0.665809
469,710,BatchTopK,8,0.65528,0.663656
470,367,BatchTopK,8,0.655014,0.667558
471,459,BatchTopK,8,0.654888,0.664731
472,616,BatchTopK,8,0.654286,0.659637
473,475,BatchTopK,8,0.653846,0.655992
474,504,BatchTopK,8,0.653797,0.664251
475,433,BatchTopK,8,0.65314,0.66498
476,377,BatchTopK,8,0.652352,0.659209
477,340,BatchTopK,8,0.650924,0.658291
478,312,BatchTopK,8,0.650647,0.654667
479,840,BatchTopK,8,0.650435,0.656026
480,472,BatchTopK,8,0.650066,0.653237
481,571,BatchTopK,8,0.65,0.658677
482,383,BatchTopK,8,0.649378,0.657647
483,485,BatchTopK,8,0.648325,0.659832
484,686,BatchTopK,8,0.648318,0.656612
485,595,BatchTopK,8,0.648175,0.657411
486,605,BatchTopK,8,0.648122,0.65025
487,770,BatchTopK,8,0.647436,0.659611
488,533,BatchTopK,8,0.647196,0.655138
489,434,BatchTopK,8,0.646421,0.65314
490,429,BatchTopK,8,0.646288,0.65622
491,501,BatchTopK,8,0.646154,0.650361
492,601,BatchTopK,8,0.645833,0.655279
493,394,BatchTopK,8,0.645411,0.652678
494,586,BatchTopK,8,0.644886,0.65538
495,497,BatchTopK,8,0.644586,0.650037
496,442,BatchTopK,8,0.644231,0.651357
497,385,BatchTopK,8,0.644202,0.658634
498,408,BatchTopK,8,0.643249,0.650499
499,357,BatchTopK,8,0.643116,0.652107
500,550,BatchTopK,8,0.642955,0.655178
501,576,BatchTopK,8,0.638537,0.647111
502,430,BatchTopK,8,0.636585,0.644957
503,722,BatchTopK,8,0.63593,0.651031
504,554,BatchTopK,8,0.635538,0.65052
505,468,BatchTopK,8,0.634328,0.641398
506,540,BatchTopK,8,0.63369,0.644164
507,565,BatchTopK,8,0.632812,0.643604
508,570,BatchTopK,8,0.632801,0.642305
509,630,BatchTopK,8,0.631912,0.640769
510,704,BatchTopK,8,0.630792,0.641721
511,548,BatchTopK,8,0.630792,0.635002
512,581,BatchTopK,8,0.63017,0.643763
513,487,BatchTopK,8,0.630102,0.639043
514,495,BatchTopK,8,0.629776,0.640639
515,411,BatchTopK,8,0.629669,0.641009
516,418,BatchTopK,8,0.629405,0.635834
517,395,BatchTopK,8,0.629291,0.638885
518,566,BatchTopK,8,0.626391,0.633853
519,610,BatchTopK,8,0.626087,0.631533
520,439,BatchTopK,8,0.625922,0.63681
521,510,BatchTopK,8,0.625298,0.645824
522,456,BatchTopK,8,0.625272,0.631702
523,402,BatchTopK,8,0.624876,0.633744
524,600,BatchTopK,8,0.623514,0.637594
525,488,BatchTopK,8,0.622641,0.631426
526,574,BatchTopK,8,0.622517,0.638684
527,534,BatchTopK,8,0.622449,0.630936
528,409,BatchTopK,8,0.622391,0.638006
529,531,BatchTopK,8,0.621701,0.632495
530,650,BatchTopK,8,0.621083,0.636251
531,702,BatchTopK,8,0.618683,0.630792
532,431,BatchTopK,8,0.618483,0.630593
533,633,BatchTopK,8,0.617605,0.626667
534,449,BatchTopK,8,0.616751,0.625605
535,530,BatchTopK,8,0.616302,0.628428
536,615,BatchTopK,8,0.615603,0.628205
537,564,BatchTopK,8,0.615385,0.632972
538,545,BatchTopK,8,0.615385,0.629148
539,366,BatchTopK,8,0.614433,0.627078
540,719,BatchTopK,8,0.612903,0.619644
541,507,BatchTopK,8,0.610667,0.62568
542,593,BatchTopK,8,0.610039,0.623264
543,378,BatchTopK,8,0.608372,0.621279
544,479,BatchTopK,8,0.606135,0.615026
545,655,BatchTopK,8,0.605863,0.616659
546,515,BatchTopK,8,0.602198,0.622746
547,549,BatchTopK,8,0.601418,0.618692
548,469,BatchTopK,8,0.600451,0.611026
549,744,BatchTopK,8,0.599653,0.614696
550,556,BatchTopK,8,0.597734,0.610019
551,718,BatchTopK,8,0.594937,0.613853
552,830,BatchTopK,8,0.594771,0.618707
553,329,BatchTopK,8,0.594724,0.616563
554,483,BatchTopK,8,0.59235,0.607083
555,473,BatchTopK,8,0.591518,0.605824
556,609,BatchTopK,8,0.589812,0.604373
557,859,BatchTopK,8,0.588235,0.595392
558,465,BatchTopK,8,0.588098,0.602693
559,544,BatchTopK,8,0.588083,0.600365
560,816,BatchTopK,8,0.587156,0.597767
561,412,BatchTopK,8,0.584388,0.598396
562,536,BatchTopK,8,0.578834,0.603494
563,663,BatchTopK,8,0.577099,0.593191
564,646,BatchTopK,8,0.573099,0.592273
565,625,BatchTopK,8,0.56899,0.580824
566,578,BatchTopK,8,0.565901,0.580001
567,589,BatchTopK,8,0.564246,0.58482
568,551,BatchTopK,8,0.561765,0.57459
569,767,BatchTopK,8,0.560748,0.585266
570,665,BatchTopK,8,0.553441,0.57948
571,370,BatchTopK,8,0.553226,0.581188
572,470,BatchTopK,8,0.545261,0.567664
573,708,BatchTopK,8,0.538141,0.55404
574,524,BatchTopK,8,0.53135,0.556884
575,453,BatchTopK,8,0.519084,0.547845
576,477,BatchTopK,8,0.508993,0.541321
577,626,BatchTopK,8,0.499346,0.525002
578,654,BatchTopK,8,0.495848,0.527592
579,447,BatchTopK,8,0.489399,0.521952
580,520,BatchTopK,8,0.477137,0.509691
581,526,BatchTopK,8,0.474459,0.516898
582,445,BatchTopK,8,0.470085,0.505249
583,725,BatchTopK,8,0.467934,0.504664
584,881,BatchTopK,8,0.467375,0.511418
585,791,BatchTopK,8,0.464174,0.490881
586,568,BatchTopK,8,0.462185,0.503658
587,435,BatchTopK,8,0.458369,0.49425
588,22,BatchTopK,8,0.455561,0.492548
589,414,BatchTopK,8,0.454333,0.493119
590,557,BatchTopK,8,0.447291,0.484699
591,476,BatchTopK,8,0.445507,0.48888
592,647,BatchTopK,8,0.436059,0.473283
593,748,BatchTopK,8,0.434896,0.486299
594,493,BatchTopK,8,0.421677,0.463457
595,390,BatchTopK,8,0.416769,0.466633
596,807,BatchTopK,8,0.415744,0.455563
597,397,BatchTopK,8,0.413793,0.456474
598,853,BatchTopK,8,0.407448,0.4661
599,778,BatchTopK,8,0.400417,0.45707
600,486,BatchTopK,8,0.393522,0.441923
601,424,BatchTopK,8,0.389568,0.437385
602,897,BatchTopK,8,0.389522,0.424934
603,579,BatchTopK,8,0.378537,0.438586
604,681,BatchTopK,8,0.378224,0.435472
605,701,BatchTopK,8,0.369369,0.427871
606,661,BatchTopK,8,0.363454,0.426543
607,516,BatchTopK,8,0.333098,0.38166
608,666,BatchTopK,8,0.299065,0.362379
609,559,BatchTopK,8,0.29481,0.353605
610,623,BatchTopK,8,0.269948,0.339928
611,428,BatchTopK,8,0.254369,0.335582
612,641,BatchTopK,8,0.2535,0.338684
613,360,BatchTopK,8,0.247015,0.335532
614,901,BatchTopK,8,0.218654,0.297314
615,753,BatchTopK,8,0.204124,0.295355
616,751,BatchTopK,8,0.198303,0.28475
617,656,BatchTopK,8,0.171981,0.248908
618,693,BatchTopK,8,0.170065,0.260013
619,602,BatchTopK,8,0.157403,0.238323
620,927,BatchTopK,8,0.147017,0.252614
621,648,BatchTopK,8,0.0,0.0
622,1295,BatchTopK,8,0.0,0.0
623,620,BatchTopK,8,0.0,0.0
624,619,BatchTopK,8,0.0,0.0
625,624,BatchTopK,8,0.0,0.0
626,617,BatchTopK,8,0.0,0.0
627,614,BatchTopK,8,0.0,0.0
628,627,BatchTopK,8,0.0,0.0
629,628,BatchTopK,8,0.0,0.0
630,629,BatchTopK,8,0.0,0.0
631,613,BatchTopK,8,0.0,0.0
632,612,BatchTopK,8,0.0,0.0
633,632,BatchTopK,8,0.0,0.0
634,607,BatchTopK,8,0.0,0.0
635,634,BatchTopK,8,0.0,0.0
636,604,BatchTopK,8,0.0,0.0
637,636,BatchTopK,8,0.0,0.0
638,637,BatchTopK,8,0.0,0.0
639,638,BatchTopK,8,0.0,0.0
640,639,BatchTopK,8,0.0,0.0
641,640,BatchTopK,8,0.0,0.0
642,603,BatchTopK,8,0.0,0.0
643,642,BatchTopK,8,0.0,0.0
644,598,BatchTopK,8,0.0,0.0
645,644,BatchTopK,8,0.0,0.0
646,645,BatchTopK,8,0.0,0.0
647,597,BatchTopK,8,0.0,0.0
648,596,BatchTopK,8,0.0,0.0
649,590,BatchTopK,8,0.0,0.0
650,649,BatchTopK,8,0.0,0.0
651,588,BatchTopK,8,0.0,0.0
652,651,BatchTopK,8,0.0,0.0
653,587,BatchTopK,8,0.0,0.0
654,653,BatchTopK,8,0.0,0.0
655,584,BatchTopK,8,0.0,0.0
656,583,BatchTopK,8,0.0,0.0
657,582,BatchTopK,8,0.0,0.0
658,580,BatchTopK,8,0.0,0.0
659,658,BatchTopK,8,0.0,0.0
660,577,BatchTopK,8,0.0,0.0
661,660,BatchTopK,8,0.0,0.0
662,575,BatchTopK,8,0.0,0.0
663,662,BatchTopK,8,0.0,0.0
664,573,BatchTopK,8,0.0,0.0
665,664,BatchTopK,8,0.0,0.0
666,572,BatchTopK,8,0.0,0.0
667,569,BatchTopK,8,0.0,0.0
668,667,BatchTopK,8,0.0,0.0
669,668,BatchTopK,8,0.0,0.0
670,669,BatchTopK,8,0.0,0.0
671,670,BatchTopK,8,0.0,0.0
672,671,BatchTopK,8,0.0,0.0
673,672,BatchTopK,8,0.0,0.0
674,673,BatchTopK,8,0.0,0.0
675,674,BatchTopK,8,0.0,0.0
676,675,BatchTopK,8,0.0,0.0
677,676,BatchTopK,8,0.0,0.0
678,677,BatchTopK,8,0.0,0.0
679,678,BatchTopK,8,0.0,0.0
680,679,BatchTopK,8,0.0,0.0
681,680,BatchTopK,8,0.0,0.0
682,567,BatchTopK,8,0.0,0.0
683,682,BatchTopK,8,0.0,0.0
684,555,BatchTopK,8,0.0,0.0
685,684,BatchTopK,8,0.0,0.0
686,685,BatchTopK,8,0.0,0.0
687,553,BatchTopK,8,0.0,0.0
688,687,BatchTopK,8,0.0,0.0
689,688,BatchTopK,8,0.0,0.0
690,689,BatchTopK,8,0.0,0.0
691,690,BatchTopK,8,0.0,0.0
692,691,BatchTopK,8,0.0,0.0
693,692,BatchTopK,8,0.0,0.0
694,552,BatchTopK,8,0.0,0.0
695,694,BatchTopK,8,0.0,0.0
696,695,BatchTopK,8,0.0,0.0
697,696,BatchTopK,8,0.0,0.0
698,697,BatchTopK,8,0.0,0.0
699,698,BatchTopK,8,0.0,0.0
700,543,BatchTopK,8,0.0,0.0
701,542,BatchTopK,8,0.0,0.0
702,541,BatchTopK,8,0.0,0.0
703,538,BatchTopK,8,0.0,0.0
704,703,BatchTopK,8,0.0,0.0
705,537,BatchTopK,8,0.0,0.0
706,705,BatchTopK,8,0.0,0.0
707,532,BatchTopK,8,0.0,0.0
708,707,BatchTopK,8,0.0,0.0
709,527,BatchTopK,8,0.0,0.0
710,709,BatchTopK,8,0.0,0.0
711,523,BatchTopK,8,0.0,0.0
712,711,BatchTopK,8,0.0,0.0
713,712,BatchTopK,8,0.0,0.0
714,713,BatchTopK,8,0.0,0.0
715,714,BatchTopK,8,0.0,0.0
716,715,BatchTopK,8,0.0,0.0
717,716,BatchTopK,8,0.0,0.0
718,717,BatchTopK,8,0.0,0.0
719,522,BatchTopK,8,0.0,0.0
720,521,BatchTopK,8,0.0,0.0
721,720,BatchTopK,8,0.0,0.0
722,518,BatchTopK,8,0.0,0.0
723,517,BatchTopK,8,0.0,0.0
724,723,BatchTopK,8,0.0,0.0
725,514,BatchTopK,8,0.0,0.0
726,513,BatchTopK,8,0.0,0.0
727,726,BatchTopK,8,0.0,0.0
728,727,BatchTopK,8,0.0,0.0
729,728,BatchTopK,8,0.0,0.0
730,729,BatchTopK,8,0.0,0.0
731,730,BatchTopK,8,0.0,0.0
732,731,BatchTopK,8,0.0,0.0
733,732,BatchTopK,8,0.0,0.0
734,733,BatchTopK,8,0.0,0.0
735,734,BatchTopK,8,0.0,0.0
736,735,BatchTopK,8,0.0,0.0
737,736,BatchTopK,8,0.0,0.0
738,737,BatchTopK,8,0.0,0.0
739,738,BatchTopK,8,0.0,0.0
740,739,BatchTopK,8,0.0,0.0
741,740,BatchTopK,8,0.0,0.0
742,741,BatchTopK,8,0.0,0.0
743,742,BatchTopK,8,0.0,0.0
744,743,BatchTopK,8,0.0,0.0
745,512,BatchTopK,8,0.0,0.0
746,745,BatchTopK,8,0.0,0.0
747,746,BatchTopK,8,0.0,0.0
748,747,BatchTopK,8,0.0,0.0
749,511,BatchTopK,8,0.0,0.0
750,749,BatchTopK,8,0.0,0.0
751,750,BatchTopK,8,0.0,0.0
752,508,BatchTopK,8,0.0,0.0
753,752,BatchTopK,8,0.0,0.0
754,500,BatchTopK,8,0.0,0.0
755,754,BatchTopK,8,0.0,0.0
756,755,BatchTopK,8,0.0,0.0
757,494,BatchTopK,8,0.0,0.0
758,757,BatchTopK,8,0.0,0.0
759,758,BatchTopK,8,0.0,0.0
760,759,BatchTopK,8,0.0,0.0
761,760,BatchTopK,8,0.0,0.0
762,484,BatchTopK,8,0.0,0.0
763,762,BatchTopK,8,0.0,0.0
764,763,BatchTopK,8,0.0,0.0
765,764,BatchTopK,8,0.0,0.0
766,765,BatchTopK,8,0.0,0.0
767,766,BatchTopK,8,0.0,0.0
768,474,BatchTopK,8,0.0,0.0
769,768,BatchTopK,8,0.0,0.0
770,769,BatchTopK,8,0.0,0.0
771,458,BatchTopK,8,0.0,0.0
772,771,BatchTopK,8,0.0,0.0
773,772,BatchTopK,8,0.0,0.0
774,773,BatchTopK,8,0.0,0.0
775,774,BatchTopK,8,0.0,0.0
776,775,BatchTopK,8,0.0,0.0
777,776,BatchTopK,8,0.0,0.0
778,777,BatchTopK,8,0.0,0.0
779,451,BatchTopK,8,0.0,0.0
780,779,BatchTopK,8,0.0,0.0
781,780,BatchTopK,8,0.0,0.0
782,781,BatchTopK,8,0.0,0.0
783,782,BatchTopK,8,0.0,0.0
784,783,BatchTopK,8,0.0,0.0
785,784,BatchTopK,8,0.0,0.0
786,785,BatchTopK,8,0.0,0.0
787,786,BatchTopK,8,0.0,0.0
788,787,BatchTopK,8,0.0,0.0
789,788,BatchTopK,8,0.0,0.0
790,789,BatchTopK,8,0.0,0.0
791,790,BatchTopK,8,0.0,0.0
792,437,BatchTopK,8,0.0,0.0
793,792,BatchTopK,8,0.0,0.0
794,793,BatchTopK,8,0.0,0.0
795,794,BatchTopK,8,0.0,0.0
796,795,BatchTopK,8,0.0,0.0
797,796,BatchTopK,8,0.0,0.0
798,436,BatchTopK,8,0.0,0.0
799,798,BatchTopK,8,0.0,0.0
800,799,BatchTopK,8,0.0,0.0
801,800,BatchTopK,8,0.0,0.0
802,801,BatchTopK,8,0.0,0.0
803,802,BatchTopK,8,0.0,0.0
804,803,BatchTopK,8,0.0,0.0
805,804,BatchTopK,8,0.0,0.0
806,805,BatchTopK,8,0.0,0.0
807,806,BatchTopK,8,0.0,0.0
808,432,BatchTopK,8,0.0,0.0
809,808,BatchTopK,8,0.0,0.0
810,809,BatchTopK,8,0.0,0.0
811,810,BatchTopK,8,0.0,0.0
812,811,BatchTopK,8,0.0,0.0
813,812,BatchTopK,8,0.0,0.0
814,813,BatchTopK,8,0.0,0.0
815,814,BatchTopK,8,0.0,0.0
816,815,BatchTopK,8,0.0,0.0
817,423,BatchTopK,8,0.0,0.0
818,817,BatchTopK,8,0.0,0.0
819,818,BatchTopK,8,0.0,0.0
820,819,BatchTopK,8,0.0,0.0
821,820,BatchTopK,8,0.0,0.0
822,821,BatchTopK,8,0.0,0.0
823,822,BatchTopK,8,0.0,0.0
824,823,BatchTopK,8,0.0,0.0
825,824,BatchTopK,8,0.0,0.0
826,825,BatchTopK,8,0.0,0.0
827,826,BatchTopK,8,0.0,0.0
828,827,BatchTopK,8,0.0,0.0
829,828,BatchTopK,8,0.0,0.0
830,829,BatchTopK,8,0.0,0.0
831,420,BatchTopK,8,0.0,0.0
832,831,BatchTopK,8,0.0,0.0
833,832,BatchTopK,8,0.0,0.0
834,833,BatchTopK,8,0.0,0.0
835,834,BatchTopK,8,0.0,0.0
836,835,BatchTopK,8,0.0,0.0
837,836,BatchTopK,8,0.0,0.0
838,837,BatchTopK,8,0.0,0.0
839,838,BatchTopK,8,0.0,0.0
840,839,BatchTopK,8,0.0,0.0
841,415,BatchTopK,8,0.0,0.0
842,841,BatchTopK,8,0.0,0.0
843,842,BatchTopK,8,0.0,0.0
844,843,BatchTopK,8,0.0,0.0
845,844,BatchTopK,8,0.0,0.0
846,845,BatchTopK,8,0.0,0.0
847,846,BatchTopK,8,0.0,0.0
848,847,BatchTopK,8,0.0,0.0
849,848,BatchTopK,8,0.0,0.0
850,849,BatchTopK,8,0.0,0.0
851,850,BatchTopK,8,0.0,0.0
852,851,BatchTopK,8,0.0,0.0
853,852,BatchTopK,8,0.0,0.0
854,404,BatchTopK,8,0.0,0.0
855,854,BatchTopK,8,0.0,0.0
856,855,BatchTopK,8,0.0,0.0
857,856,BatchTopK,8,0.0,0.0
858,857,BatchTopK,8,0.0,0.0
859,858,BatchTopK,8,0.0,0.0
860,333,BatchTopK,8,0.0,0.0
861,860,BatchTopK,8,0.0,0.0
862,861,BatchTopK,8,0.0,0.0
863,862,BatchTopK,8,0.0,0.0
864,863,BatchTopK,8,0.0,0.0
865,864,BatchTopK,8,0.0,0.0
866,865,BatchTopK,8,0.0,0.0
867,866,BatchTopK,8,0.0,0.0
868,867,BatchTopK,8,0.0,0.0
869,868,BatchTopK,8,0.0,0.0
870,869,BatchTopK,8,0.0,0.0
871,870,BatchTopK,8,0.0,0.0
872,871,BatchTopK,8,0.0,0.0
873,872,BatchTopK,8,0.0,0.0
874,873,BatchTopK,8,0.0,0.0
875,874,BatchTopK,8,0.0,0.0
876,875,BatchTopK,8,0.0,0.0
877,876,BatchTopK,8,0.0,0.0
878,877,BatchTopK,8,0.0,0.0
879,878,BatchTopK,8,0.0,0.0
880,879,BatchTopK,8,0.0,0.0
881,880,BatchTopK,8,0.0,0.0
882,274,BatchTopK,8,0.0,0.0
883,882,BatchTopK,8,0.0,0.0
884,883,BatchTopK,8,0.0,0.0
885,884,BatchTopK,8,0.0,0.0
886,885,BatchTopK,8,0.0,0.0
887,886,BatchTopK,8,0.0,0.0
888,887,BatchTopK,8,0.0,0.0
889,888,BatchTopK,8,0.0,0.0
890,889,BatchTopK,8,0.0,0.0
891,890,BatchTopK,8,0.0,0.0
892,891,BatchTopK,8,0.0,0.0
893,892,BatchTopK,8,0.0,0.0
894,893,BatchTopK,8,0.0,0.0
895,894,BatchTopK,8,0.0,0.0
896,895,BatchTopK,8,0.0,0.0
897,896,BatchTopK,8,0.0,0.0
898,187,BatchTopK,8,0.0,0.0
899,898,BatchTopK,8,0.0,0.0
900,899,BatchTopK,8,0.0,0.0
901,900,BatchTopK,8,0.0,0.0
902,83,BatchTopK,8,0.0,0.0
903,902,BatchTopK,8,0.0,0.0
904,903,BatchTopK,8,0.0,0.0
905,904,BatchTopK,8,0.0,0.0
906,905,BatchTopK,8,0.0,0.0
907,906,BatchTopK,8,0.0,0.0
908,907,BatchTopK,8,0.0,0.0
909,908,BatchTopK,8,0.0,0.0
910,909,BatchTopK,8,0.0,0.0
911,910,BatchTopK,8,0.0,0.0
912,911,BatchTopK,8,0.0,0.0
913,912,BatchTopK,8,0.0,0.0
914,913,BatchTopK,8,0.0,0.0
915,914,BatchTopK,8,0.0,0.0
916,915,BatchTopK,8,0.0,0.0
917,916,BatchTopK,8,0.0,0.0
918,917,BatchTopK,8,0.0,0.0
919,918,BatchTopK,8,0.0,0.0
920,919,BatchTopK,8,0.0,0.0
921,920,BatchTopK,8,0.0,0.0
922,921,BatchTopK,8,0.0,0.0
923,922,BatchTopK,8,0.0,0.0
924,923,BatchTopK,8,0.0,0.0
925,924,BatchTopK,8,0.0,0.0
926,925,BatchTopK,8,0.0,0.0
927,926,BatchTopK,8,0.0,0.0
928,9,BatchTopK,8,0.0,0.0
929,928,BatchTopK,8,0.0,0.0
930,929,BatchTopK,8,0.0,0.0
931,930,BatchTopK,8,0.0,0.0
932,931,BatchTopK,8,0.0,0.0
933,932,BatchTopK,8,0.0,0.0
934,933,BatchTopK,8,0.0,0.0
935,934,BatchTopK,8,0.0,0.0
936,935,BatchTopK,8,0.0,0.0
937,936,BatchTopK,8,0.0,0.0
938,937,BatchTopK,8,0.0,0.0
939,938,BatchTopK,8,0.0,0.0
940,939,BatchTopK,8,0.0,0.0
941,940,BatchTopK,8,0.0,0.0
942,941,BatchTopK,8,0.0,0.0
943,942,BatchTopK,8,0.0,0.0
944,943,BatchTopK,8,0.0,0.0
945,944,BatchTopK,8,0.0,0.0
946,945,BatchTopK,8,0.0,0.0
947,946,BatchTopK,8,0.0,0.0
948,947,BatchTopK,8,0.0,0.0
949,948,BatchTopK,8,0.0,0.0
950,949,BatchTopK,8,0.0,0.0
951,950,BatchTopK,8,0.0,0.0
952,951,BatchTopK,8,0.0,0.0
953,952,BatchTopK,8,0.0,0.0
954,953,BatchTopK,8,0.0,0.0
955,954,BatchTopK,8,0.0,0.0
956,955,BatchTopK,8,0.0,0.0
957,956,BatchTopK,8,0.0,0.0
958,957,BatchTopK,8,0.0,0.0
959,621,BatchTopK,8,0.0,0.0
960,959,BatchTopK,8,0.0,0.0
961,960,BatchTopK,8,0.0,0.0
962,961,BatchTopK,8,0.0,0.0
963,962,BatchTopK,8,0.0,0.0
964,963,BatchTopK,8,0.0,0.0
965,964,BatchTopK,8,0.0,0.0
966,965,BatchTopK,8,0.0,0.0
967,966,BatchTopK,8,0.0,0.0
968,967,BatchTopK,8,0.0,0.0
969,968,BatchTopK,8,0.0,0.0
970,969,BatchTopK,8,0.0,0.0
971,970,BatchTopK,8,0.0,0.0
972,971,BatchTopK,8,0.0,0.0
973,972,BatchTopK,8,0.0,0.0
974,973,BatchTopK,8,0.0,0.0
975,974,BatchTopK,8,0.0,0.0
976,975,BatchTopK,8,0.0,0.0
977,976,BatchTopK,8,0.0,0.0
978,977,BatchTopK,8,0.0,0.0
979,978,BatchTopK,8,0.0,0.0
980,979,BatchTopK,8,0.0,0.0
981,980,BatchTopK,8,0.0,0.0
982,981,BatchTopK,8,0.0,0.0
983,982,BatchTopK,8,0.0,0.0
984,983,BatchTopK,8,0.0,0.0
985,984,BatchTopK,8,0.0,0.0
986,985,BatchTopK,8,0.0,0.0
987,986,BatchTopK,8,0.0,0.0
988,987,BatchTopK,8,0.0,0.0
989,988,BatchTopK,8,0.0,0.0
990,989,BatchTopK,8,0.0,0.0
991,990,BatchTopK,8,0.0,0.0
992,991,BatchTopK,8,0.0,0.0
993,992,BatchTopK,8,0.0,0.0
994,993,BatchTopK,8,0.0,0.0
995,994,BatchTopK,8,0.0,0.0
996,995,BatchTopK,8,0.0,0.0
997,996,BatchTopK,8,0.0,0.0
998,997,BatchTopK,8,0.0,0.0
999,998,BatchTopK,8,0.0,0.0
1000,999,BatchTopK,8,0.0,0.0
1001,1000,BatchTopK,8,0.0,0.0
1002,1001,BatchTopK,8,0.0,0.0
1003,1002,BatchTopK,8,0.0,0.0
1004,1003,BatchTopK,8,0.0,0.0
1005,1004,BatchTopK,8,0.0,0.0
1006,1005,BatchTopK,8,0.0,0.0
1007,1006,BatchTopK,8,0.0,0.0
1008,1007,BatchTopK,8,0.0,0.0
1009,1008,BatchTopK,8,0.0,0.0
1010,1009,BatchTopK,8,0.0,0.0
1011,1010,BatchTopK,8,0.0,0.0
1012,1011,BatchTopK,8,0.0,0.0
1013,1012,BatchTopK,8,0.0,0.0
1014,1013,BatchTopK,8,0.0,0.0
1015,1014,BatchTopK,8,0.0,0.0
1016,1015,BatchTopK,8,0.0,0.0
1017,1016,BatchTopK,8,0.0,0.0
1018,1017,BatchTopK,8,0.0,0.0
1019,1018,BatchTopK,8,0.0,0.0
1020,1019,BatchTopK,8,0.0,0.0
1021,1020,BatchTopK,8,0.0,0.0
1022,1021,BatchTopK,8,0.0,0.0
1023,1022,BatchTopK,8,0.0,0.0
1024,1023,BatchTopK,8,0.0,0.0
1025,1024,BatchTopK,8,0.0,0.0
1026,1025,BatchTopK,8,0.0,0.0
1027,1026,BatchTopK,8,0.0,0.0
1028,1027,BatchTopK,8,0.0,0.0
1029,1028,BatchTopK,8,0.0,0.0
1030,1029,BatchTopK,8,0.0,0.0
1031,1030,BatchTopK,8,0.0,0.0
1032,1031,BatchTopK,8,0.0,0.0
1033,1032,BatchTopK,8,0.0,0.0
1034,1033,BatchTopK,8,0.0,0.0
1035,1034,BatchTopK,8,0.0,0.0
1036,1035,BatchTopK,8,0.0,0.0
1037,1036,BatchTopK,8,0.0,0.0
1038,1037,BatchTopK,8,0.0,0.0
1039,1038,BatchTopK,8,0.0,0.0
1040,1039,BatchTopK,8,0.0,0.0
1041,1040,BatchTopK,8,0.0,0.0
1042,1041,BatchTopK,8,0.0,0.0
1043,1042,BatchTopK,8,0.0,0.0
1044,1043,BatchTopK,8,0.0,0.0
1045,1044,BatchTopK,8,0.0,0.0
1046,1045,BatchTopK,8,0.0,0.0
1047,1046,BatchTopK,8,0.0,0.0
1048,1047,BatchTopK,8,0.0,0.0
1049,1048,BatchTopK,8,0.0,0.0
1050,1049,BatchTopK,8,0.0,0.0
1051,1050,BatchTopK,8,0.0,0.0
1052,1051,BatchTopK,8,0.0,0.0
1053,1052,BatchTopK,8,0.0,0.0
1054,1053,BatchTopK,8,0.0,0.0
1055,1054,BatchTopK,8,0.0,0.0
1056,1055,BatchTopK,8,0.0,0.0
1057,1056,BatchTopK,8,0.0,0.0
1058,1057,BatchTopK,8,0.0,0.0
1059,1058,BatchTopK,8,0.0,0.0
1060,1059,BatchTopK,8,0.0,0.0
1061,1060,BatchTopK,8,0.0,0.0
1062,1061,BatchTopK,8,0.0,0.0
1063,1062,BatchTopK,8,0.0,0.0
1064,1063,BatchTopK,8,0.0,0.0
1065,1064,BatchTopK,8,0.0,0.0
1066,1065,BatchTopK,8,0.0,0.0
1067,1066,BatchTopK,8,0.0,0.0
1068,1067,BatchTopK,8,0.0,0.0
1069,1068,BatchTopK,8,0.0,0.0
1070,1069,BatchTopK,8,0.0,0.0
1071,1070,BatchTopK,8,0.0,0.0
1072,1071,BatchTopK,8,0.0,0.0
1073,1072,BatchTopK,8,0.0,0.0
1074,1073,BatchTopK,8,0.0,0.0
1075,1074,BatchTopK,8,0.0,0.0
1076,1075,BatchTopK,8,0.0,0.0
1077,1076,BatchTopK,8,0.0,0.0
1078,1077,BatchTopK,8,0.0,0.0
1079,1078,BatchTopK,8,0.0,0.0
1080,1079,BatchTopK,8,0.0,0.0
1081,1080,BatchTopK,8,0.0,0.0
1082,1081,BatchTopK,8,0.0,0.0
1083,1082,BatchTopK,8,0.0,0.0
1084,1083,BatchTopK,8,0.0,0.0
1085,1084,BatchTopK,8,0.0,0.0
1086,1085,BatchTopK,8,0.0,0.0
1087,1086,BatchTopK,8,0.0,0.0
1088,1087,BatchTopK,8,0.0,0.0
1089,1088,BatchTopK,8,0.0,0.0
1090,1089,BatchTopK,8,0.0,0.0
1091,1090,BatchTopK,8,0.0,0.0
1092,1091,BatchTopK,8,0.0,0.0
1093,1092,BatchTopK,8,0.0,0.0
1094,1093,BatchTopK,8,0.0,0.0
1095,1094,BatchTopK,8,0.0,0.0
1096,1095,BatchTopK,8,0.0,0.0
1097,1096,BatchTopK,8,0.0,0.0
1098,1097,BatchTopK,8,0.0,0.0
1099,1098,BatchTopK,8,0.0,0.0
1100,1099,BatchTopK,8,0.0,0.0
1101,1100,BatchTopK,8,0.0,0.0
1102,1101,BatchTopK,8,0.0,0.0
1103,1102,BatchTopK,8,0.0,0.0
1104,1103,BatchTopK,8,0.0,0.0
1105,1104,BatchTopK,8,0.0,0.0
1106,1105,BatchTopK,8,0.0,0.0
1107,1106,BatchTopK,8,0.0,0.0
1108,1107,BatchTopK,8,0.0,0.0
1109,1108,BatchTopK,8,0.0,0.0
1110,1109,BatchTopK,8,0.0,0.0
1111,1110,BatchTopK,8,0.0,0.0
1112,1111,BatchTopK,8,0.0,0.0
1113,1112,BatchTopK,8,0.0,0.0
1114,1113,BatchTopK,8,0.0,0.0
1115,1114,BatchTopK,8,0.0,0.0
1116,1115,BatchTopK,8,0.0,0.0
1117,1116,BatchTopK,8,0.0,0.0
1118,1117,BatchTopK,8,0.0,0.0
1119,1118,BatchTopK,8,0.0,0.0
1120,1119,BatchTopK,8,0.0,0.0
1121,1120,BatchTopK,8,0.0,0.0
1122,1121,BatchTopK,8,0.0,0.0
1123,1122,BatchTopK,8,0.0,0.0
1124,1123,BatchTopK,8,0.0,0.0
1125,1124,BatchTopK,8,0.0,0.0
1126,1125,BatchTopK,8,0.0,0.0
1127,1126,BatchTopK,8,0.0,0.0
1128,1127,BatchTopK,8,0.0,0.0
1129,1128,BatchTopK,8,0.0,0.0
1130,1129,BatchTopK,8,0.0,0.0
1131,1130,BatchTopK,8,0.0,0.0
1132,1131,BatchTopK,8,0.0,0.0
1133,1132,BatchTopK,8,0.0,0.0
1134,1133,BatchTopK,8,0.0,0.0
1135,1134,BatchTopK,8,0.0,0.0
1136,1135,BatchTopK,8,0.0,0.0
1137,1136,BatchTopK,8,0.0,0.0
1138,1137,BatchTopK,8,0.0,0.0
1139,1138,BatchTopK,8,0.0,0.0
1140,1139,BatchTopK,8,0.0,0.0
1141,1140,BatchTopK,8,0.0,0.0
1142,1141,BatchTopK,8,0.0,0.0
1143,1142,BatchTopK,8,0.0,0.0
1144,1143,BatchTopK,8,0.0,0.0
1145,1144,BatchTopK,8,0.0,0.0
1146,1145,BatchTopK,8,0.0,0.0
1147,1146,BatchTopK,8,0.0,0.0
1148,1147,BatchTopK,8,0.0,0.0
1149,1148,BatchTopK,8,0.0,0.0
1150,1149,BatchTopK,8,0.0,0.0
1151,1150,BatchTopK,8,0.0,0.0
1152,1151,BatchTopK,8,0.0,0.0
1153,1152,BatchTopK,8,0.0,0.0
1154,1153,BatchTopK,8,0.0,0.0
1155,1154,BatchTopK,8,0.0,0.0
1156,1155,BatchTopK,8,0.0,0.0
1157,1156,BatchTopK,8,0.0,0.0
1158,1157,BatchTopK,8,0.0,0.0
1159,1158,BatchTopK,8,0.0,0.0
1160,1159,BatchTopK,8,0.0,0.0
1161,1160,BatchTopK,8,0.0,0.0
1162,1161,BatchTopK,8,0.0,0.0
1163,1162,BatchTopK,8,0.0,0.0
1164,1163,BatchTopK,8,0.0,0.0
1165,1164,BatchTopK,8,0.0,0.0
1166,1165,BatchTopK,8,0.0,0.0
1167,1166,BatchTopK,8,0.0,0.0
1168,1167,BatchTopK,8,0.0,0.0
1169,1168,BatchTopK,8,0.0,0.0
1170,1169,BatchTopK,8,0.0,0.0
1171,1170,BatchTopK,8,0.0,0.0
1172,1171,BatchTopK,8,0.0,0.0
1173,1172,BatchTopK,8,0.0,0.0
1174,1173,BatchTopK,8,0.0,0.0
1175,1174,BatchTopK,8,0.0,0.0
1176,1175,BatchTopK,8,0.0,0.0
1177,1176,BatchTopK,8,0.0,0.0
1178,1177,BatchTopK,8,0.0,0.0
1179,1178,BatchTopK,8,0.0,0.0
1180,1179,BatchTopK,8,0.0,0.0
1181,1180,BatchTopK,8,0.0,0.0
1182,1181,BatchTopK,8,0.0,0.0
1183,1182,BatchTopK,8,0.0,0.0
1184,1183,BatchTopK,8,0.0,0.0
1185,1184,BatchTopK,8,0.0,0.0
1186,1185,BatchTopK,8,0.0,0.0
1187,1186,BatchTopK,8,0.0,0.0
1188,1187,BatchTopK,8,0.0,0.0
1189,1188,BatchTopK,8,0.0,0.0
1190,1189,BatchTopK,8,0.0,0.0
1191,1190,BatchTopK,8,0.0,0.0
1192,1191,BatchTopK,8,0.0,0.0
1193,1192,BatchTopK,8,0.0,0.0
1194,1193,BatchTopK,8,0.0,0.0
1195,1194,BatchTopK,8,0.0,0.0
1196,1195,BatchTopK,8,0.0,0.0
1197,1196,BatchTopK,8,0.0,0.0
1198,1197,BatchTopK,8,0.0,0.0
1199,1198,BatchTopK,8,0.0,0.0
1200,1199,BatchTopK,8,0.0,0.0
1201,1200,BatchTopK,8,0.0,0.0
1202,1201,BatchTopK,8,0.0,0.0
1203,1202,BatchTopK,8,0.0,0.0
1204,1203,BatchTopK,8,0.0,0.0
1205,1204,BatchTopK,8,0.0,0.0
1206,1205,BatchTopK,8,0.0,0.0
1207,1206,BatchTopK,8,0.0,0.0
1208,1207,BatchTopK,8,0.0,0.0
1209,1208,BatchTopK,8,0.0,0.0
1210,1209,BatchTopK,8,0.0,0.0
1211,1210,BatchTopK,8,0.0,0.0
1212,1211,BatchTopK,8,0.0,0.0
1213,1212,BatchTopK,8,0.0,0.0
1214,1213,BatchTopK,8,0.0,0.0
1215,1214,BatchTopK,8,0.0,0.0
1216,1215,BatchTopK,8,0.0,0.0
1217,1216,BatchTopK,8,0.0,0.0
1218,1217,BatchTopK,8,0.0,0.0
1219,1218,BatchTopK,8,0.0,0.0
1220,1219,BatchTopK,8,0.0,0.0
1221,1220,BatchTopK,8,0.0,0.0
1222,1221,BatchTopK,8,0.0,0.0
1223,1222,BatchTopK,8,0.0,0.0
1224,1223,BatchTopK,8,0.0,0.0
1225,1224,BatchTopK,8,0.0,0.0
1226,1225,BatchTopK,8,0.0,0.0
1227,1226,BatchTopK,8,0.0,0.0
1228,1227,BatchTopK,8,0.0,0.0
1229,1228,BatchTopK,8,0.0,0.0
1230,1229,BatchTopK,8,0.0,0.0
1231,1230,BatchTopK,8,0.0,0.0
1232,1231,BatchTopK,8,0.0,0.0
1233,1232,BatchTopK,8,0.0,0.0
1234,1233,BatchTopK,8,0.0,0.0
1235,1234,BatchTopK,8,0.0,0.0
1236,1235,BatchTopK,8,0.0,0.0
1237,1236,BatchTopK,8,0.0,0.0
1238,1237,BatchTopK,8,0.0,0.0
1239,1238,BatchTopK,8,0.0,0.0
1240,1239,BatchTopK,8,0.0,0.0
1241,1240,BatchTopK,8,0.0,0.0
1242,1241,BatchTopK,8,0.0,0.0
1243,1242,BatchTopK,8,0.0,0.0
1244,1243,BatchTopK,8,0.0,0.0
1245,1244,BatchTopK,8,0.0,0.0
1246,1245,BatchTopK,8,0.0,0.0
1247,1246,BatchTopK,8,0.0,0.0
1248,1247,BatchTopK,8,0.0,0.0
1249,1248,BatchTopK,8,0.0,0.0
1250,1249,BatchTopK,8,0.0,0.0
1251,1250,BatchTopK,8,0.0,0.0
1252,1251,BatchTopK,8,0.0,0.0
1253,1252,BatchTopK,8,0.0,0.0
1254,1253,BatchTopK,8,0.0,0.0
1255,1254,BatchTopK,8,0.0,0.0
1256,1255,BatchTopK,8,0.0,0.0
1257,1256,BatchTopK,8,0.0,0.0
1258,1257,BatchTopK,8,0.0,0.0
1259,1258,BatchTopK,8,0.0,0.0
1260,1259,BatchTopK,8,0.0,0.0
1261,1260,BatchTopK,8,0.0,0.0
1262,1261,BatchTopK,8,0.0,0.0
1263,1262,BatchTopK,8,0.0,0.0
1264,1263,BatchTopK,8,0.0,0.0
1265,1264,BatchTopK,8,0.0,0.0
1266,1265,BatchTopK,8,0.0,0.0
1267,1266,BatchTopK,8,0.0,0.0
1268,1267,BatchTopK,8,0.0,0.0
1269,1268,BatchTopK,8,0.0,0.0
1270,1269,BatchTopK,8,0.0,0.0
1271,1270,BatchTopK,8,0.0,0.0
1272,1271,BatchTopK,8,0.0,0.0
1273,1272,BatchTopK,8,0.0,0.0
1274,1273,BatchTopK,8,0.0,0.0
1275,1274,BatchTopK,8,0.0,0.0
1276,1275,BatchTopK,8,0.0,0.0
1277,1276,BatchTopK,8,0.0,0.0
1278,1277,BatchTopK,8,0.0,0.0
1279,1278,BatchTopK,8,0.0,0.0
1280,1279,BatchTopK,8,0.0,0.0
1281,1280,BatchTopK,8,0.0,0.0
1282,1281,BatchTopK,8,0.0,0.0
1283,1282,BatchTopK,8,0.0,0.0
1284,1283,BatchTopK,8,0.0,0.0
1285,1284,BatchTopK,8,0.0,0.0
1286,1285,BatchTopK,8,0.0,0.0
1287,1286,BatchTopK,8,0.0,0.0
1288,1287,BatchTopK,8,0.0,0.0
1289,1288,BatchTopK,8,0.0,0.0
1290,1289,BatchTopK,8,0.0,0.0
1291,1290,BatchTopK,8,0.0,0.0
1292,1291,BatchTopK,8,0.0,0.0
1293,1292,BatchTopK,8,0.0,0.0
1294,1293,BatchTopK,8,0.0,0.0
1295,1294,BatchTopK,8,0.0,0.0
1296,958,BatchTopK,8,0.0,0.0
1,573,Matryoshka,4,0.854871,0.863702
2,699,Matryoshka,4,0.853119,0.862157
3,883,Matryoshka,4,0.844311,0.854511
4,471,Matryoshka,4,0.843137,0.853295
5,369,Matryoshka,4,0.842384,0.852537
6,1290,Matryoshka,4,0.84127,0.851902
7,1012,Matryoshka,4,0.840989,0.850674
8,778,Matryoshka,4,0.838407,0.847382
9,927,Matryoshka,4,0.83792,0.848923
10,511,Matryoshka,4,0.835165,0.846365
11,365,Matryoshka,4,0.831579,0.843088
12,232,Matryoshka,4,0.831502,0.842783
13,1060,Matryoshka,4,0.830671,0.841695
14,661,Matryoshka,4,0.83,0.841973
15,380,Matryoshka,4,0.82953,0.841316
16,601,Matryoshka,4,0.828753,0.840215
17,787,Matryoshka,4,0.828338,0.840554
18,311,Matryoshka,4,0.825911,0.838175
19,271,Matryoshka,4,0.825766,0.837898
20,364,Matryoshka,4,0.825663,0.836739
21,594,Matryoshka,4,0.825462,0.836175
22,595,Matryoshka,4,0.825,0.837578
23,584,Matryoshka,4,0.824818,0.83737
24,814,Matryoshka,4,0.823848,0.836663
25,869,Matryoshka,4,0.823188,0.83611
26,738,Matryoshka,4,0.823028,0.835879
27,641,Matryoshka,4,0.822917,0.834299
28,586,Matryoshka,4,0.822811,0.833867
29,710,Matryoshka,4,0.821978,0.834982
30,308,Matryoshka,4,0.820895,0.833785
31,337,Matryoshka,4,0.820794,0.833751
32,621,Matryoshka,4,0.820513,0.833677
33,592,Matryoshka,4,0.820312,0.833501
34,347,Matryoshka,4,0.820106,0.833138
35,264,Matryoshka,4,0.820065,0.832981
36,296,Matryoshka,4,0.819635,0.83264
37,454,Matryoshka,4,0.819615,0.832854
38,320,Matryoshka,4,0.818565,0.831842
39,729,Matryoshka,4,0.818182,0.831012
40,240,Matryoshka,4,0.817916,0.83104
41,607,Matryoshka,4,0.817248,0.830877
42,683,Matryoshka,4,0.816956,0.8306
43,480,Matryoshka,4,0.816794,0.830457
44,520,Matryoshka,4,0.816176,0.829332
45,143,Matryoshka,4,0.815722,0.82874
46,1140,Matryoshka,4,0.815094,0.828018
47,457,Matryoshka,4,0.814701,0.828069
48,581,Matryoshka,4,0.814679,0.82862
49,450,Matryoshka,4,0.814216,0.828165
50,409,Matryoshka,4,0.814056,0.827977
51,721,Matryoshka,4,0.813853,0.827288
52,316,Matryoshka,4,0.81381,0.827272
53,424,Matryoshka,4,0.813743,0.827809
54,1132,Matryoshka,4,0.813433,0.827763
55,515,Matryoshka,4,0.81338,0.826374
56,1188,Matryoshka,4,0.813187,0.825295
57,307,Matryoshka,4,0.813025,0.825879
58,1061,Matryoshka,4,0.812903,0.825277
59,1029,Matryoshka,4,0.812903,0.826257
60,504,Matryoshka,4,0.812734,0.826358
61,358,Matryoshka,4,0.8125,0.826647
62,348,Matryoshka,4,0.812183,0.826284
63,437,Matryoshka,4,0.812102,0.825828
64,367,Matryoshka,4,0.811554,0.825792
65,761,Matryoshka,4,0.811456,0.823022
66,624,Matryoshka,4,0.811359,0.825156
67,943,Matryoshka,4,0.811268,0.825837
68,568,Matryoshka,4,0.810924,0.825448
69,496,Matryoshka,4,0.810903,0.825342
70,521,Matryoshka,4,0.810526,0.824465
71,591,Matryoshka,4,0.810127,0.824765
72,783,Matryoshka,4,0.810069,0.824744
73,388,Matryoshka,4,0.809941,0.823966
74,400,Matryoshka,4,0.809892,0.824427
75,707,Matryoshka,4,0.809756,0.823711
76,246,Matryoshka,4,0.809662,0.823923
77,295,Matryoshka,4,0.809467,0.823907
78,322,Matryoshka,4,0.809357,0.823804
79,224,Matryoshka,4,0.809269,0.823517
80,510,Matryoshka,4,0.80916,0.823277
81,236,Matryoshka,4,0.809074,0.823089
82,845,Matryoshka,4,0.808864,0.822877
83,325,Matryoshka,4,0.808864,0.823486
84,458,Matryoshka,4,0.808743,0.82352
85,433,Matryoshka,4,0.808633,0.82331
86,646,Matryoshka,4,0.808411,0.821834
87,194,Matryoshka,4,0.808149,0.82251
88,230,Matryoshka,4,0.807357,0.821946
89,385,Matryoshka,4,0.807229,0.821149
90,600,Matryoshka,4,0.807229,0.821606
91,209,Matryoshka,4,0.807198,0.821702
92,512,Matryoshka,4,0.807157,0.82091
93,341,Matryoshka,4,0.80697,0.821844
94,531,Matryoshka,4,0.806941,0.822047
95,210,Matryoshka,4,0.806828,0.821428
96,840,Matryoshka,4,0.806763,0.821932
97,770,Matryoshka,4,0.806683,0.821859
98,238,Matryoshka,4,0.806545,0.821244
99,256,Matryoshka,4,0.806417,0.820863
100,1125,Matryoshka,4,0.806154,0.818576
101,935,Matryoshka,4,0.806061,0.817647
102,977,Matryoshka,4,0.805797,0.820212
103,903,Matryoshka,4,0.805479,0.819974
104,435,Matryoshka,4,0.805324,0.82
105,506,Matryoshka,4,0.805147,0.819837
106,146,Matryoshka,4,0.804895,0.81948
107,423,Matryoshka,4,0.804836,0.820151
108,980,Matryoshka,4,0.804428,0.82005
109,136,Matryoshka,4,0.80439,0.818984
110,280,Matryoshka,4,0.804301,0.81941
111,485,Matryoshka,4,0.80427,0.819681
112,371,Matryoshka,4,0.804249,0.819585
113,126,Matryoshka,4,0.804058,0.818677
114,857,Matryoshka,4,0.803519,0.819218
115,372,Matryoshka,4,0.803478,0.818994
116,159,Matryoshka,4,0.803291,0.818215
117,837,Matryoshka,4,0.803279,0.818087
118,262,Matryoshka,4,0.803279,0.818498
119,406,Matryoshka,4,0.803279,0.818696
120,144,Matryoshka,4,0.80317,0.817742
121,677,Matryoshka,4,0.80292,0.816289
122,486,Matryoshka,4,0.802893,0.817907
123,1062,Matryoshka,4,0.802817,0.818665
124,211,Matryoshka,4,0.802768,0.817915
125,1056,Matryoshka,4,0.802632,0.818491
126,905,Matryoshka,4,0.802395,0.818265
127,172,Matryoshka,4,0.802386,0.817436
128,416,Matryoshka,4,0.802158,0.817882
129,811,Matryoshka,4,0.802139,0.817123
130,326,Matryoshka,4,0.802005,0.817131
131,346,Matryoshka,4,0.801527,0.817156
132,244,Matryoshka,4,0.801512,0.816281
133,1089,Matryoshka,4,0.80117,0.817213
134,376,Matryoshka,4,0.801128,0.816401
135,286,Matryoshka,4,0.800989,0.816258
136,1022,Matryoshka,4,0.8,0.81621
137,407,Matryoshka,4,0.8,0.815442
138,653,Matryoshka,4,0.8,0.816153
139,69,Matryoshka,4,0.8,0.814298
140,303,Matryoshka,4,0.8,0.815425
141,355,Matryoshka,4,0.799483,0.815422
142,386,Matryoshka,4,0.799439,0.815434
143,387,Matryoshka,4,0.799427,0.814948
144,403,Matryoshka,4,0.79941,0.815438
145,118,Matryoshka,4,0.799337,0.814439
146,201,Matryoshka,4,0.799325,0.814657
147,492,Matryoshka,4,0.799308,0.814268
148,223,Matryoshka,4,0.799286,0.814661
149,679,Matryoshka,4,0.799154,0.815389
150,362,Matryoshka,4,0.798949,0.814977
151,241,Matryoshka,4,0.798851,0.814659
152,180,Matryoshka,4,0.798785,0.814377
153,954,Matryoshka,4,0.79868,0.815125
154,1222,Matryoshka,4,0.798635,0.811779
155,313,Matryoshka,4,0.798578,0.814592
156,237,Matryoshka,4,0.798173,0.814039
157,447,Matryoshka,4,0.798013,0.814309
158,453,Matryoshka,4,0.797945,0.814268
159,438,Matryoshka,4,0.797927,0.812518
160,165,Matryoshka,4,0.797771,0.813561
161,596,Matryoshka,4,0.797468,0.813953
162,1067,Matryoshka,4,0.797428,0.814054
163,265,Matryoshka,4,0.7974,0.813148
164,1159,Matryoshka,4,0.797342,0.811779
165,319,Matryoshka,4,0.796974,0.813267
166,162,Matryoshka,4,0.796951,0.812224
167,413,Matryoshka,4,0.796899,0.813327
168,338,Matryoshka,4,0.796834,0.813178
169,547,Matryoshka,4,0.796813,0.812689
170,216,Matryoshka,4,0.796777,0.81283
171,484,Matryoshka,4,0.796774,0.813242
172,417,Matryoshka,4,0.796774,0.813242
173,507,Matryoshka,4,0.796748,0.809378
174,574,Matryoshka,4,0.796681,0.813277
175,647,Matryoshka,4,0.796646,0.813251
176,251,Matryoshka,4,0.796334,0.812565
177,1004,Matryoshka,4,0.796296,0.813081
178,207,Matryoshka,4,0.796296,0.812129
179,398,Matryoshka,4,0.796268,0.812255
180,579,Matryoshka,4,0.796163,0.812069
181,203,Matryoshka,4,0.796151,0.811969
182,489,Matryoshka,4,0.79596,0.812653
183,576,Matryoshka,4,0.795918,0.81192
184,421,Matryoshka,4,0.795796,0.812371
185,497,Matryoshka,4,0.795699,0.812379
186,839,Matryoshka,4,0.795455,0.812343
187,179,Matryoshka,4,0.795276,0.811422
188,160,Matryoshka,4,0.795163,0.811281
189,164,Matryoshka,4,0.795129,0.811191
190,301,Matryoshka,4,0.795017,0.811132
191,214,Matryoshka,4,0.794941,0.811274
192,556,Matryoshka,4,0.794816,0.811708
193,747,Matryoshka,4,0.794805,0.811764
194,743,Matryoshka,4,0.794737,0.81171
195,549,Matryoshka,4,0.794643,0.809316
196,597,Matryoshka,4,0.794521,0.811417
197,419,Matryoshka,4,0.794304,0.811131
198,289,Matryoshka,4,0.794233,0.810961
199,218,Matryoshka,4,0.79404,0.810479
200,559,Matryoshka,4,0.793893,0.81021
201,919,Matryoshka,4,0.793814,0.810921
202,273,Matryoshka,4,0.793757,0.810444
203,339,Matryoshka,4,0.793734,0.810534
204,812,Matryoshka,4,0.793734,0.810856
205,377,Matryoshka,4,0.793558,0.809943
206,353,Matryoshka,4,0.793492,0.810301
207,368,Matryoshka,4,0.793364,0.810307
208,755,Matryoshka,4,0.793269,0.810435
209,257,Matryoshka,4,0.793249,0.809969
210,583,Matryoshka,4,0.793187,0.810369
211,292,Matryoshka,4,0.793023,0.809851
212,197,Matryoshka,4,0.793013,0.809602
213,213,Matryoshka,4,0.792844,0.809528
214,563,Matryoshka,4,0.792517,0.809651
215,958,Matryoshka,4,0.79235,0.809697
216,877,Matryoshka,4,0.792244,0.809611
217,139,Matryoshka,4,0.792225,0.808636
218,478,Matryoshka,4,0.792115,0.809336
219,229,Matryoshka,4,0.792098,0.808893
220,148,Matryoshka,4,0.791964,0.80837
221,281,Matryoshka,4,0.791914,0.808091
222,176,Matryoshka,4,0.791824,0.808441
223,901,Matryoshka,4,0.791789,0.809243
224,174,Matryoshka,4,0.791766,0.80844
225,645,Matryoshka,4,0.791762,0.808339
226,317,Matryoshka,4,0.791715,0.808732
227,125,Matryoshka,4,0.791667,0.808
228,137,Matryoshka,4,0.79164,0.808064
229,234,Matryoshka,4,0.791381,0.80832
230,58,Matryoshka,4,0.791201,0.806504
231,452,Matryoshka,4,0.79078,0.807574
232,411,Matryoshka,4,0.790323,0.807764
233,78,Matryoshka,4,0.790264,0.806128
234,278,Matryoshka,4,0.790233,0.807053
235,360,Matryoshka,4,0.790159,0.807051
236,643,Matryoshka,4,0.78972,0.807416
237,299,Matryoshka,4,0.789583,0.806474
238,285,Matryoshka,4,0.789474,0.806859
239,687,Matryoshka,4,0.789474,0.807217
240,490,Matryoshka,4,0.789374,0.806367
241,1053,Matryoshka,4,0.789272,0.804556
242,133,Matryoshka,4,0.789209,0.805984
243,117,Matryoshka,4,0.789183,0.805932
244,327,Matryoshka,4,0.789082,0.806553
245,168,Matryoshka,4,0.789062,0.806129
246,516,Matryoshka,4,0.789022,0.806694
247,245,Matryoshka,4,0.788955,0.806267
248,208,Matryoshka,4,0.788879,0.806085
249,220,Matryoshka,4,0.788758,0.805698
250,227,Matryoshka,4,0.788705,0.806044
251,115,Matryoshka,4,0.788654,0.805335
252,352,Matryoshka,4,0.788557,0.80611
253,440,Matryoshka,4,0.788553,0.805133
254,321,Matryoshka,4,0.788512,0.806104
255,217,Matryoshka,4,0.788245,0.805542
256,135,Matryoshka,4,0.788221,0.805142
257,184,Matryoshka,4,0.788217,0.805432
258,269,Matryoshka,4,0.78821,0.805719
259,541,Matryoshka,4,0.788119,0.805291
260,343,Matryoshka,4,0.78803,0.805665
261,175,Matryoshka,4,0.788018,0.805224
262,540,Matryoshka,4,0.788,0.8059
263,822,Matryoshka,4,0.787879,0.80503
264,298,Matryoshka,4,0.78781,0.805407
265,336,Matryoshka,4,0.787798,0.805511
266,443,Matryoshka,4,0.787671,0.80555
267,268,Matryoshka,4,0.7876,0.804421
268,757,Matryoshka,4,0.78759,0.802358
269,760,Matryoshka,4,0.787565,0.802946
270,666,Matryoshka,4,0.78744,0.8055
271,189,Matryoshka,4,0.787415,0.804822
272,658,Matryoshka,4,0.78733,0.805383
273,593,Matryoshka,4,0.787276,0.805285
274,357,Matryoshka,4,0.787234,0.803163
275,722,Matryoshka,4,0.787129,0.805246
276,154,Matryoshka,4,0.787125,0.804145
277,167,Matryoshka,4,0.786939,0.804079
278,1046,Matryoshka,4,0.786704,0.802053
279,169,Matryoshka,4,0.786517,0.804
280,314,Matryoshka,4,0.786058,0.80397
281,132,Matryoshka,4,0.785982,0.80324
282,550,Matryoshka,4,0.785863,0.80411
283,158,Matryoshka,4,0.785814,0.803236
284,122,Matryoshka,4,0.785757,0.802972
285,260,Matryoshka,4,0.785714,0.803624
286,375,Matryoshka,4,0.785607,0.803733
287,248,Matryoshka,4,0.785433,0.803282
288,113,Matryoshka,4,0.78542,0.802673
289,233,Matryoshka,4,0.785417,0.803317
290,445,Matryoshka,4,0.785358,0.802978
291,84,Matryoshka,4,0.785298,0.802104
292,177,Matryoshka,4,0.785287,0.803025
293,318,Matryoshka,4,0.78526,0.803335
294,502,Matryoshka,4,0.784906,0.801257
295,585,Matryoshka,4,0.78487,0.802471
296,272,Matryoshka,4,0.784566,0.802621
297,161,Matryoshka,4,0.784477,0.802099
298,94,Matryoshka,4,0.784257,0.801372
299,129,Matryoshka,4,0.784168,0.801685
300,150,Matryoshka,4,0.783942,0.80171
301,523,Matryoshka,4,0.783939,0.802449
302,465,Matryoshka,4,0.783883,0.801066
303,379,Matryoshka,4,0.783862,0.80171
304,344,Matryoshka,4,0.783862,0.80171
305,410,Matryoshka,4,0.783476,0.801902
306,558,Matryoshka,4,0.7833,0.801928
307,405,Matryoshka,4,0.783282,0.800668
308,153,Matryoshka,4,0.783255,0.801031
309,750,Matryoshka,4,0.782979,0.800157
310,91,Matryoshka,4,0.782904,0.800223
311,855,Matryoshka,4,0.782857,0.800655
312,151,Matryoshka,4,0.782793,0.800696
313,60,Matryoshka,4,0.782609,0.799163
314,887,Matryoshka,4,0.782609,0.800478
315,270,Matryoshka,4,0.782509,0.800939
316,455,Matryoshka,4,0.782477,0.799998
317,99,Matryoshka,4,0.782277,0.799656
318,124,Matryoshka,4,0.782233,0.800043
319,156,Matryoshka,4,0.782222,0.800273
320,92,Matryoshka,4,0.782178,0.799642
321,243,Matryoshka,4,0.782168,0.800548
322,345,Matryoshka,4,0.782152,0.800732
323,276,Matryoshka,4,0.78211,0.8006
324,293,Matryoshka,4,0.782051,0.800631
325,898,Matryoshka,4,0.781818,0.799731
326,275,Matryoshka,4,0.781818,0.800347
327,588,Matryoshka,4,0.781563,0.799734
328,340,Matryoshka,4,0.781437,0.800212
329,44,Matryoshka,4,0.781234,0.797247
330,279,Matryoshka,4,0.781182,0.799779
331,331,Matryoshka,4,0.781003,0.79928
332,183,Matryoshka,4,0.780998,0.799335
333,74,Matryoshka,4,0.780945,0.798207
334,61,Matryoshka,4,0.780687,0.797552
335,532,Matryoshka,4,0.780669,0.798997
336,428,Matryoshka,4,0.780316,0.799355
337,294,Matryoshka,4,0.780247,0.799083
338,43,Matryoshka,4,0.780098,0.796202
339,102,Matryoshka,4,0.780083,0.79795
340,528,Matryoshka,4,0.779661,0.798837
341,323,Matryoshka,4,0.779661,0.79868
342,302,Matryoshka,4,0.779621,0.797651
343,101,Matryoshka,4,0.779567,0.797627
344,51,Matryoshka,4,0.779407,0.796103
345,215,Matryoshka,4,0.779245,0.798017
346,397,Matryoshka,4,0.77913,0.794665
347,119,Matryoshka,4,0.779076,0.797216
348,90,Matryoshka,4,0.779016,0.796844
349,141,Matryoshka,4,0.778947,0.797355
350,629,Matryoshka,4,0.778894,0.793926
351,81,Matryoshka,4,0.778872,0.79665
352,75,Matryoshka,4,0.778707,0.796153
353,448,Matryoshka,4,0.778547,0.796586
354,1057,Matryoshka,4,0.778481,0.798034
355,921,Matryoshka,4,0.778157,0.795322
356,120,Matryoshka,4,0.778116,0.79654
357,142,Matryoshka,4,0.77809,0.796717
358,349,Matryoshka,4,0.777927,0.797189
359,163,Matryoshka,4,0.777858,0.796551
360,543,Matryoshka,4,0.777778,0.795851
361,247,Matryoshka,4,0.777778,0.796096
362,242,Matryoshka,4,0.777667,0.796738
363,700,Matryoshka,4,0.777506,0.796227
364,65,Matryoshka,4,0.777331,0.794891
365,66,Matryoshka,4,0.77729,0.794652
366,57,Matryoshka,4,0.777242,0.794473
367,64,Matryoshka,4,0.777158,0.79446
368,152,Matryoshka,4,0.777143,0.79594
369,204,Matryoshka,4,0.776817,0.795884
370,628,Matryoshka,4,0.776524,0.796277
371,200,Matryoshka,4,0.776471,0.795562
372,617,Matryoshka,4,0.776423,0.79539
373,222,Matryoshka,4,0.776265,0.795535
374,373,Matryoshka,4,0.776074,0.795712
375,881,Matryoshka,4,0.776025,0.795971
376,283,Matryoshka,4,0.775899,0.7953
377,116,Matryoshka,4,0.775772,0.794497
378,476,Matryoshka,4,0.775758,0.795587
379,304,Matryoshka,4,0.775564,0.795193
380,68,Matryoshka,4,0.775449,0.793355
381,85,Matryoshka,4,0.77542,0.793705
382,131,Matryoshka,4,0.775388,0.794213
383,127,Matryoshka,4,0.775325,0.794281
384,390,Matryoshka,4,0.775281,0.794992
385,330,Matryoshka,4,0.775253,0.794419
386,441,Matryoshka,4,0.775244,0.795049
387,110,Matryoshka,4,0.775068,0.793787
388,185,Matryoshka,4,0.775,0.794315
389,86,Matryoshka,4,0.774911,0.793288
390,155,Matryoshka,4,0.774839,0.793727
391,277,Matryoshka,4,0.774732,0.793965
392,128,Matryoshka,4,0.774708,0.793681
393,111,Matryoshka,4,0.774648,0.793432
394,284,Matryoshka,4,0.774617,0.794252
395,87,Matryoshka,4,0.774588,0.793128
396,249,Matryoshka,4,0.774542,0.794177
397,1124,Matryoshka,4,0.774468,0.794738
398,1007,Matryoshka,4,0.774373,0.792494
399,258,Matryoshka,4,0.774194,0.793825
400,446,Matryoshka,4,0.774194,0.794162
401,182,Matryoshka,4,0.774139,0.7936
402,305,Matryoshka,4,0.774112,0.793941
403,464,Matryoshka,4,0.774074,0.79275
404,664,Matryoshka,4,0.774074,0.793435
405,188,Matryoshka,4,0.773989,0.793409
406,631,Matryoshka,4,0.773913,0.790908
407,309,Matryoshka,4,0.773809,0.79364
408,195,Matryoshka,4,0.773799,0.793355
409,73,Matryoshka,4,0.773711,0.792006
410,82,Matryoshka,4,0.773666,0.792167
411,62,Matryoshka,4,0.773623,0.791562
412,26,Matryoshka,4,0.773483,0.788848
413,72,Matryoshka,4,0.773397,0.791768
414,773,Matryoshka,4,0.773333,0.789816
415,487,Matryoshka,4,0.773333,0.793526
416,80,Matryoshka,4,0.773174,0.791736
417,1152,Matryoshka,4,0.77305,0.793508
418,580,Matryoshka,4,0.772983,0.792515
419,527,Matryoshka,4,0.772983,0.793225
420,669,Matryoshka,4,0.772926,0.793245
421,67,Matryoshka,4,0.772693,0.791031
422,206,Matryoshka,4,0.772603,0.792395
423,138,Matryoshka,4,0.772277,0.791738
424,186,Matryoshka,4,0.772213,0.791938
425,130,Matryoshka,4,0.772201,0.791638
426,434,Matryoshka,4,0.772152,0.792438
427,114,Matryoshka,4,0.77213,0.791398
428,190,Matryoshka,4,0.772109,0.791907
429,250,Matryoshka,4,0.772043,0.792076
430,140,Matryoshka,4,0.771906,0.791445
431,701,Matryoshka,4,0.771831,0.791357
432,994,Matryoshka,4,0.771812,0.792457
433,430,Matryoshka,4,0.771739,0.792165
434,166,Matryoshka,4,0.771679,0.791471
435,56,Matryoshka,4,0.771607,0.789763
436,53,Matryoshka,4,0.771333,0.789299
437,47,Matryoshka,4,0.771203,0.788839
438,561,Matryoshka,4,0.770713,0.791335
439,762,Matryoshka,4,0.770642,0.791352
440,570,Matryoshka,4,0.770563,0.78963
441,635,Matryoshka,4,0.770526,0.791219
442,31,Matryoshka,4,0.770349,0.786903
443,287,Matryoshka,4,0.770302,0.790677
444,650,Matryoshka,4,0.77027,0.790174
445,106,Matryoshka,4,0.770234,0.789719
446,88,Matryoshka,4,0.770083,0.789292
447,267,Matryoshka,4,0.770077,0.790446
448,100,Matryoshka,4,0.769925,0.789317
449,378,Matryoshka,4,0.769899,0.788319
450,77,Matryoshka,4,0.769805,0.78883
451,366,Matryoshka,4,0.769726,0.790416
452,219,Matryoshka,4,0.769674,0.789986
453,123,Matryoshka,4,0.769663,0.789296
454,775,Matryoshka,4,0.769596,0.789583
455,639,Matryoshka,4,0.769585,0.790469
456,657,Matryoshka,4,0.769575,0.790449
457,557,Matryoshka,4,0.769539,0.790371
458,469,Matryoshka,4,0.769497,0.790265
459,995,Matryoshka,4,0.769231,0.789101
460,71,Matryoshka,4,0.768993,0.787977
461,723,Matryoshka,4,0.768856,0.789881
462,178,Matryoshka,4,0.768848,0.789142
463,41,Matryoshka,4,0.768842,0.786569
464,759,Matryoshka,4,0.768817,0.789884
465,1008,Matryoshka,4,0.768708,0.789864
466,70,Matryoshka,4,0.768344,0.78742
467,226,Matryoshka,4,0.768317,0.788878
468,493,Matryoshka,4,0.768116,0.788433
469,477,Matryoshka,4,0.767918,0.788935
470,820,Matryoshka,4,0.767908,0.786981
471,235,Matryoshka,4,0.767839,0.788492
472,384,Matryoshka,4,0.767475,0.788459
473,38,Matryoshka,4,0.76747,0.78518
474,871,Matryoshka,4,0.767372,0.786431
475,89,Matryoshka,4,0.767284,0.786893
476,252,Matryoshka,4,0.767241,0.787633
477,255,Matryoshka,4,0.767094,0.787923
478,157,Matryoshka,4,0.766906,0.787344
479,48,Matryoshka,4,0.766878,0.785371
480,451,Matryoshka,4,0.766393,0.787752
481,263,Matryoshka,4,0.766275,0.787237
482,108,Matryoshka,4,0.766175,0.786384
483,290,Matryoshka,4,0.76611,0.785807
484,52,Matryoshka,4,0.766089,0.784927
485,335,Matryoshka,4,0.76579,0.786995
486,109,Matryoshka,4,0.765616,0.785931
487,359,Matryoshka,4,0.765537,0.786832
488,149,Matryoshka,4,0.765503,0.786156
489,239,Matryoshka,4,0.765482,0.786529
490,633,Matryoshka,4,0.765217,0.786796
491,134,Matryoshka,4,0.765217,0.785723
492,1024,Matryoshka,4,0.76489,0.786654
493,225,Matryoshka,4,0.764454,0.785717
494,112,Matryoshka,4,0.764381,0.784836
495,704,Matryoshka,4,0.764302,0.786054
496,98,Matryoshka,4,0.764253,0.784598
497,333,Matryoshka,4,0.763685,0.785248
498,35,Matryoshka,4,0.763455,0.781563
499,630,Matryoshka,4,0.763033,0.78501
500,408,Matryoshka,4,0.762987,0.78479
501,107,Matryoshka,4,0.762834,0.783408
502,310,Matryoshka,4,0.762749,0.784324
503,39,Matryoshka,4,0.762636,0.781244
504,395,Matryoshka,4,0.762565,0.783791
505,55,Matryoshka,4,0.762302,0.781621
506,529,Matryoshka,4,0.76225,0.784237
507,394,Matryoshka,4,0.762178,0.784038
508,1031,Matryoshka,4,0.761905,0.782684
509,288,Matryoshka,4,0.761798,0.783541
510,76,Matryoshka,4,0.761712,0.781965
511,30,Matryoshka,4,0.761535,0.779223
512,103,Matryoshka,4,0.761352,0.782218
513,462,Matryoshka,4,0.761221,0.783373
514,231,Matryoshka,4,0.760801,0.782654
515,45,Matryoshka,4,0.760487,0.779763
516,350,Matryoshka,4,0.760108,0.781734
517,491,Matryoshka,4,0.759924,0.78232
518,324,Matryoshka,4,0.759732,0.781956
519,181,Matryoshka,4,0.75969,0.781404
520,37,Matryoshka,4,0.759488,0.778337
521,191,Matryoshka,4,0.75945,0.781324
522,315,Matryoshka,4,0.759331,0.781592
523,253,Matryoshka,4,0.759322,0.781028
524,97,Matryoshka,4,0.759213,0.780345
525,192,Matryoshka,4,0.759162,0.781101
526,96,Matryoshka,4,0.758929,0.780074
527,312,Matryoshka,4,0.758893,0.780194
528,59,Matryoshka,4,0.758868,0.779277
529,332,Matryoshka,4,0.758621,0.780496
530,18,Matryoshka,4,0.758547,0.774397
531,24,Matryoshka,4,0.758423,0.775818
532,470,Matryoshka,4,0.758364,0.781014
533,1199,Matryoshka,4,0.758333,0.778054
534,171,Matryoshka,4,0.758301,0.780241
535,49,Matryoshka,4,0.758121,0.778013
536,673,Matryoshka,4,0.757794,0.780655
537,976,Matryoshka,4,0.757764,0.78072
538,25,Matryoshka,4,0.757762,0.775492
539,121,Matryoshka,4,0.757452,0.779134
540,351,Matryoshka,4,0.757363,0.77945
541,198,Matryoshka,4,0.757216,0.779448
542,266,Matryoshka,4,0.757039,0.77951
543,259,Matryoshka,4,0.756816,0.778923
544,46,Matryoshka,4,0.756726,0.77676
545,442,Matryoshka,4,0.756661,0.778859
546,627,Matryoshka,4,0.756637,0.77966
547,720,Matryoshka,4,0.756614,0.777622
548,328,Matryoshka,4,0.756278,0.779147
549,356,Matryoshka,4,0.756204,0.778488
550,950,Matryoshka,4,0.755725,0.779085
551,147,Matryoshka,4,0.755556,0.777814
552,40,Matryoshka,4,0.755383,0.77504
553,382,Matryoshka,4,0.755365,0.777215
554,590,Matryoshka,4,0.755344,0.778617
555,894,Matryoshka,4,0.755162,0.77621
556,193,Matryoshka,4,0.755137,0.777727
557,13,Matryoshka,4,0.755106,0.769471
558,170,Matryoshka,4,0.754839,0.77741
559,897,Matryoshka,4,0.754808,0.778176
560,199,Matryoshka,4,0.754751,0.777467
561,34,Matryoshka,4,0.754433,0.773865
562,27,Matryoshka,4,0.754383,0.772917
563,54,Matryoshka,4,0.753846,0.77475
564,1246,Matryoshka,4,0.753731,0.773092
565,426,Matryoshka,4,0.753623,0.776339
566,205,Matryoshka,4,0.753571,0.776472
567,744,Matryoshka,4,0.753463,0.774904
568,29,Matryoshka,4,0.753447,0.772616
569,145,Matryoshka,4,0.753435,0.776103
570,1172,Matryoshka,4,0.753036,0.77687
571,23,Matryoshka,4,0.753,0.771164
572,1249,Matryoshka,4,0.752768,0.775137
573,542,Matryoshka,4,0.752688,0.775496
574,50,Matryoshka,4,0.752395,0.773214
575,468,Matryoshka,4,0.752294,0.773757
576,228,Matryoshka,4,0.752029,0.775201
577,104,Matryoshka,4,0.751821,0.774101
578,28,Matryoshka,4,0.751626,0.770787
579,19,Matryoshka,4,0.751625,0.768901
580,36,Matryoshka,4,0.751424,0.771459
581,533,Matryoshka,4,0.750877,0.77477
582,16,Matryoshka,4,0.750705,0.767008
583,95,Matryoshka,4,0.750248,0.772831
584,1193,Matryoshka,4,0.75,0.774341
585,79,Matryoshka,4,0.749896,0.772151
586,32,Matryoshka,4,0.749259,0.769306
587,974,Matryoshka,4,0.749164,0.773615
588,876,Matryoshka,4,0.749141,0.773604
589,1027,Matryoshka,4,0.749064,0.76914
590,196,Matryoshka,4,0.748614,0.772395
591,575,Matryoshka,4,0.747826,0.772352
592,33,Matryoshka,4,0.747723,0.768018
593,63,Matryoshka,4,0.747365,0.769704
594,21,Matryoshka,4,0.74621,0.76475
595,93,Matryoshka,4,0.746139,0.769363
596,221,Matryoshka,4,0.745868,0.770234
597,212,Matryoshka,4,0.744435,0.768895
598,354,Matryoshka,4,0.744311,0.769165
599,587,Matryoshka,4,0.743697,0.76718
600,14,Matryoshka,4,0.743604,0.759967
601,813,Matryoshka,4,0.74359,0.76785
602,42,Matryoshka,4,0.743207,0.765226
603,202,Matryoshka,4,0.742961,0.767698
604,1292,Matryoshka,4,0.742647,0.766729
605,807,Matryoshka,4,0.742105,0.765522
606,685,Matryoshka,4,0.742015,0.766573
607,105,Matryoshka,4,0.741658,0.765862
608,12,Matryoshka,4,0.741466,0.757294
609,10,Matryoshka,4,0.741459,0.755604
610,534,Matryoshka,4,0.740741,0.766454
611,769,Matryoshka,4,0.740332,0.766268
612,342,Matryoshka,4,0.739653,0.765321
613,173,Matryoshka,4,0.739062,0.7643
614,297,Matryoshka,4,0.738966,0.764711
615,6,Matryoshka,4,0.73868,0.747704
616,291,Matryoshka,4,0.738538,0.763811
617,11,Matryoshka,4,0.738533,0.753848
618,254,Matryoshka,4,0.738428,0.764131
619,1286,Matryoshka,4,0.737705,0.764226
620,7,Matryoshka,4,0.737623,0.748209
621,20,Matryoshka,4,0.736533,0.756804
622,17,Matryoshka,4,0.735738,0.754908
623,15,Matryoshka,4,0.735351,0.753357
624,1176,Matryoshka,4,0.734982,0.760436
625,616,Matryoshka,4,0.733753,0.759834
626,22,Matryoshka,4,0.733741,0.75475
627,589,Matryoshka,4,0.73301,0.760202
628,949,Matryoshka,4,0.73251,0.759965
629,727,Matryoshka,4,0.731844,0.758085
630,8,Matryoshka,4,0.731609,0.744955
631,3,Matryoshka,4,0.728599,0.726677
632,4,Matryoshka,4,0.727964,0.732328
633,282,Matryoshka,4,0.727924,0.755595
634,9,Matryoshka,4,0.727582,0.742762
635,83,Matryoshka,4,0.725779,0.752293
636,2,Matryoshka,4,0.722955,0.71316
637,5,Matryoshka,4,0.722936,0.7315
638,374,Matryoshka,4,0.722467,0.751296
639,1264,Matryoshka,4,0.721311,0.750812
640,569,Matryoshka,4,0.720174,0.748673
641,1,Matryoshka,4,0.71145,0.684554
642,1106,Matryoshka,4,0.708609,0.740429
643,1045,Matryoshka,4,0.707692,0.739731
644,967,Matryoshka,4,0.704981,0.735734
645,816,Matryoshka,4,0.696429,0.730548
646,1235,Matryoshka,4,0.694215,0.719548
647,1032,Matryoshka,4,0.690909,0.719366
648,0,Matryoshka,4,0.66639,0.577523
649,648,Matryoshka,4,0.0,0.0
650,1295,Matryoshka,4,0.0,0.0
651,644,Matryoshka,4,0.0,0.0
652,651,Matryoshka,4,0.0,0.0
653,652,Matryoshka,4,0.0,0.0
654,642,Matryoshka,4,0.0,0.0
655,654,Matryoshka,4,0.0,0.0
656,655,Matryoshka,4,0.0,0.0
657,656,Matryoshka,4,0.0,0.0
658,640,Matryoshka,4,0.0,0.0
659,638,Matryoshka,4,0.0,0.0
660,659,Matryoshka,4,0.0,0.0
661,660,Matryoshka,4,0.0,0.0
662,637,Matryoshka,4,0.0,0.0
663,662,Matryoshka,4,0.0,0.0
664,663,Matryoshka,4,0.0,0.0
665,636,Matryoshka,4,0.0,0.0
666,665,Matryoshka,4,0.0,0.0
667,634,Matryoshka,4,0.0,0.0
668,667,Matryoshka,4,0.0,0.0
669,668,Matryoshka,4,0.0,0.0
670,632,Matryoshka,4,0.0,0.0
671,670,Matryoshka,4,0.0,0.0
672,671,Matryoshka,4,0.0,0.0
673,672,Matryoshka,4,0.0,0.0
674,626,Matryoshka,4,0.0,0.0
675,674,Matryoshka,4,0.0,0.0
676,675,Matryoshka,4,0.0,0.0
677,676,Matryoshka,4,0.0,0.0
678,625,Matryoshka,4,0.0,0.0
679,678,Matryoshka,4,0.0,0.0
680,623,Matryoshka,4,0.0,0.0
681,680,Matryoshka,4,0.0,0.0
682,681,Matryoshka,4,0.0,0.0
683,682,Matryoshka,4,0.0,0.0
684,622,Matryoshka,4,0.0,0.0
685,684,Matryoshka,4,0.0,0.0
686,620,Matryoshka,4,0.0,0.0
687,686,Matryoshka,4,0.0,0.0
688,619,Matryoshka,4,0.0,0.0
689,688,Matryoshka,4,0.0,0.0
690,689,Matryoshka,4,0.0,0.0
691,690,Matryoshka,4,0.0,0.0
692,691,Matryoshka,4,0.0,0.0
693,692,Matryoshka,4,0.0,0.0
694,693,Matryoshka,4,0.0,0.0
695,694,Matryoshka,4,0.0,0.0
696,695,Matryoshka,4,0.0,0.0
697,696,Matryoshka,4,0.0,0.0
698,697,Matryoshka,4,0.0,0.0
699,698,Matryoshka,4,0.0,0.0
700,618,Matryoshka,4,0.0,0.0
701,615,Matryoshka,4,0.0,0.0
702,614,Matryoshka,4,0.0,0.0
703,702,Matryoshka,4,0.0,0.0
704,703,Matryoshka,4,0.0,0.0
705,613,Matryoshka,4,0.0,0.0
706,705,Matryoshka,4,0.0,0.0
707,706,Matryoshka,4,0.0,0.0
708,612,Matryoshka,4,0.0,0.0
709,708,Matryoshka,4,0.0,0.0
710,709,Matryoshka,4,0.0,0.0
711,611,Matryoshka,4,0.0,0.0
712,711,Matryoshka,4,0.0,0.0
713,712,Matryoshka,4,0.0,0.0
714,713,Matryoshka,4,0.0,0.0
715,714,Matryoshka,4,0.0,0.0
716,715,Matryoshka,4,0.0,0.0
717,716,Matryoshka,4,0.0,0.0
718,717,Matryoshka,4,0.0,0.0
719,718,Matryoshka,4,0.0,0.0
720,719,Matryoshka,4,0.0,0.0
721,610,Matryoshka,4,0.0,0.0
722,609,Matryoshka,4,0.0,0.0
723,608,Matryoshka,4,0.0,0.0
724,606,Matryoshka,4,0.0,0.0
725,724,Matryoshka,4,0.0,0.0
726,725,Matryoshka,4,0.0,0.0
727,726,Matryoshka,4,0.0,0.0
728,605,Matryoshka,4,0.0,0.0
729,728,Matryoshka,4,0.0,0.0
730,604,Matryoshka,4,0.0,0.0
731,730,Matryoshka,4,0.0,0.0
732,731,Matryoshka,4,0.0,0.0
733,732,Matryoshka,4,0.0,0.0
734,733,Matryoshka,4,0.0,0.0
735,734,Matryoshka,4,0.0,0.0
736,735,Matryoshka,4,0.0,0.0
737,736,Matryoshka,4,0.0,0.0
738,737,Matryoshka,4,0.0,0.0
739,603,Matryoshka,4,0.0,0.0
740,739,Matryoshka,4,0.0,0.0
741,740,Matryoshka,4,0.0,0.0
742,741,Matryoshka,4,0.0,0.0
743,742,Matryoshka,4,0.0,0.0
744,602,Matryoshka,4,0.0,0.0
745,599,Matryoshka,4,0.0,0.0
746,745,Matryoshka,4,0.0,0.0
747,746,Matryoshka,4,0.0,0.0
748,598,Matryoshka,4,0.0,0.0
749,748,Matryoshka,4,0.0,0.0
750,749,Matryoshka,4,0.0,0.0
751,582,Matryoshka,4,0.0,0.0
752,751,Matryoshka,4,0.0,0.0
753,752,Matryoshka,4,0.0,0.0
754,753,Matryoshka,4,0.0,0.0
755,754,Matryoshka,4,0.0,0.0
756,578,Matryoshka,4,0.0,0.0
757,756,Matryoshka,4,0.0,0.0
758,577,Matryoshka,4,0.0,0.0
759,758,Matryoshka,4,0.0,0.0
760,572,Matryoshka,4,0.0,0.0
761,571,Matryoshka,4,0.0,0.0
762,567,Matryoshka,4,0.0,0.0
763,566,Matryoshka,4,0.0,0.0
764,763,Matryoshka,4,0.0,0.0
765,764,Matryoshka,4,0.0,0.0
766,765,Matryoshka,4,0.0,0.0
767,766,Matryoshka,4,0.0,0.0
768,767,Matryoshka,4,0.0,0.0
769,768,Matryoshka,4,0.0,0.0
770,565,Matryoshka,4,0.0,0.0
771,564,Matryoshka,4,0.0,0.0
772,771,Matryoshka,4,0.0,0.0
773,772,Matryoshka,4,0.0,0.0
774,562,Matryoshka,4,0.0,0.0
775,774,Matryoshka,4,0.0,0.0
776,560,Matryoshka,4,0.0,0.0
777,776,Matryoshka,4,0.0,0.0
778,777,Matryoshka,4,0.0,0.0
779,555,Matryoshka,4,0.0,0.0
780,779,Matryoshka,4,0.0,0.0
781,780,Matryoshka,4,0.0,0.0
782,781,Matryoshka,4,0.0,0.0
783,782,Matryoshka,4,0.0,0.0
784,554,Matryoshka,4,0.0,0.0
785,784,Matryoshka,4,0.0,0.0
786,785,Matryoshka,4,0.0,0.0
787,786,Matryoshka,4,0.0,0.0
788,553,Matryoshka,4,0.0,0.0
789,788,Matryoshka,4,0.0,0.0
790,789,Matryoshka,4,0.0,0.0
791,790,Matryoshka,4,0.0,0.0
792,791,Matryoshka,4,0.0,0.0
793,792,Matryoshka,4,0.0,0.0
794,793,Matryoshka,4,0.0,0.0
795,794,Matryoshka,4,0.0,0.0
796,795,Matryoshka,4,0.0,0.0
797,796,Matryoshka,4,0.0,0.0
798,797,Matryoshka,4,0.0,0.0
799,798,Matryoshka,4,0.0,0.0
800,799,Matryoshka,4,0.0,0.0
801,800,Matryoshka,4,0.0,0.0
802,801,Matryoshka,4,0.0,0.0
803,802,Matryoshka,4,0.0,0.0
804,803,Matryoshka,4,0.0,0.0
805,804,Matryoshka,4,0.0,0.0
806,805,Matryoshka,4,0.0,0.0
807,806,Matryoshka,4,0.0,0.0
808,552,Matryoshka,4,0.0,0.0
809,808,Matryoshka,4,0.0,0.0
810,809,Matryoshka,4,0.0,0.0
811,810,Matryoshka,4,0.0,0.0
812,551,Matryoshka,4,0.0,0.0
813,548,Matryoshka,4,0.0,0.0
814,546,Matryoshka,4,0.0,0.0
815,545,Matryoshka,4,0.0,0.0
816,815,Matryoshka,4,0.0,0.0
817,544,Matryoshka,4,0.0,0.0
818,817,Matryoshka,4,0.0,0.0
819,818,Matryoshka,4,0.0,0.0
820,819,Matryoshka,4,0.0,0.0
821,539,Matryoshka,4,0.0,0.0
822,821,Matryoshka,4,0.0,0.0
823,538,Matryoshka,4,0.0,0.0
824,823,Matryoshka,4,0.0,0.0
825,824,Matryoshka,4,0.0,0.0
826,825,Matryoshka,4,0.0,0.0
827,826,Matryoshka,4,0.0,0.0
828,827,Matryoshka,4,0.0,0.0
829,828,Matryoshka,4,0.0,0.0
830,829,Matryoshka,4,0.0,0.0
831,830,Matryoshka,4,0.0,0.0
832,831,Matryoshka,4,0.0,0.0
833,832,Matryoshka,4,0.0,0.0
834,833,Matryoshka,4,0.0,0.0
835,834,Matryoshka,4,0.0,0.0
836,835,Matryoshka,4,0.0,0.0
837,836,Matryoshka,4,0.0,0.0
838,537,Matryoshka,4,0.0,0.0
839,838,Matryoshka,4,0.0,0.0
840,536,Matryoshka,4,0.0,0.0
841,535,Matryoshka,4,0.0,0.0
842,841,Matryoshka,4,0.0,0.0
843,842,Matryoshka,4,0.0,0.0
844,843,Matryoshka,4,0.0,0.0
845,844,Matryoshka,4,0.0,0.0
846,530,Matryoshka,4,0.0,0.0
847,846,Matryoshka,4,0.0,0.0
848,847,Matryoshka,4,0.0,0.0
849,848,Matryoshka,4,0.0,0.0
850,849,Matryoshka,4,0.0,0.0
851,850,Matryoshka,4,0.0,0.0
852,851,Matryoshka,4,0.0,0.0
853,852,Matryoshka,4,0.0,0.0
854,853,Matryoshka,4,0.0,0.0
855,854,Matryoshka,4,0.0,0.0
856,526,Matryoshka,4,0.0,0.0
857,856,Matryoshka,4,0.0,0.0
858,525,Matryoshka,4,0.0,0.0
859,858,Matryoshka,4,0.0,0.0
860,859,Matryoshka,4,0.0,0.0
861,860,Matryoshka,4,0.0,0.0
862,861,Matryoshka,4,0.0,0.0
863,862,Matryoshka,4,0.0,0.0
864,863,Matryoshka,4,0.0,0.0
865,864,Matryoshka,4,0.0,0.0
866,865,Matryoshka,4,0.0,0.0
867,866,Matryoshka,4,0.0,0.0
868,867,Matryoshka,4,0.0,0.0
869,868,Matryoshka,4,0.0,0.0
870,524,Matryoshka,4,0.0,0.0
871,870,Matryoshka,4,0.0,0.0
872,522,Matryoshka,4,0.0,0.0
873,872,Matryoshka,4,0.0,0.0
874,873,Matryoshka,4,0.0,0.0
875,874,Matryoshka,4,0.0,0.0
876,875,Matryoshka,4,0.0,0.0
877,519,Matryoshka,4,0.0,0.0
878,518,Matryoshka,4,0.0,0.0
879,878,Matryoshka,4,0.0,0.0
880,879,Matryoshka,4,0.0,0.0
881,880,Matryoshka,4,0.0,0.0
882,517,Matryoshka,4,0.0,0.0
883,882,Matryoshka,4,0.0,0.0
884,514,Matryoshka,4,0.0,0.0
885,884,Matryoshka,4,0.0,0.0
886,885,Matryoshka,4,0.0,0.0
887,886,Matryoshka,4,0.0,0.0
888,513,Matryoshka,4,0.0,0.0
889,888,Matryoshka,4,0.0,0.0
890,889,Matryoshka,4,0.0,0.0
891,890,Matryoshka,4,0.0,0.0
892,891,Matryoshka,4,0.0,0.0
893,892,Matryoshka,4,0.0,0.0
894,893,Matryoshka,4,0.0,0.0
895,509,Matryoshka,4,0.0,0.0
896,895,Matryoshka,4,0.0,0.0
897,896,Matryoshka,4,0.0,0.0
898,508,Matryoshka,4,0.0,0.0
899,505,Matryoshka,4,0.0,0.0
900,899,Matryoshka,4,0.0,0.0
901,900,Matryoshka,4,0.0,0.0
902,503,Matryoshka,4,0.0,0.0
903,902,Matryoshka,4,0.0,0.0
904,501,Matryoshka,4,0.0,0.0
905,904,Matryoshka,4,0.0,0.0
906,500,Matryoshka,4,0.0,0.0
907,906,Matryoshka,4,0.0,0.0
908,907,Matryoshka,4,0.0,0.0
909,908,Matryoshka,4,0.0,0.0
910,909,Matryoshka,4,0.0,0.0
911,910,Matryoshka,4,0.0,0.0
912,911,Matryoshka,4,0.0,0.0
913,912,Matryoshka,4,0.0,0.0
914,913,Matryoshka,4,0.0,0.0
915,914,Matryoshka,4,0.0,0.0
916,915,Matryoshka,4,0.0,0.0
917,916,Matryoshka,4,0.0,0.0
918,917,Matryoshka,4,0.0,0.0
919,918,Matryoshka,4,0.0,0.0
920,499,Matryoshka,4,0.0,0.0
921,920,Matryoshka,4,0.0,0.0
922,498,Matryoshka,4,0.0,0.0
923,922,Matryoshka,4,0.0,0.0
924,923,Matryoshka,4,0.0,0.0
925,924,Matryoshka,4,0.0,0.0
926,925,Matryoshka,4,0.0,0.0
927,926,Matryoshka,4,0.0,0.0
928,495,Matryoshka,4,0.0,0.0
929,928,Matryoshka,4,0.0,0.0
930,929,Matryoshka,4,0.0,0.0
931,930,Matryoshka,4,0.0,0.0
932,931,Matryoshka,4,0.0,0.0
933,932,Matryoshka,4,0.0,0.0
934,933,Matryoshka,4,0.0,0.0
935,934,Matryoshka,4,0.0,0.0
936,494,Matryoshka,4,0.0,0.0
937,936,Matryoshka,4,0.0,0.0
938,937,Matryoshka,4,0.0,0.0
939,938,Matryoshka,4,0.0,0.0
940,939,Matryoshka,4,0.0,0.0
941,940,Matryoshka,4,0.0,0.0
942,941,Matryoshka,4,0.0,0.0
943,942,Matryoshka,4,0.0,0.0
944,488,Matryoshka,4,0.0,0.0
945,944,Matryoshka,4,0.0,0.0
946,945,Matryoshka,4,0.0,0.0
947,946,Matryoshka,4,0.0,0.0
948,947,Matryoshka,4,0.0,0.0
949,948,Matryoshka,4,0.0,0.0
950,483,Matryoshka,4,0.0,0.0
951,482,Matryoshka,4,0.0,0.0
952,951,Matryoshka,4,0.0,0.0
953,952,Matryoshka,4,0.0,0.0
954,953,Matryoshka,4,0.0,0.0
955,481,Matryoshka,4,0.0,0.0
956,955,Matryoshka,4,0.0,0.0
957,956,Matryoshka,4,0.0,0.0
958,957,Matryoshka,4,0.0,0.0
959,479,Matryoshka,4,0.0,0.0
960,959,Matryoshka,4,0.0,0.0
961,960,Matryoshka,4,0.0,0.0
962,961,Matryoshka,4,0.0,0.0
963,962,Matryoshka,4,0.0,0.0
964,963,Matryoshka,4,0.0,0.0
965,964,Matryoshka,4,0.0,0.0
966,965,Matryoshka,4,0.0,0.0
967,966,Matryoshka,4,0.0,0.0
968,475,Matryoshka,4,0.0,0.0
969,968,Matryoshka,4,0.0,0.0
970,969,Matryoshka,4,0.0,0.0
971,970,Matryoshka,4,0.0,0.0
972,971,Matryoshka,4,0.0,0.0
973,649,Matryoshka,4,0.0,0.0
974,973,Matryoshka,4,0.0,0.0
975,474,Matryoshka,4,0.0,0.0
976,975,Matryoshka,4,0.0,0.0
977,473,Matryoshka,4,0.0,0.0
978,472,Matryoshka,4,0.0,0.0
979,978,Matryoshka,4,0.0,0.0
980,979,Matryoshka,4,0.0,0.0
981,467,Matryoshka,4,0.0,0.0
982,981,Matryoshka,4,0.0,0.0
983,982,Matryoshka,4,0.0,0.0
984,983,Matryoshka,4,0.0,0.0
985,984,Matryoshka,4,0.0,0.0
986,985,Matryoshka,4,0.0,0.0
987,986,Matryoshka,4,0.0,0.0
988,987,Matryoshka,4,0.0,0.0
989,988,Matryoshka,4,0.0,0.0
990,989,Matryoshka,4,0.0,0.0
991,990,Matryoshka,4,0.0,0.0
992,991,Matryoshka,4,0.0,0.0
993,992,Matryoshka,4,0.0,0.0
994,993,Matryoshka,4,0.0,0.0
995,466,Matryoshka,4,0.0,0.0
996,463,Matryoshka,4,0.0,0.0
997,996,Matryoshka,4,0.0,0.0
998,997,Matryoshka,4,0.0,0.0
999,998,Matryoshka,4,0.0,0.0
1000,999,Matryoshka,4,0.0,0.0
1001,1000,Matryoshka,4,0.0,0.0
1002,1001,Matryoshka,4,0.0,0.0
1003,1002,Matryoshka,4,0.0,0.0
1004,1003,Matryoshka,4,0.0,0.0
1005,461,Matryoshka,4,0.0,0.0
1006,1005,Matryoshka,4,0.0,0.0
1007,1006,Matryoshka,4,0.0,0.0
1008,460,Matryoshka,4,0.0,0.0
1009,459,Matryoshka,4,0.0,0.0
1010,1009,Matryoshka,4,0.0,0.0
1011,1010,Matryoshka,4,0.0,0.0
1012,1011,Matryoshka,4,0.0,0.0
1013,456,Matryoshka,4,0.0,0.0
1014,1013,Matryoshka,4,0.0,0.0
1015,1014,Matryoshka,4,0.0,0.0
1016,1015,Matryoshka,4,0.0,0.0
1017,1016,Matryoshka,4,0.0,0.0
1018,1017,Matryoshka,4,0.0,0.0
1019,1018,Matryoshka,4,0.0,0.0
1020,1019,Matryoshka,4,0.0,0.0
1021,1020,Matryoshka,4,0.0,0.0
1022,1021,Matryoshka,4,0.0,0.0
1023,449,Matryoshka,4,0.0,0.0
1024,1023,Matryoshka,4,0.0,0.0
1025,444,Matryoshka,4,0.0,0.0
1026,1025,Matryoshka,4,0.0,0.0
1027,1026,Matryoshka,4,0.0,0.0
1028,439,Matryoshka,4,0.0,0.0
1029,1028,Matryoshka,4,0.0,0.0
1030,436,Matryoshka,4,0.0,0.0
1031,1030,Matryoshka,4,0.0,0.0
1032,432,Matryoshka,4,0.0,0.0
1033,431,Matryoshka,4,0.0,0.0
1034,1033,Matryoshka,4,0.0,0.0
1035,1034,Matryoshka,4,0.0,0.0
1036,1035,Matryoshka,4,0.0,0.0
1037,1036,Matryoshka,4,0.0,0.0
1038,1037,Matryoshka,4,0.0,0.0
1039,1038,Matryoshka,4,0.0,0.0
1040,1039,Matryoshka,4,0.0,0.0
1041,1040,Matryoshka,4,0.0,0.0
1042,1041,Matryoshka,4,0.0,0.0
1043,1042,Matryoshka,4,0.0,0.0
1044,1043,Matryoshka,4,0.0,0.0
1045,1044,Matryoshka,4,0.0,0.0
1046,429,Matryoshka,4,0.0,0.0
1047,427,Matryoshka,4,0.0,0.0
1048,1047,Matryoshka,4,0.0,0.0
1049,1048,Matryoshka,4,0.0,0.0
1050,1049,Matryoshka,4,0.0,0.0
1051,1050,Matryoshka,4,0.0,0.0
1052,1051,Matryoshka,4,0.0,0.0
1053,1052,Matryoshka,4,0.0,0.0
1054,425,Matryoshka,4,0.0,0.0
1055,1054,Matryoshka,4,0.0,0.0
1056,1055,Matryoshka,4,0.0,0.0
1057,422,Matryoshka,4,0.0,0.0
1058,420,Matryoshka,4,0.0,0.0
1059,1058,Matryoshka,4,0.0,0.0
1060,1059,Matryoshka,4,0.0,0.0
1061,418,Matryoshka,4,0.0,0.0
1062,415,Matryoshka,4,0.0,0.0
1063,414,Matryoshka,4,0.0,0.0
1064,1063,Matryoshka,4,0.0,0.0
1065,1064,Matryoshka,4,0.0,0.0
1066,1065,Matryoshka,4,0.0,0.0
1067,1066,Matryoshka,4,0.0,0.0
1068,412,Matryoshka,4,0.0,0.0
1069,1068,Matryoshka,4,0.0,0.0
1070,1069,Matryoshka,4,0.0,0.0
1071,1070,Matryoshka,4,0.0,0.0
1072,1071,Matryoshka,4,0.0,0.0
1073,1072,Matryoshka,4,0.0,0.0
1074,1073,Matryoshka,4,0.0,0.0
1075,1074,Matryoshka,4,0.0,0.0
1076,1075,Matryoshka,4,0.0,0.0
1077,1076,Matryoshka,4,0.0,0.0
1078,1077,Matryoshka,4,0.0,0.0
1079,1078,Matryoshka,4,0.0,0.0
1080,1079,Matryoshka,4,0.0,0.0
1081,1080,Matryoshka,4,0.0,0.0
1082,1081,Matryoshka,4,0.0,0.0
1083,1082,Matryoshka,4,0.0,0.0
1084,1083,Matryoshka,4,0.0,0.0
1085,1084,Matryoshka,4,0.0,0.0
1086,1085,Matryoshka,4,0.0,0.0
1087,1086,Matryoshka,4,0.0,0.0
1088,1087,Matryoshka,4,0.0,0.0
1089,1088,Matryoshka,4,0.0,0.0
1090,404,Matryoshka,4,0.0,0.0
1091,1090,Matryoshka,4,0.0,0.0
1092,1091,Matryoshka,4,0.0,0.0
1093,1092,Matryoshka,4,0.0,0.0
1094,1093,Matryoshka,4,0.0,0.0
1095,1094,Matryoshka,4,0.0,0.0
1096,1095,Matryoshka,4,0.0,0.0
1097,1096,Matryoshka,4,0.0,0.0
1098,1097,Matryoshka,4,0.0,0.0
1099,1098,Matryoshka,4,0.0,0.0
1100,1099,Matryoshka,4,0.0,0.0
1101,1100,Matryoshka,4,0.0,0.0
1102,1101,Matryoshka,4,0.0,0.0
1103,1102,Matryoshka,4,0.0,0.0
1104,1103,Matryoshka,4,0.0,0.0
1105,1104,Matryoshka,4,0.0,0.0
1106,1105,Matryoshka,4,0.0,0.0
1107,402,Matryoshka,4,0.0,0.0
1108,1107,Matryoshka,4,0.0,0.0
1109,1108,Matryoshka,4,0.0,0.0
1110,1109,Matryoshka,4,0.0,0.0
1111,1110,Matryoshka,4,0.0,0.0
1112,1111,Matryoshka,4,0.0,0.0
1113,1112,Matryoshka,4,0.0,0.0
1114,1113,Matryoshka,4,0.0,0.0
1115,1114,Matryoshka,4,0.0,0.0
1116,1115,Matryoshka,4,0.0,0.0
1117,1116,Matryoshka,4,0.0,0.0
1118,1117,Matryoshka,4,0.0,0.0
1119,1118,Matryoshka,4,0.0,0.0
1120,1119,Matryoshka,4,0.0,0.0
1121,1120,Matryoshka,4,0.0,0.0
1122,1121,Matryoshka,4,0.0,0.0
1123,1122,Matryoshka,4,0.0,0.0
1124,1123,Matryoshka,4,0.0,0.0
1125,401,Matryoshka,4,0.0,0.0
1126,399,Matryoshka,4,0.0,0.0
1127,1126,Matryoshka,4,0.0,0.0
1128,1127,Matryoshka,4,0.0,0.0
1129,1128,Matryoshka,4,0.0,0.0
1130,1129,Matryoshka,4,0.0,0.0
1131,1130,Matryoshka,4,0.0,0.0
1132,1131,Matryoshka,4,0.0,0.0
1133,396,Matryoshka,4,0.0,0.0
1134,1133,Matryoshka,4,0.0,0.0
1135,1134,Matryoshka,4,0.0,0.0
1136,1135,Matryoshka,4,0.0,0.0
1137,1136,Matryoshka,4,0.0,0.0
1138,1137,Matryoshka,4,0.0,0.0
1139,1138,Matryoshka,4,0.0,0.0
1140,1139,Matryoshka,4,0.0,0.0
1141,393,Matryoshka,4,0.0,0.0
1142,1141,Matryoshka,4,0.0,0.0
1143,1142,Matryoshka,4,0.0,0.0
1144,1143,Matryoshka,4,0.0,0.0
1145,1144,Matryoshka,4,0.0,0.0
1146,1145,Matryoshka,4,0.0,0.0
1147,1146,Matryoshka,4,0.0,0.0
1148,1147,Matryoshka,4,0.0,0.0
1149,1148,Matryoshka,4,0.0,0.0
1150,1149,Matryoshka,4,0.0,0.0
1151,1150,Matryoshka,4,0.0,0.0
1152,1151,Matryoshka,4,0.0,0.0
1153,392,Matryoshka,4,0.0,0.0
1154,1153,Matryoshka,4,0.0,0.0
1155,1154,Matryoshka,4,0.0,0.0
1156,1155,Matryoshka,4,0.0,0.0
1157,1156,Matryoshka,4,0.0,0.0
1158,1157,Matryoshka,4,0.0,0.0
1159,1158,Matryoshka,4,0.0,0.0
1160,391,Matryoshka,4,0.0,0.0
1161,1160,Matryoshka,4,0.0,0.0
1162,1161,Matryoshka,4,0.0,0.0
1163,1162,Matryoshka,4,0.0,0.0
1164,1163,Matryoshka,4,0.0,0.0
1165,1164,Matryoshka,4,0.0,0.0
1166,1165,Matryoshka,4,0.0,0.0
1167,1166,Matryoshka,4,0.0,0.0
1168,1167,Matryoshka,4,0.0,0.0
1169,1168,Matryoshka,4,0.0,0.0
1170,1169,Matryoshka,4,0.0,0.0
1171,1170,Matryoshka,4,0.0,0.0
1172,1171,Matryoshka,4,0.0,0.0
1173,389,Matryoshka,4,0.0,0.0
1174,1173,Matryoshka,4,0.0,0.0
1175,1174,Matryoshka,4,0.0,0.0
1176,1175,Matryoshka,4,0.0,0.0
1177,383,Matryoshka,4,0.0,0.0
1178,1177,Matryoshka,4,0.0,0.0
1179,1178,Matryoshka,4,0.0,0.0
1180,1179,Matryoshka,4,0.0,0.0
1181,1180,Matryoshka,4,0.0,0.0
1182,1181,Matryoshka,4,0.0,0.0
1183,1182,Matryoshka,4,0.0,0.0
1184,1183,Matryoshka,4,0.0,0.0
1185,1184,Matryoshka,4,0.0,0.0
1186,1185,Matryoshka,4,0.0,0.0
1187,1186,Matryoshka,4,0.0,0.0
1188,1187,Matryoshka,4,0.0,0.0
1189,381,Matryoshka,4,0.0,0.0
1190,1189,Matryoshka,4,0.0,0.0
1191,1190,Matryoshka,4,0.0,0.0
1192,1191,Matryoshka,4,0.0,0.0
1193,1192,Matryoshka,4,0.0,0.0
1194,370,Matryoshka,4,0.0,0.0
1195,1194,Matryoshka,4,0.0,0.0
1196,1195,Matryoshka,4,0.0,0.0
1197,1196,Matryoshka,4,0.0,0.0
1198,1197,Matryoshka,4,0.0,0.0
1199,1198,Matryoshka,4,0.0,0.0
1200,363,Matryoshka,4,0.0,0.0
1201,1200,Matryoshka,4,0.0,0.0
1202,1201,Matryoshka,4,0.0,0.0
1203,1202,Matryoshka,4,0.0,0.0
1204,1203,Matryoshka,4,0.0,0.0
1205,1204,Matryoshka,4,0.0,0.0
1206,1205,Matryoshka,4,0.0,0.0
1207,1206,Matryoshka,4,0.0,0.0
1208,1207,Matryoshka,4,0.0,0.0
1209,1208,Matryoshka,4,0.0,0.0
1210,1209,Matryoshka,4,0.0,0.0
1211,1210,Matryoshka,4,0.0,0.0
1212,1211,Matryoshka,4,0.0,0.0
1213,1212,Matryoshka,4,0.0,0.0
1214,1213,Matryoshka,4,0.0,0.0
1215,1214,Matryoshka,4,0.0,0.0
1216,1215,Matryoshka,4,0.0,0.0
1217,1216,Matryoshka,4,0.0,0.0
1218,1217,Matryoshka,4,0.0,0.0
1219,1218,Matryoshka,4,0.0,0.0
1220,1219,Matryoshka,4,0.0,0.0
1221,1220,Matryoshka,4,0.0,0.0
1222,1221,Matryoshka,4,0.0,0.0
1223,361,Matryoshka,4,0.0,0.0
1224,1223,Matryoshka,4,0.0,0.0
1225,1224,Matryoshka,4,0.0,0.0
1226,1225,Matryoshka,4,0.0,0.0
1227,1226,Matryoshka,4,0.0,0.0
1228,1227,Matryoshka,4,0.0,0.0
1229,1228,Matryoshka,4,0.0,0.0
1230,1229,Matryoshka,4,0.0,0.0
1231,1230,Matryoshka,4,0.0,0.0
1232,1231,Matryoshka,4,0.0,0.0
1233,1232,Matryoshka,4,0.0,0.0
1234,1233,Matryoshka,4,0.0,0.0
1235,1234,Matryoshka,4,0.0,0.0
1236,334,Matryoshka,4,0.0,0.0
1237,1236,Matryoshka,4,0.0,0.0
1238,1237,Matryoshka,4,0.0,0.0
1239,1238,Matryoshka,4,0.0,0.0
1240,1239,Matryoshka,4,0.0,0.0
1241,1240,Matryoshka,4,0.0,0.0
1242,1241,Matryoshka,4,0.0,0.0
1243,1242,Matryoshka,4,0.0,0.0
1244,1243,Matryoshka,4,0.0,0.0
1245,1244,Matryoshka,4,0.0,0.0
1246,1245,Matryoshka,4,0.0,0.0
1247,329,Matryoshka,4,0.0,0.0
1248,1247,Matryoshka,4,0.0,0.0
1249,1248,Matryoshka,4,0.0,0.0
1250,306,Matryoshka,4,0.0,0.0
1251,1250,Matryoshka,4,0.0,0.0
1252,1251,Matryoshka,4,0.0,0.0
1253,1252,Matryoshka,4,0.0,0.0
1254,1253,Matryoshka,4,0.0,0.0
1255,1254,Matryoshka,4,0.0,0.0
1256,1255,Matryoshka,4,0.0,0.0
1257,1256,Matryoshka,4,0.0,0.0
1258,1257,Matryoshka,4,0.0,0.0
1259,1258,Matryoshka,4,0.0,0.0
1260,1259,Matryoshka,4,0.0,0.0
1261,1260,Matryoshka,4,0.0,0.0
1262,1261,Matryoshka,4,0.0,0.0
1263,1262,Matryoshka,4,0.0,0.0
1264,1263,Matryoshka,4,0.0,0.0
1265,300,Matryoshka,4,0.0,0.0
1266,1265,Matryoshka,4,0.0,0.0
1267,1266,Matryoshka,4,0.0,0.0
1268,1267,Matryoshka,4,0.0,0.0
1269,1268,Matryoshka,4,0.0,0.0
1270,1269,Matryoshka,4,0.0,0.0
1271,1270,Matryoshka,4,0.0,0.0
1272,1271,Matryoshka,4,0.0,0.0
1273,1272,Matryoshka,4,0.0,0.0
1274,1273,Matryoshka,4,0.0,0.0
1275,1274,Matryoshka,4,0.0,0.0
1276,1275,Matryoshka,4,0.0,0.0
1277,1276,Matryoshka,4,0.0,0.0
1278,1277,Matryoshka,4,0.0,0.0
1279,1278,Matryoshka,4,0.0,0.0
1280,1279,Matryoshka,4,0.0,0.0
1281,1280,Matryoshka,4,0.0,0.0
1282,1281,Matryoshka,4,0.0,0.0
1283,1282,Matryoshka,4,0.0,0.0
1284,1283,Matryoshka,4,0.0,0.0
1285,1284,Matryoshka,4,0.0,0.0
1286,1285,Matryoshka,4,0.0,0.0
1287,274,Matryoshka,4,0.0,0.0
1288,1287,Matryoshka,4,0.0,0.0
1289,1288,Matryoshka,4,0.0,0.0
1290,1289,Matryoshka,4,0.0,0.0
1291,261,Matryoshka,4,0.0,0.0
1292,1291,Matryoshka,4,0.0,0.0
1293,187,Matryoshka,4,0.0,0.0
1294,1293,Matryoshka,4,0.0,0.0
1295,1294,Matryoshka,4,0.0,0.0
1296,972,Matryoshka,4,0.0,0.0
1,41,Matryoshka,8,0.926146,0.925737
2,23,Matryoshka,8,0.92567,0.925739
3,32,Matryoshka,8,0.923881,0.924173
4,29,Matryoshka,8,0.923051,0.923529
5,7,Matryoshka,8,0.922885,0.918753
6,11,Matryoshka,8,0.92249,0.920577
7,25,Matryoshka,8,0.922419,0.922781
8,30,Matryoshka,8,0.922407,0.922714
9,13,Matryoshka,8,0.921919,0.92059
10,17,Matryoshka,8,0.921306,0.920703
11,15,Matryoshka,8,0.921217,0.920229
12,31,Matryoshka,8,0.92096,0.921533
13,10,Matryoshka,8,0.920713,0.918374
14,9,Matryoshka,8,0.920406,0.9177
15,21,Matryoshka,8,0.919974,0.919948
16,20,Matryoshka,8,0.919862,0.919814
17,36,Matryoshka,8,0.919769,0.920301
18,22,Matryoshka,8,0.919008,0.919213
19,43,Matryoshka,8,0.918823,0.919354
20,8,Matryoshka,8,0.918764,0.915456
21,42,Matryoshka,8,0.918354,0.918349
22,6,Matryoshka,8,0.91824,0.913297
23,37,Matryoshka,8,0.918,0.918403
24,38,Matryoshka,8,0.917938,0.917355
25,14,Matryoshka,8,0.917607,0.916524
26,45,Matryoshka,8,0.917427,0.918011
27,26,Matryoshka,8,0.917389,0.917999
28,3,Matryoshka,8,0.917281,0.90703
29,34,Matryoshka,8,0.917117,0.917687
30,33,Matryoshka,8,0.916864,0.917685
31,44,Matryoshka,8,0.91645,0.916235
32,28,Matryoshka,8,0.916244,0.916919
33,2,Matryoshka,8,0.915651,0.901032
34,12,Matryoshka,8,0.915407,0.914052
35,16,Matryoshka,8,0.915305,0.914767
36,5,Matryoshka,8,0.915211,0.908836
37,27,Matryoshka,8,0.914659,0.915344
38,24,Matryoshka,8,0.914579,0.915168
39,18,Matryoshka,8,0.913638,0.913531
40,1,Matryoshka,8,0.912913,0.888237
41,46,Matryoshka,8,0.912673,0.912857
42,4,Matryoshka,8,0.912489,0.904574
43,49,Matryoshka,8,0.912405,0.912384
44,35,Matryoshka,8,0.910451,0.911153
45,0,Matryoshka,8,0.910293,0.847856
46,60,Matryoshka,8,0.908576,0.907562
47,39,Matryoshka,8,0.907983,0.908607
48,40,Matryoshka,8,0.907928,0.908413
49,51,Matryoshka,8,0.902073,0.901818
50,83,Matryoshka,8,0.900908,0.904163
51,50,Matryoshka,8,0.899233,0.898452
52,52,Matryoshka,8,0.89737,0.896513
53,48,Matryoshka,8,0.894377,0.893181
54,436,Matryoshka,8,0.894356,0.89558
55,53,Matryoshka,8,0.893978,0.892901
56,59,Matryoshka,8,0.892709,0.891833
57,54,Matryoshka,8,0.890214,0.888828
58,57,Matryoshka,8,0.889069,0.888624
59,55,Matryoshka,8,0.888766,0.887132
60,56,Matryoshka,8,0.888575,0.887121
61,68,Matryoshka,8,0.88266,0.881336
62,73,Matryoshka,8,0.881958,0.880605
63,66,Matryoshka,8,0.881571,0.880199
64,63,Matryoshka,8,0.87929,0.877538
65,58,Matryoshka,8,0.876784,0.875337
66,67,Matryoshka,8,0.873016,0.870916
67,64,Matryoshka,8,0.87284,0.870957
68,61,Matryoshka,8,0.870949,0.868897
69,75,Matryoshka,8,0.869477,0.868251
70,62,Matryoshka,8,0.867196,0.865238
71,65,Matryoshka,8,0.864736,0.862682
72,78,Matryoshka,8,0.859189,0.857163
73,69,Matryoshka,8,0.858816,0.856793
74,82,Matryoshka,8,0.851698,0.849552
75,71,Matryoshka,8,0.851479,0.849005
76,108,Matryoshka,8,0.850906,0.849611
77,128,Matryoshka,8,0.849923,0.848972
78,104,Matryoshka,8,0.845723,0.843776
79,76,Matryoshka,8,0.845137,0.843085
80,87,Matryoshka,8,0.844288,0.842273
81,97,Matryoshka,8,0.841167,0.839183
82,103,Matryoshka,8,0.837803,0.835876
83,74,Matryoshka,8,0.8373,0.834805
84,93,Matryoshka,8,0.835606,0.833526
85,72,Matryoshka,8,0.833496,0.83094
86,80,Matryoshka,8,0.831922,0.829624
87,89,Matryoshka,8,0.831748,0.829499
88,119,Matryoshka,8,0.83174,0.830289
89,130,Matryoshka,8,0.83049,0.829211
90,90,Matryoshka,8,0.829721,0.827518
91,94,Matryoshka,8,0.828627,0.826669
92,85,Matryoshka,8,0.825503,0.82333
93,79,Matryoshka,8,0.825346,0.822593
94,116,Matryoshka,8,0.822649,0.820735
95,118,Matryoshka,8,0.820763,0.818927
96,231,Matryoshka,8,0.820643,0.819606
97,386,Matryoshka,8,0.820212,0.819801
98,181,Matryoshka,8,0.819826,0.818674
99,215,Matryoshka,8,0.81804,0.816867
100,81,Matryoshka,8,0.817877,0.815404
101,165,Matryoshka,8,0.815055,0.813682
102,88,Matryoshka,8,0.814629,0.812222
103,171,Matryoshka,8,0.814277,0.812733
104,102,Matryoshka,8,0.81377,0.812068
105,86,Matryoshka,8,0.810477,0.808028
106,196,Matryoshka,8,0.810109,0.809116
107,276,Matryoshka,8,0.808783,0.807735
108,95,Matryoshka,8,0.808543,0.807089
109,251,Matryoshka,8,0.808415,0.807233
110,143,Matryoshka,8,0.806488,0.805696
111,168,Matryoshka,8,0.80615,0.804689
112,100,Matryoshka,8,0.804724,0.802509
113,115,Matryoshka,8,0.803286,0.80129
114,212,Matryoshka,8,0.800959,0.799989
115,223,Matryoshka,8,0.80057,0.799161
116,228,Matryoshka,8,0.800306,0.799141
117,105,Matryoshka,8,0.8,0.798017
118,109,Matryoshka,8,0.799828,0.797886
119,101,Matryoshka,8,0.797911,0.796068
120,146,Matryoshka,8,0.797784,0.796538
121,84,Matryoshka,8,0.797757,0.795597
122,120,Matryoshka,8,0.797339,0.795411
123,133,Matryoshka,8,0.797241,0.796409
124,182,Matryoshka,8,0.796537,0.795421
125,208,Matryoshka,8,0.796282,0.795029
126,99,Matryoshka,8,0.794521,0.793378
127,132,Matryoshka,8,0.794341,0.794017
128,203,Matryoshka,8,0.79351,0.792249
129,243,Matryoshka,8,0.793349,0.792048
130,205,Matryoshka,8,0.792398,0.790999
131,277,Matryoshka,8,0.79196,0.79126
132,92,Matryoshka,8,0.791151,0.790171
133,352,Matryoshka,8,0.790749,0.789826
134,107,Matryoshka,8,0.790504,0.788055
135,111,Matryoshka,8,0.789295,0.788349
136,443,Matryoshka,8,0.788875,0.788373
137,179,Matryoshka,8,0.788084,0.78688
138,342,Matryoshka,8,0.787368,0.786467
139,234,Matryoshka,8,0.786535,0.785616
140,199,Matryoshka,8,0.786469,0.784988
141,478,Matryoshka,8,0.784314,0.783544
142,294,Matryoshka,8,0.784101,0.783679
143,295,Matryoshka,8,0.782931,0.783245
144,112,Matryoshka,8,0.782889,0.783476
145,282,Matryoshka,8,0.782222,0.781081
146,106,Matryoshka,8,0.781811,0.781651
147,304,Matryoshka,8,0.781753,0.780937
148,275,Matryoshka,8,0.781563,0.780569
149,257,Matryoshka,8,0.781278,0.780198
150,193,Matryoshka,8,0.779959,0.779189
151,219,Matryoshka,8,0.77924,0.778129
152,98,Matryoshka,8,0.77913,0.779839
153,315,Matryoshka,8,0.778926,0.778458
154,123,Matryoshka,8,0.778738,0.776676
155,491,Matryoshka,8,0.778626,0.778053
156,361,Matryoshka,8,0.778524,0.778572
157,339,Matryoshka,8,0.778378,0.777349
158,298,Matryoshka,8,0.77693,0.777661
159,91,Matryoshka,8,0.776915,0.774951
160,145,Matryoshka,8,0.775871,0.77527
161,184,Matryoshka,8,0.775805,0.774137
162,273,Matryoshka,8,0.775396,0.774433
163,305,Matryoshka,8,0.774929,0.775629
164,183,Matryoshka,8,0.774153,0.77246
165,392,Matryoshka,8,0.774026,0.773282
166,117,Matryoshka,8,0.773782,0.774545
167,347,Matryoshka,8,0.771889,0.771992
168,381,Matryoshka,8,0.771712,0.77081
169,261,Matryoshka,8,0.771121,0.772328
170,482,Matryoshka,8,0.770393,0.770059
171,338,Matryoshka,8,0.770031,0.770108
172,134,Matryoshka,8,0.769537,0.768631
173,393,Matryoshka,8,0.769231,0.769082
174,682,Matryoshka,8,0.769231,0.771335
175,643,Matryoshka,8,0.768971,0.769964
176,142,Matryoshka,8,0.768842,0.769563
177,317,Matryoshka,8,0.768642,0.770322
178,451,Matryoshka,8,0.768095,0.767409
179,311,Matryoshka,8,0.767896,0.767481
180,159,Matryoshka,8,0.767561,0.768676
181,353,Matryoshka,8,0.767464,0.768145
182,441,Matryoshka,8,0.767414,0.766469
183,405,Matryoshka,8,0.767386,0.766412
184,532,Matryoshka,8,0.767334,0.766842
185,318,Matryoshka,8,0.766829,0.765735
186,378,Matryoshka,8,0.766204,0.765397
187,358,Matryoshka,8,0.766074,0.765303
188,445,Matryoshka,8,0.766055,0.767394
189,173,Matryoshka,8,0.765575,0.76513
190,332,Matryoshka,8,0.765381,0.764655
191,307,Matryoshka,8,0.76525,0.764402
192,415,Matryoshka,8,0.765068,0.767781
193,631,Matryoshka,8,0.764912,0.764245
194,354,Matryoshka,8,0.764897,0.763811
195,265,Matryoshka,8,0.761982,0.760937
196,156,Matryoshka,8,0.761704,0.76133
197,247,Matryoshka,8,0.761092,0.76009
198,221,Matryoshka,8,0.760677,0.759456
199,248,Matryoshka,8,0.760244,0.759262
200,990,Matryoshka,8,0.759259,0.76237
201,506,Matryoshka,8,0.759124,0.758656
202,535,Matryoshka,8,0.758621,0.757942
203,335,Matryoshka,8,0.758551,0.757421
204,163,Matryoshka,8,0.758462,0.757694
205,167,Matryoshka,8,0.758381,0.760309
206,152,Matryoshka,8,0.757607,0.755966
207,440,Matryoshka,8,0.757256,0.757294
208,340,Matryoshka,8,0.75705,0.755932
209,480,Matryoshka,8,0.756839,0.757056
210,198,Matryoshka,8,0.756832,0.755616
211,281,Matryoshka,8,0.756604,0.756707
212,292,Matryoshka,8,0.756567,0.755227
213,400,Matryoshka,8,0.756563,0.757375
214,373,Matryoshka,8,0.756152,0.755105
215,172,Matryoshka,8,0.754839,0.755336
216,525,Matryoshka,8,0.754545,0.754519
217,320,Matryoshka,8,0.754404,0.754281
218,398,Matryoshka,8,0.7543,0.754854
219,380,Matryoshka,8,0.752294,0.751659
220,255,Matryoshka,8,0.751748,0.751301
221,458,Matryoshka,8,0.751055,0.751309
222,355,Matryoshka,8,0.750733,0.751288
223,481,Matryoshka,8,0.75,0.75
224,916,Matryoshka,8,0.748837,0.748304
225,256,Matryoshka,8,0.748433,0.747057
226,371,Matryoshka,8,0.747685,0.747759
227,374,Matryoshka,8,0.747279,0.747904
228,496,Matryoshka,8,0.747218,0.747222
229,148,Matryoshka,8,0.746899,0.750955
230,657,Matryoshka,8,0.746429,0.746023
231,321,Matryoshka,8,0.746421,0.747976
232,399,Matryoshka,8,0.746377,0.746389
233,528,Matryoshka,8,0.746219,0.7457
234,278,Matryoshka,8,0.745865,0.747696
235,649,Matryoshka,8,0.745234,0.744904
236,259,Matryoshka,8,0.745161,0.744237
237,290,Matryoshka,8,0.744395,0.743691
238,241,Matryoshka,8,0.743935,0.743493
239,634,Matryoshka,8,0.74364,0.743616
240,322,Matryoshka,8,0.74364,0.745259
241,126,Matryoshka,8,0.743578,0.747725
242,160,Matryoshka,8,0.743444,0.743077
243,122,Matryoshka,8,0.742781,0.744716
244,224,Matryoshka,8,0.742739,0.742827
245,337,Matryoshka,8,0.742729,0.74257
246,114,Matryoshka,8,0.742558,0.745099
247,562,Matryoshka,8,0.742496,0.742173
248,121,Matryoshka,8,0.742493,0.743407
249,312,Matryoshka,8,0.742326,0.741535
250,308,Matryoshka,8,0.74185,0.746763
251,573,Matryoshka,8,0.74183,0.745974
252,464,Matryoshka,8,0.741809,0.742917
253,176,Matryoshka,8,0.741722,0.743211
254,456,Matryoshka,8,0.741514,0.740727
255,429,Matryoshka,8,0.740838,0.740585
256,468,Matryoshka,8,0.740741,0.740895
257,417,Matryoshka,8,0.740741,0.741313
258,144,Matryoshka,8,0.74018,0.742142
259,432,Matryoshka,8,0.739917,0.73943
260,529,Matryoshka,8,0.739726,0.743068
261,124,Matryoshka,8,0.739642,0.743255
262,413,Matryoshka,8,0.73929,0.73883
263,401,Matryoshka,8,0.738869,0.742496
264,214,Matryoshka,8,0.738686,0.742592
265,368,Matryoshka,8,0.738423,0.738559
266,499,Matryoshka,8,0.738342,0.739157
267,177,Matryoshka,8,0.737437,0.737547
268,333,Matryoshka,8,0.737173,0.737243
269,175,Matryoshka,8,0.736968,0.738731
270,162,Matryoshka,8,0.736568,0.737946
271,533,Matryoshka,8,0.736402,0.735905
272,216,Matryoshka,8,0.736156,0.73817
273,639,Matryoshka,8,0.734959,0.735635
274,345,Matryoshka,8,0.734392,0.734131
275,600,Matryoshka,8,0.734375,0.736371
276,297,Matryoshka,8,0.734201,0.734082
277,166,Matryoshka,8,0.734177,0.735373
278,232,Matryoshka,8,0.734092,0.734985
279,647,Matryoshka,8,0.733766,0.736242
280,473,Matryoshka,8,0.733668,0.734717
281,462,Matryoshka,8,0.733625,0.73277
282,547,Matryoshka,8,0.733146,0.733609
283,343,Matryoshka,8,0.733112,0.73328
284,707,Matryoshka,8,0.733068,0.73324
285,418,Matryoshka,8,0.732997,0.733405
286,382,Matryoshka,8,0.732265,0.731791
287,504,Matryoshka,8,0.731903,0.735856
288,127,Matryoshka,8,0.731641,0.736574
289,486,Matryoshka,8,0.730769,0.731136
290,539,Matryoshka,8,0.730337,0.732367
291,638,Matryoshka,8,0.730104,0.729678
292,186,Matryoshka,8,0.72997,0.732107
293,632,Matryoshka,8,0.729951,0.733584
294,213,Matryoshka,8,0.729937,0.732485
295,847,Matryoshka,8,0.72973,0.733097
296,756,Matryoshka,8,0.728905,0.737697
297,497,Matryoshka,8,0.728745,0.728757
298,334,Matryoshka,8,0.728617,0.72876
299,110,Matryoshka,8,0.727924,0.730227
300,444,Matryoshka,8,0.727729,0.728395
301,125,Matryoshka,8,0.727495,0.731973
302,563,Matryoshka,8,0.727273,0.726527
303,410,Matryoshka,8,0.727273,0.727668
304,725,Matryoshka,8,0.727273,0.727203
305,615,Matryoshka,8,0.726979,0.72614
306,489,Matryoshka,8,0.726531,0.726899
307,211,Matryoshka,8,0.726229,0.728203
308,498,Matryoshka,8,0.726191,0.726206
309,202,Matryoshka,8,0.726138,0.727057
310,348,Matryoshka,8,0.726058,0.728536
311,549,Matryoshka,8,0.725947,0.726655
312,475,Matryoshka,8,0.725637,0.725616
313,136,Matryoshka,8,0.725569,0.728822
314,507,Matryoshka,8,0.725341,0.729743
315,406,Matryoshka,8,0.725134,0.725966
316,135,Matryoshka,8,0.724682,0.725188
317,836,Matryoshka,8,0.724512,0.725128
318,442,Matryoshka,8,0.724466,0.727904
319,452,Matryoshka,8,0.723179,0.727253
320,303,Matryoshka,8,0.722966,0.72182
321,220,Matryoshka,8,0.722746,0.72625
322,195,Matryoshka,8,0.722611,0.725904
323,457,Matryoshka,8,0.721354,0.722086
324,149,Matryoshka,8,0.7212,0.725995
325,403,Matryoshka,8,0.721198,0.72
326,329,Matryoshka,8,0.720665,0.723519
327,561,Matryoshka,8,0.720588,0.720167
328,377,Matryoshka,8,0.720539,0.721234
329,693,Matryoshka,8,0.72043,0.721162
330,447,Matryoshka,8,0.719706,0.721806
331,659,Matryoshka,8,0.719298,0.71964
332,770,Matryoshka,8,0.719057,0.722601
333,131,Matryoshka,8,0.719033,0.726271
334,222,Matryoshka,8,0.71875,0.723647
335,543,Matryoshka,8,0.71875,0.718996
336,511,Matryoshka,8,0.718248,0.720982
337,691,Matryoshka,8,0.717504,0.718343
338,483,Matryoshka,8,0.717131,0.721405
339,540,Matryoshka,8,0.716779,0.716613
340,737,Matryoshka,8,0.716535,0.720559
341,376,Matryoshka,8,0.715429,0.715136
342,591,Matryoshka,8,0.715288,0.719451
343,706,Matryoshka,8,0.715008,0.715147
344,869,Matryoshka,8,0.714859,0.716719
345,296,Matryoshka,8,0.714502,0.720354
346,576,Matryoshka,8,0.714286,0.716507
347,140,Matryoshka,8,0.714148,0.720557
348,197,Matryoshka,8,0.713731,0.717681
349,407,Matryoshka,8,0.713407,0.713155
350,155,Matryoshka,8,0.71261,0.719448
351,446,Matryoshka,8,0.712456,0.71383
352,385,Matryoshka,8,0.712299,0.716459
353,372,Matryoshka,8,0.712103,0.71163
354,553,Matryoshka,8,0.711957,0.714753
355,660,Matryoshka,8,0.711864,0.711893
356,438,Matryoshka,8,0.711485,0.712217
357,712,Matryoshka,8,0.710611,0.715113
358,519,Matryoshka,8,0.709766,0.711241
359,153,Matryoshka,8,0.709585,0.713717
360,194,Matryoshka,8,0.709552,0.716175
361,328,Matryoshka,8,0.707853,0.71033
362,495,Matryoshka,8,0.707602,0.706611
363,718,Matryoshka,8,0.707317,0.710666
364,467,Matryoshka,8,0.707288,0.712659
365,428,Matryoshka,8,0.706918,0.708452
366,364,Matryoshka,8,0.706751,0.708044
367,263,Matryoshka,8,0.706343,0.712616
368,523,Matryoshka,8,0.706207,0.707509
369,191,Matryoshka,8,0.706024,0.709856
370,235,Matryoshka,8,0.705882,0.708393
371,138,Matryoshka,8,0.705707,0.709847
372,610,Matryoshka,8,0.704731,0.70512
373,585,Matryoshka,8,0.704062,0.705758
374,516,Matryoshka,8,0.703364,0.706254
375,542,Matryoshka,8,0.703072,0.702612
376,455,Matryoshka,8,0.702918,0.70362
377,574,Matryoshka,8,0.702628,0.704612
378,242,Matryoshka,8,0.702622,0.709365
379,236,Matryoshka,8,0.702381,0.71076
380,581,Matryoshka,8,0.702362,0.703361
381,546,Matryoshka,8,0.701556,0.703146
382,157,Matryoshka,8,0.701532,0.70896
383,605,Matryoshka,8,0.701342,0.700549
384,237,Matryoshka,8,0.701224,0.708166
385,492,Matryoshka,8,0.701164,0.705183
386,344,Matryoshka,8,0.701149,0.702117
387,699,Matryoshka,8,0.701031,0.708369
388,150,Matryoshka,8,0.69934,0.704522
389,595,Matryoshka,8,0.698795,0.699798
390,204,Matryoshka,8,0.698469,0.705782
391,775,Matryoshka,8,0.698413,0.699225
392,141,Matryoshka,8,0.697735,0.701568
393,279,Matryoshka,8,0.697444,0.702569
394,751,Matryoshka,8,0.697143,0.698095
395,431,Matryoshka,8,0.696932,0.697942
396,527,Matryoshka,8,0.696891,0.701219
397,500,Matryoshka,8,0.696689,0.702708
398,567,Matryoshka,8,0.696662,0.696325
399,729,Matryoshka,8,0.695817,0.697258
400,633,Matryoshka,8,0.695385,0.697602
401,607,Matryoshka,8,0.69506,0.697973
402,284,Matryoshka,8,0.693633,0.697998
403,96,Matryoshka,8,0.693419,0.701705
404,244,Matryoshka,8,0.693042,0.699466
405,509,Matryoshka,8,0.693042,0.695217
406,559,Matryoshka,8,0.692654,0.694965
407,271,Matryoshka,8,0.692135,0.701816
408,302,Matryoshka,8,0.691928,0.701004
409,485,Matryoshka,8,0.69186,0.691863
410,465,Matryoshka,8,0.691358,0.693709
411,501,Matryoshka,8,0.691004,0.691128
412,266,Matryoshka,8,0.690583,0.698365
413,663,Matryoshka,8,0.690184,0.697165
414,1040,Matryoshka,8,0.69,0.694426
415,411,Matryoshka,8,0.688963,0.693987
416,537,Matryoshka,8,0.68883,0.691623
417,550,Matryoshka,8,0.688761,0.69333
418,331,Matryoshka,8,0.687239,0.69362
419,269,Matryoshka,8,0.687194,0.695986
420,912,Matryoshka,8,0.687023,0.691092
421,776,Matryoshka,8,0.685935,0.688745
422,154,Matryoshka,8,0.685579,0.690675
423,618,Matryoshka,8,0.685358,0.686988
424,637,Matryoshka,8,0.685246,0.690607
425,530,Matryoshka,8,0.684755,0.691426
426,264,Matryoshka,8,0.683997,0.692879
427,229,Matryoshka,8,0.683855,0.690823
428,514,Matryoshka,8,0.683673,0.683763
429,471,Matryoshka,8,0.682266,0.685635
430,502,Matryoshka,8,0.681887,0.686391
431,414,Matryoshka,8,0.68171,0.68568
432,169,Matryoshka,8,0.681619,0.687128
433,524,Matryoshka,8,0.680511,0.681886
434,129,Matryoshka,8,0.679074,0.687584
435,470,Matryoshka,8,0.678663,0.680362
436,164,Matryoshka,8,0.67819,0.684555
437,578,Matryoshka,8,0.678125,0.679916
438,161,Matryoshka,8,0.678086,0.686776
439,189,Matryoshka,8,0.677454,0.684728
440,710,Matryoshka,8,0.677067,0.679349
441,569,Matryoshka,8,0.675039,0.679294
442,479,Matryoshka,8,0.673884,0.676396
443,260,Matryoshka,8,0.673684,0.681244
444,1151,Matryoshka,8,0.673401,0.677126
445,404,Matryoshka,8,0.67247,0.675974
446,890,Matryoshka,8,0.671053,0.675448
447,544,Matryoshka,8,0.670623,0.67169
448,623,Matryoshka,8,0.670068,0.672177
449,1061,Matryoshka,8,0.669683,0.677558
450,147,Matryoshka,8,0.669679,0.677927
451,980,Matryoshka,8,0.669643,0.677275
452,556,Matryoshka,8,0.668885,0.672373
453,1053,Matryoshka,8,0.668293,0.675426
454,188,Matryoshka,8,0.667025,0.674848
455,675,Matryoshka,8,0.666667,0.668133
456,246,Matryoshka,8,0.66523,0.676798
457,759,Matryoshka,8,0.664062,0.670687
458,178,Matryoshka,8,0.66393,0.672329
459,409,Matryoshka,8,0.663055,0.668785
460,254,Matryoshka,8,0.662857,0.673982
461,267,Matryoshka,8,0.662816,0.671819
462,170,Matryoshka,8,0.662021,0.671137
463,268,Matryoshka,8,0.661538,0.671695
464,858,Matryoshka,8,0.661386,0.664512
465,783,Matryoshka,8,0.660517,0.66623
466,702,Matryoshka,8,0.660163,0.663341
467,240,Matryoshka,8,0.659886,0.671285
468,158,Matryoshka,8,0.658944,0.669884
469,250,Matryoshka,8,0.658758,0.673108
470,225,Matryoshka,8,0.658377,0.666969
471,879,Matryoshka,8,0.657277,0.664131
472,674,Matryoshka,8,0.656814,0.66544
473,151,Matryoshka,8,0.655091,0.666826
474,293,Matryoshka,8,0.654771,0.667977
475,316,Matryoshka,8,0.653205,0.663348
476,301,Matryoshka,8,0.652866,0.663553
477,809,Matryoshka,8,0.652406,0.659856
478,137,Matryoshka,8,0.650544,0.664531
479,289,Matryoshka,8,0.649485,0.662027
480,705,Matryoshka,8,0.648536,0.648386
481,738,Matryoshka,8,0.647273,0.650758
482,341,Matryoshka,8,0.647059,0.662558
483,748,Matryoshka,8,0.646943,0.651806
484,280,Matryoshka,8,0.646176,0.659024
485,747,Matryoshka,8,0.645522,0.650514
486,625,Matryoshka,8,0.644874,0.647974
487,448,Matryoshka,8,0.644836,0.647097
488,593,Matryoshka,8,0.644578,0.650297
489,394,Matryoshka,8,0.644359,0.656872
490,439,Matryoshka,8,0.644195,0.655301
491,363,Matryoshka,8,0.643701,0.655436
492,824,Matryoshka,8,0.643411,0.651244
493,252,Matryoshka,8,0.642857,0.650317
494,369,Matryoshka,8,0.642263,0.653044
495,744,Matryoshka,8,0.641166,0.654826
496,350,Matryoshka,8,0.638821,0.656408
497,736,Matryoshka,8,0.637993,0.642706
498,180,Matryoshka,8,0.637792,0.658992
499,319,Matryoshka,8,0.635983,0.643904
500,291,Matryoshka,8,0.632148,0.648256
501,309,Matryoshka,8,0.630841,0.642898
502,645,Matryoshka,8,0.630089,0.637817
503,288,Matryoshka,8,0.628874,0.636738
504,185,Matryoshka,8,0.628849,0.641371
505,740,Matryoshka,8,0.628337,0.635064
506,619,Matryoshka,8,0.628305,0.631004
507,577,Matryoshka,8,0.627995,0.64618
508,227,Matryoshka,8,0.627785,0.636639
509,713,Matryoshka,8,0.626549,0.631126
510,239,Matryoshka,8,0.626506,0.637921
511,897,Matryoshka,8,0.625641,0.628471
512,701,Matryoshka,8,0.624793,0.638956
513,323,Matryoshka,8,0.623838,0.638115
514,262,Matryoshka,8,0.623088,0.638427
515,937,Matryoshka,8,0.621677,0.628653
516,325,Matryoshka,8,0.621359,0.632973
517,274,Matryoshka,8,0.620985,0.636042
518,1131,Matryoshka,8,0.620513,0.621385
519,781,Matryoshka,8,0.62,0.629409
520,327,Matryoshka,8,0.619366,0.633175
521,314,Matryoshka,8,0.61851,0.636952
522,283,Matryoshka,8,0.618076,0.63495
523,357,Matryoshka,8,0.617143,0.629323
524,967,Matryoshka,8,0.616667,0.625002
525,286,Matryoshka,8,0.610442,0.627768
526,192,Matryoshka,8,0.609599,0.630062
527,375,Matryoshka,8,0.605809,0.619599
528,310,Matryoshka,8,0.604685,0.621478
529,217,Matryoshka,8,0.6012,0.619873
530,419,Matryoshka,8,0.599602,0.623838
531,206,Matryoshka,8,0.596052,0.616908
532,70,Matryoshka,8,0.594509,0.616918
533,427,Matryoshka,8,0.593814,0.612162
534,416,Matryoshka,8,0.59334,0.616653
535,226,Matryoshka,8,0.592473,0.61751
536,139,Matryoshka,8,0.591389,0.609803
537,270,Matryoshka,8,0.590449,0.610121
538,435,Matryoshka,8,0.590095,0.608393
539,366,Matryoshka,8,0.585952,0.606937
540,379,Matryoshka,8,0.585323,0.610876
541,391,Matryoshka,8,0.58087,0.607457
542,174,Matryoshka,8,0.580468,0.602536
543,207,Matryoshka,8,0.578416,0.600166
544,238,Matryoshka,8,0.576136,0.603222
545,209,Matryoshka,8,0.576016,0.601041
546,384,Matryoshka,8,0.575229,0.597039
547,249,Matryoshka,8,0.57493,0.599342
548,370,Matryoshka,8,0.572703,0.588901
549,865,Matryoshka,8,0.572477,0.591635
550,201,Matryoshka,8,0.570608,0.599117
551,190,Matryoshka,8,0.566536,0.597451
552,349,Matryoshka,8,0.562864,0.588624
553,397,Matryoshka,8,0.560235,0.583653
554,230,Matryoshka,8,0.559752,0.590856
555,200,Matryoshka,8,0.559427,0.585135
556,450,Matryoshka,8,0.559204,0.585433
557,918,Matryoshka,8,0.557505,0.579538
558,424,Matryoshka,8,0.554656,0.578348
559,351,Matryoshka,8,0.553751,0.579451
560,218,Matryoshka,8,0.548053,0.581795
561,433,Matryoshka,8,0.547085,0.576201
562,383,Matryoshka,8,0.545136,0.571445
563,77,Matryoshka,8,0.541054,0.564799
564,505,Matryoshka,8,0.539939,0.568558
565,233,Matryoshka,8,0.529315,0.568357
566,245,Matryoshka,8,0.528993,0.566166
567,766,Matryoshka,8,0.524422,0.550239
568,210,Matryoshka,8,0.523223,0.55668
569,299,Matryoshka,8,0.522255,0.561049
570,421,Matryoshka,8,0.509091,0.538351
571,258,Matryoshka,8,0.507433,0.542457
572,313,Matryoshka,8,0.507285,0.537879
573,564,Matryoshka,8,0.496212,0.530993
574,402,Matryoshka,8,0.495468,0.520186
575,395,Matryoshka,8,0.488696,0.511728
576,730,Matryoshka,8,0.48735,0.511955
577,324,Matryoshka,8,0.479001,0.530976
578,253,Matryoshka,8,0.474325,0.50976
579,597,Matryoshka,8,0.471006,0.502245
580,287,Matryoshka,8,0.468997,0.510449
581,526,Matryoshka,8,0.465455,0.514677
582,469,Matryoshka,8,0.455035,0.496886
583,680,Matryoshka,8,0.454746,0.488618
584,449,Matryoshka,8,0.447135,0.49451
585,47,Matryoshka,8,0.444314,0.490773
586,859,Matryoshka,8,0.44164,0.473747
587,908,Matryoshka,8,0.441133,0.477353
588,596,Matryoshka,8,0.437727,0.470518
589,387,Matryoshka,8,0.432362,0.485014
590,953,Matryoshka,8,0.430678,0.473541
591,749,Matryoshka,8,0.426347,0.476745
592,285,Matryoshka,8,0.422522,0.482802
593,453,Matryoshka,8,0.421769,0.464266
594,947,Matryoshka,8,0.414414,0.450482
595,586,Matryoshka,8,0.413793,0.445762
596,390,Matryoshka,8,0.41253,0.45932
597,389,Matryoshka,8,0.410121,0.470933
598,326,Matryoshka,8,0.403029,0.463502
599,813,Matryoshka,8,0.393897,0.42705
600,300,Matryoshka,8,0.38932,0.451132
601,687,Matryoshka,8,0.387249,0.428225
602,583,Matryoshka,8,0.381938,0.439744
603,113,Matryoshka,8,0.371754,0.431398
604,846,Matryoshka,8,0.370463,0.42301
605,434,Matryoshka,8,0.364931,0.430484
606,306,Matryoshka,8,0.361789,0.431671
607,454,Matryoshka,8,0.35949,0.421775
608,412,Matryoshka,8,0.356937,0.431228
609,477,Matryoshka,8,0.354056,0.420854
610,362,Matryoshka,8,0.349977,0.425833
611,330,Matryoshka,8,0.340197,0.413188
612,367,Matryoshka,8,0.316084,0.399337
613,1107,Matryoshka,8,0.294118,0.352193
614,359,Matryoshka,8,0.292237,0.365846
615,538,Matryoshka,8,0.276196,0.341143
616,463,Matryoshka,8,0.255383,0.340223
617,624,Matryoshka,8,0.253927,0.322009
618,476,Matryoshka,8,0.252588,0.345548
619,423,Matryoshka,8,0.246545,0.335414
620,459,Matryoshka,8,0.198244,0.291542
621,365,Matryoshka,8,0.177471,0.27708
622,437,Matryoshka,8,0.173233,0.264375
623,531,Matryoshka,8,0.170992,0.265687
624,346,Matryoshka,8,0.167967,0.254493
625,488,Matryoshka,8,0.154141,0.245093
626,19,Matryoshka,8,0.011131,0.0
627,787,Matryoshka,8,0.0,0.0
628,1295,Matryoshka,8,0.0,0.0
629,628,Matryoshka,8,0.0,0.0
630,629,Matryoshka,8,0.0,0.0
631,630,Matryoshka,8,0.0,0.0
632,626,Matryoshka,8,0.0,0.0
633,622,Matryoshka,8,0.0,0.0
634,621,Matryoshka,8,0.0,0.0
635,620,Matryoshka,8,0.0,0.0
636,635,Matryoshka,8,0.0,0.0
637,636,Matryoshka,8,0.0,0.0
638,617,Matryoshka,8,0.0,0.0
639,616,Matryoshka,8,0.0,0.0
640,614,Matryoshka,8,0.0,0.0
641,640,Matryoshka,8,0.0,0.0
642,641,Matryoshka,8,0.0,0.0
643,642,Matryoshka,8,0.0,0.0
644,613,Matryoshka,8,0.0,0.0
645,644,Matryoshka,8,0.0,0.0
646,612,Matryoshka,8,0.0,0.0
647,646,Matryoshka,8,0.0,0.0
648,611,Matryoshka,8,0.0,0.0
649,609,Matryoshka,8,0.0,0.0
650,648,Matryoshka,8,0.0,0.0
651,650,Matryoshka,8,0.0,0.0
652,651,Matryoshka,8,0.0,0.0
653,652,Matryoshka,8,0.0,0.0
654,653,Matryoshka,8,0.0,0.0
655,654,Matryoshka,8,0.0,0.0
656,655,Matryoshka,8,0.0,0.0
657,656,Matryoshka,8,0.0,0.0
658,608,Matryoshka,8,0.0,0.0
659,658,Matryoshka,8,0.0,0.0
660,606,Matryoshka,8,0.0,0.0
661,604,Matryoshka,8,0.0,0.0
662,661,Matryoshka,8,0.0,0.0
663,662,Matryoshka,8,0.0,0.0
664,603,Matryoshka,8,0.0,0.0
665,664,Matryoshka,8,0.0,0.0
666,665,Matryoshka,8,0.0,0.0
667,666,Matryoshka,8,0.0,0.0
668,667,Matryoshka,8,0.0,0.0
669,668,Matryoshka,8,0.0,0.0
670,669,Matryoshka,8,0.0,0.0
671,670,Matryoshka,8,0.0,0.0
672,671,Matryoshka,8,0.0,0.0
673,672,Matryoshka,8,0.0,0.0
674,673,Matryoshka,8,0.0,0.0
675,602,Matryoshka,8,0.0,0.0
676,601,Matryoshka,8,0.0,0.0
677,676,Matryoshka,8,0.0,0.0
678,677,Matryoshka,8,0.0,0.0
679,678,Matryoshka,8,0.0,0.0
680,679,Matryoshka,8,0.0,0.0
681,599,Matryoshka,8,0.0,0.0
682,681,Matryoshka,8,0.0,0.0
683,598,Matryoshka,8,0.0,0.0
684,683,Matryoshka,8,0.0,0.0
685,684,Matryoshka,8,0.0,0.0
686,685,Matryoshka,8,0.0,0.0
687,686,Matryoshka,8,0.0,0.0
688,594,Matryoshka,8,0.0,0.0
689,688,Matryoshka,8,0.0,0.0
690,689,Matryoshka,8,0.0,0.0
691,690,Matryoshka,8,0.0,0.0
692,592,Matryoshka,8,0.0,0.0
693,692,Matryoshka,8,0.0,0.0
694,590,Matryoshka,8,0.0,0.0
695,694,Matryoshka,8,0.0,0.0
696,695,Matryoshka,8,0.0,0.0
697,696,Matryoshka,8,0.0,0.0
698,697,Matryoshka,8,0.0,0.0
699,698,Matryoshka,8,0.0,0.0
700,589,Matryoshka,8,0.0,0.0
701,700,Matryoshka,8,0.0,0.0
702,588,Matryoshka,8,0.0,0.0
703,587,Matryoshka,8,0.0,0.0
704,703,Matryoshka,8,0.0,0.0
705,704,Matryoshka,8,0.0,0.0
706,584,Matryoshka,8,0.0,0.0
707,582,Matryoshka,8,0.0,0.0
708,580,Matryoshka,8,0.0,0.0
709,708,Matryoshka,8,0.0,0.0
710,709,Matryoshka,8,0.0,0.0
711,579,Matryoshka,8,0.0,0.0
712,711,Matryoshka,8,0.0,0.0
713,575,Matryoshka,8,0.0,0.0
714,572,Matryoshka,8,0.0,0.0
715,714,Matryoshka,8,0.0,0.0
716,715,Matryoshka,8,0.0,0.0
717,716,Matryoshka,8,0.0,0.0
718,717,Matryoshka,8,0.0,0.0
719,571,Matryoshka,8,0.0,0.0
720,719,Matryoshka,8,0.0,0.0
721,720,Matryoshka,8,0.0,0.0
722,721,Matryoshka,8,0.0,0.0
723,722,Matryoshka,8,0.0,0.0
724,723,Matryoshka,8,0.0,0.0
725,724,Matryoshka,8,0.0,0.0
726,570,Matryoshka,8,0.0,0.0
727,726,Matryoshka,8,0.0,0.0
728,727,Matryoshka,8,0.0,0.0
729,728,Matryoshka,8,0.0,0.0
730,568,Matryoshka,8,0.0,0.0
731,566,Matryoshka,8,0.0,0.0
732,731,Matryoshka,8,0.0,0.0
733,732,Matryoshka,8,0.0,0.0
734,733,Matryoshka,8,0.0,0.0
735,734,Matryoshka,8,0.0,0.0
736,735,Matryoshka,8,0.0,0.0
737,565,Matryoshka,8,0.0,0.0
738,560,Matryoshka,8,0.0,0.0
739,558,Matryoshka,8,0.0,0.0
740,739,Matryoshka,8,0.0,0.0
741,557,Matryoshka,8,0.0,0.0
742,741,Matryoshka,8,0.0,0.0
743,742,Matryoshka,8,0.0,0.0
744,743,Matryoshka,8,0.0,0.0
745,555,Matryoshka,8,0.0,0.0
746,745,Matryoshka,8,0.0,0.0
747,746,Matryoshka,8,0.0,0.0
748,554,Matryoshka,8,0.0,0.0
749,552,Matryoshka,8,0.0,0.0
750,551,Matryoshka,8,0.0,0.0
751,750,Matryoshka,8,0.0,0.0
752,548,Matryoshka,8,0.0,0.0
753,752,Matryoshka,8,0.0,0.0
754,753,Matryoshka,8,0.0,0.0
755,754,Matryoshka,8,0.0,0.0
756,755,Matryoshka,8,0.0,0.0
757,545,Matryoshka,8,0.0,0.0
758,757,Matryoshka,8,0.0,0.0
759,758,Matryoshka,8,0.0,0.0
760,541,Matryoshka,8,0.0,0.0
761,760,Matryoshka,8,0.0,0.0
762,761,Matryoshka,8,0.0,0.0
763,762,Matryoshka,8,0.0,0.0
764,763,Matryoshka,8,0.0,0.0
765,764,Matryoshka,8,0.0,0.0
766,765,Matryoshka,8,0.0,0.0
767,536,Matryoshka,8,0.0,0.0
768,767,Matryoshka,8,0.0,0.0
769,768,Matryoshka,8,0.0,0.0
770,769,Matryoshka,8,0.0,0.0
771,534,Matryoshka,8,0.0,0.0
772,771,Matryoshka,8,0.0,0.0
773,772,Matryoshka,8,0.0,0.0
774,773,Matryoshka,8,0.0,0.0
775,774,Matryoshka,8,0.0,0.0
776,522,Matryoshka,8,0.0,0.0
777,521,Matryoshka,8,0.0,0.0
778,777,Matryoshka,8,0.0,0.0
779,778,Matryoshka,8,0.0,0.0
780,779,Matryoshka,8,0.0,0.0
781,780,Matryoshka,8,0.0,0.0
782,520,Matryoshka,8,0.0,0.0
783,782,Matryoshka,8,0.0,0.0
784,518,Matryoshka,8,0.0,0.0
785,784,Matryoshka,8,0.0,0.0
786,785,Matryoshka,8,0.0,0.0
787,786,Matryoshka,8,0.0,0.0
788,517,Matryoshka,8,0.0,0.0
789,788,Matryoshka,8,0.0,0.0
790,789,Matryoshka,8,0.0,0.0
791,790,Matryoshka,8,0.0,0.0
792,791,Matryoshka,8,0.0,0.0
793,792,Matryoshka,8,0.0,0.0
794,793,Matryoshka,8,0.0,0.0
795,794,Matryoshka,8,0.0,0.0
796,795,Matryoshka,8,0.0,0.0
797,796,Matryoshka,8,0.0,0.0
798,797,Matryoshka,8,0.0,0.0
799,798,Matryoshka,8,0.0,0.0
800,799,Matryoshka,8,0.0,0.0
801,800,Matryoshka,8,0.0,0.0
802,801,Matryoshka,8,0.0,0.0
803,802,Matryoshka,8,0.0,0.0
804,803,Matryoshka,8,0.0,0.0
805,804,Matryoshka,8,0.0,0.0
806,805,Matryoshka,8,0.0,0.0
807,806,Matryoshka,8,0.0,0.0
808,807,Matryoshka,8,0.0,0.0
809,808,Matryoshka,8,0.0,0.0
810,515,Matryoshka,8,0.0,0.0
811,810,Matryoshka,8,0.0,0.0
812,811,Matryoshka,8,0.0,0.0
813,812,Matryoshka,8,0.0,0.0
814,513,Matryoshka,8,0.0,0.0
815,814,Matryoshka,8,0.0,0.0
816,815,Matryoshka,8,0.0,0.0
817,816,Matryoshka,8,0.0,0.0
818,817,Matryoshka,8,0.0,0.0
819,818,Matryoshka,8,0.0,0.0
820,819,Matryoshka,8,0.0,0.0
821,820,Matryoshka,8,0.0,0.0
822,821,Matryoshka,8,0.0,0.0
823,822,Matryoshka,8,0.0,0.0
824,823,Matryoshka,8,0.0,0.0
825,512,Matryoshka,8,0.0,0.0
826,825,Matryoshka,8,0.0,0.0
827,826,Matryoshka,8,0.0,0.0
828,827,Matryoshka,8,0.0,0.0
829,828,Matryoshka,8,0.0,0.0
830,829,Matryoshka,8,0.0,0.0
831,830,Matryoshka,8,0.0,0.0
832,831,Matryoshka,8,0.0,0.0
833,832,Matryoshka,8,0.0,0.0
834,833,Matryoshka,8,0.0,0.0
835,834,Matryoshka,8,0.0,0.0
836,835,Matryoshka,8,0.0,0.0
837,510,Matryoshka,8,0.0,0.0
838,837,Matryoshka,8,0.0,0.0
839,838,Matryoshka,8,0.0,0.0
840,839,Matryoshka,8,0.0,0.0
841,840,Matryoshka,8,0.0,0.0
842,841,Matryoshka,8,0.0,0.0
843,842,Matryoshka,8,0.0,0.0
844,843,Matryoshka,8,0.0,0.0
845,844,Matryoshka,8,0.0,0.0
846,845,Matryoshka,8,0.0,0.0
847,508,Matryoshka,8,0.0,0.0
848,503,Matryoshka,8,0.0,0.0
849,848,Matryoshka,8,0.0,0.0
850,849,Matryoshka,8,0.0,0.0
851,850,Matryoshka,8,0.0,0.0
852,851,Matryoshka,8,0.0,0.0
853,852,Matryoshka,8,0.0,0.0
854,853,Matryoshka,8,0.0,0.0
855,854,Matryoshka,8,0.0,0.0
856,855,Matryoshka,8,0.0,0.0
857,856,Matryoshka,8,0.0,0.0
858,857,Matryoshka,8,0.0,0.0
859,494,Matryoshka,8,0.0,0.0
860,493,Matryoshka,8,0.0,0.0
861,860,Matryoshka,8,0.0,0.0
862,861,Matryoshka,8,0.0,0.0
863,862,Matryoshka,8,0.0,0.0
864,863,Matryoshka,8,0.0,0.0
865,864,Matryoshka,8,0.0,0.0
866,490,Matryoshka,8,0.0,0.0
867,866,Matryoshka,8,0.0,0.0
868,867,Matryoshka,8,0.0,0.0
869,868,Matryoshka,8,0.0,0.0
870,487,Matryoshka,8,0.0,0.0
871,870,Matryoshka,8,0.0,0.0
872,871,Matryoshka,8,0.0,0.0
873,872,Matryoshka,8,0.0,0.0
874,873,Matryoshka,8,0.0,0.0
875,874,Matryoshka,8,0.0,0.0
876,875,Matryoshka,8,0.0,0.0
877,876,Matryoshka,8,0.0,0.0
878,877,Matryoshka,8,0.0,0.0
879,878,Matryoshka,8,0.0,0.0
880,484,Matryoshka,8,0.0,0.0
881,880,Matryoshka,8,0.0,0.0
882,881,Matryoshka,8,0.0,0.0
883,882,Matryoshka,8,0.0,0.0
884,883,Matryoshka,8,0.0,0.0
885,884,Matryoshka,8,0.0,0.0
886,885,Matryoshka,8,0.0,0.0
887,886,Matryoshka,8,0.0,0.0
888,887,Matryoshka,8,0.0,0.0
889,888,Matryoshka,8,0.0,0.0
890,889,Matryoshka,8,0.0,0.0
891,474,Matryoshka,8,0.0,0.0
892,891,Matryoshka,8,0.0,0.0
893,892,Matryoshka,8,0.0,0.0
894,893,Matryoshka,8,0.0,0.0
895,894,Matryoshka,8,0.0,0.0
896,895,Matryoshka,8,0.0,0.0
897,896,Matryoshka,8,0.0,0.0
898,472,Matryoshka,8,0.0,0.0
899,898,Matryoshka,8,0.0,0.0
900,899,Matryoshka,8,0.0,0.0
901,900,Matryoshka,8,0.0,0.0
902,901,Matryoshka,8,0.0,0.0
903,902,Matryoshka,8,0.0,0.0
904,903,Matryoshka,8,0.0,0.0
905,904,Matryoshka,8,0.0,0.0
906,905,Matryoshka,8,0.0,0.0
907,906,Matryoshka,8,0.0,0.0
908,907,Matryoshka,8,0.0,0.0
909,466,Matryoshka,8,0.0,0.0
910,909,Matryoshka,8,0.0,0.0
911,910,Matryoshka,8,0.0,0.0
912,911,Matryoshka,8,0.0,0.0
913,461,Matryoshka,8,0.0,0.0
914,913,Matryoshka,8,0.0,0.0
915,914,Matryoshka,8,0.0,0.0
916,915,Matryoshka,8,0.0,0.0
917,460,Matryoshka,8,0.0,0.0
918,917,Matryoshka,8,0.0,0.0
919,187,Matryoshka,8,0.0,0.0
920,919,Matryoshka,8,0.0,0.0
921,920,Matryoshka,8,0.0,0.0
922,921,Matryoshka,8,0.0,0.0
923,922,Matryoshka,8,0.0,0.0
924,923,Matryoshka,8,0.0,0.0
925,924,Matryoshka,8,0.0,0.0
926,925,Matryoshka,8,0.0,0.0
927,926,Matryoshka,8,0.0,0.0
928,927,Matryoshka,8,0.0,0.0
929,928,Matryoshka,8,0.0,0.0
930,929,Matryoshka,8,0.0,0.0
931,930,Matryoshka,8,0.0,0.0
932,931,Matryoshka,8,0.0,0.0
933,932,Matryoshka,8,0.0,0.0
934,933,Matryoshka,8,0.0,0.0
935,934,Matryoshka,8,0.0,0.0
936,935,Matryoshka,8,0.0,0.0
937,936,Matryoshka,8,0.0,0.0
938,430,Matryoshka,8,0.0,0.0
939,938,Matryoshka,8,0.0,0.0
940,939,Matryoshka,8,0.0,0.0
941,940,Matryoshka,8,0.0,0.0
942,941,Matryoshka,8,0.0,0.0
943,942,Matryoshka,8,0.0,0.0
944,943,Matryoshka,8,0.0,0.0
945,944,Matryoshka,8,0.0,0.0
946,945,Matryoshka,8,0.0,0.0
947,946,Matryoshka,8,0.0,0.0
948,426,Matryoshka,8,0.0,0.0
949,948,Matryoshka,8,0.0,0.0
950,949,Matryoshka,8,0.0,0.0
951,950,Matryoshka,8,0.0,0.0
952,951,Matryoshka,8,0.0,0.0
953,952,Matryoshka,8,0.0,0.0
954,425,Matryoshka,8,0.0,0.0
955,954,Matryoshka,8,0.0,0.0
956,955,Matryoshka,8,0.0,0.0
957,956,Matryoshka,8,0.0,0.0
958,957,Matryoshka,8,0.0,0.0
959,958,Matryoshka,8,0.0,0.0
960,959,Matryoshka,8,0.0,0.0
961,960,Matryoshka,8,0.0,0.0
962,627,Matryoshka,8,0.0,0.0
963,962,Matryoshka,8,0.0,0.0
964,963,Matryoshka,8,0.0,0.0
965,964,Matryoshka,8,0.0,0.0
966,965,Matryoshka,8,0.0,0.0
967,966,Matryoshka,8,0.0,0.0
968,422,Matryoshka,8,0.0,0.0
969,968,Matryoshka,8,0.0,0.0
970,969,Matryoshka,8,0.0,0.0
971,970,Matryoshka,8,0.0,0.0
972,971,Matryoshka,8,0.0,0.0
973,972,Matryoshka,8,0.0,0.0
974,973,Matryoshka,8,0.0,0.0
975,974,Matryoshka,8,0.0,0.0
976,975,Matryoshka,8,0.0,0.0
977,976,Matryoshka,8,0.0,0.0
978,977,Matryoshka,8,0.0,0.0
979,978,Matryoshka,8,0.0,0.0
980,979,Matryoshka,8,0.0,0.0
981,420,Matryoshka,8,0.0,0.0
982,981,Matryoshka,8,0.0,0.0
983,982,Matryoshka,8,0.0,0.0
984,983,Matryoshka,8,0.0,0.0
985,984,Matryoshka,8,0.0,0.0
986,985,Matryoshka,8,0.0,0.0
987,986,Matryoshka,8,0.0,0.0
988,987,Matryoshka,8,0.0,0.0
989,988,Matryoshka,8,0.0,0.0
990,989,Matryoshka,8,0.0,0.0
991,408,Matryoshka,8,0.0,0.0
992,991,Matryoshka,8,0.0,0.0
993,992,Matryoshka,8,0.0,0.0
994,993,Matryoshka,8,0.0,0.0
995,994,Matryoshka,8,0.0,0.0
996,995,Matryoshka,8,0.0,0.0
997,996,Matryoshka,8,0.0,0.0
998,997,Matryoshka,8,0.0,0.0
999,998,Matryoshka,8,0.0,0.0
1000,999,Matryoshka,8,0.0,0.0
1001,1000,Matryoshka,8,0.0,0.0
1002,1001,Matryoshka,8,0.0,0.0
1003,1002,Matryoshka,8,0.0,0.0
1004,1003,Matryoshka,8,0.0,0.0
1005,1004,Matryoshka,8,0.0,0.0
1006,1005,Matryoshka,8,0.0,0.0
1007,1006,Matryoshka,8,0.0,0.0
1008,1007,Matryoshka,8,0.0,0.0
1009,1008,Matryoshka,8,0.0,0.0
1010,1009,Matryoshka,8,0.0,0.0
1011,1010,Matryoshka,8,0.0,0.0
1012,1011,Matryoshka,8,0.0,0.0
1013,1012,Matryoshka,8,0.0,0.0
1014,1013,Matryoshka,8,0.0,0.0
1015,1014,Matryoshka,8,0.0,0.0
1016,1015,Matryoshka,8,0.0,0.0
1017,1016,Matryoshka,8,0.0,0.0
1018,1017,Matryoshka,8,0.0,0.0
1019,1018,Matryoshka,8,0.0,0.0
1020,1019,Matryoshka,8,0.0,0.0
1021,1020,Matryoshka,8,0.0,0.0
1022,1021,Matryoshka,8,0.0,0.0
1023,1022,Matryoshka,8,0.0,0.0
1024,1023,Matryoshka,8,0.0,0.0
1025,1024,Matryoshka,8,0.0,0.0
1026,1025,Matryoshka,8,0.0,0.0
1027,1026,Matryoshka,8,0.0,0.0
1028,1027,Matryoshka,8,0.0,0.0
1029,1028,Matryoshka,8,0.0,0.0
1030,1029,Matryoshka,8,0.0,0.0
1031,1030,Matryoshka,8,0.0,0.0
1032,1031,Matryoshka,8,0.0,0.0
1033,1032,Matryoshka,8,0.0,0.0
1034,1033,Matryoshka,8,0.0,0.0
1035,1034,Matryoshka,8,0.0,0.0
1036,1035,Matryoshka,8,0.0,0.0
1037,1036,Matryoshka,8,0.0,0.0
1038,1037,Matryoshka,8,0.0,0.0
1039,1038,Matryoshka,8,0.0,0.0
1040,1039,Matryoshka,8,0.0,0.0
1041,396,Matryoshka,8,0.0,0.0
1042,1041,Matryoshka,8,0.0,0.0
1043,1042,Matryoshka,8,0.0,0.0
1044,1043,Matryoshka,8,0.0,0.0
1045,1044,Matryoshka,8,0.0,0.0
1046,1045,Matryoshka,8,0.0,0.0
1047,1046,Matryoshka,8,0.0,0.0
1048,1047,Matryoshka,8,0.0,0.0
1049,1048,Matryoshka,8,0.0,0.0
1050,1049,Matryoshka,8,0.0,0.0
1051,1050,Matryoshka,8,0.0,0.0
1052,1051,Matryoshka,8,0.0,0.0
1053,1052,Matryoshka,8,0.0,0.0
1054,388,Matryoshka,8,0.0,0.0
1055,1054,Matryoshka,8,0.0,0.0
1056,1055,Matryoshka,8,0.0,0.0
1057,1056,Matryoshka,8,0.0,0.0
1058,1057,Matryoshka,8,0.0,0.0
1059,1058,Matryoshka,8,0.0,0.0
1060,1059,Matryoshka,8,0.0,0.0
1061,1060,Matryoshka,8,0.0,0.0
1062,360,Matryoshka,8,0.0,0.0
1063,1062,Matryoshka,8,0.0,0.0
1064,1063,Matryoshka,8,0.0,0.0
1065,1064,Matryoshka,8,0.0,0.0
1066,1065,Matryoshka,8,0.0,0.0
1067,1066,Matryoshka,8,0.0,0.0
1068,1067,Matryoshka,8,0.0,0.0
1069,1068,Matryoshka,8,0.0,0.0
1070,1069,Matryoshka,8,0.0,0.0
1071,1070,Matryoshka,8,0.0,0.0
1072,1071,Matryoshka,8,0.0,0.0
1073,1072,Matryoshka,8,0.0,0.0
1074,1073,Matryoshka,8,0.0,0.0
1075,1074,Matryoshka,8,0.0,0.0
1076,1075,Matryoshka,8,0.0,0.0
1077,1076,Matryoshka,8,0.0,0.0
1078,1077,Matryoshka,8,0.0,0.0
1079,1078,Matryoshka,8,0.0,0.0
1080,1079,Matryoshka,8,0.0,0.0
1081,1080,Matryoshka,8,0.0,0.0
1082,1081,Matryoshka,8,0.0,0.0
1083,1082,Matryoshka,8,0.0,0.0
1084,1083,Matryoshka,8,0.0,0.0
1085,1084,Matryoshka,8,0.0,0.0
1086,1085,Matryoshka,8,0.0,0.0
1087,1086,Matryoshka,8,0.0,0.0
1088,1087,Matryoshka,8,0.0,0.0
1089,1088,Matryoshka,8,0.0,0.0
1090,1089,Matryoshka,8,0.0,0.0
1091,1090,Matryoshka,8,0.0,0.0
1092,1091,Matryoshka,8,0.0,0.0
1093,1092,Matryoshka,8,0.0,0.0
1094,1093,Matryoshka,8,0.0,0.0
1095,1094,Matryoshka,8,0.0,0.0
1096,1095,Matryoshka,8,0.0,0.0
1097,1096,Matryoshka,8,0.0,0.0
1098,1097,Matryoshka,8,0.0,0.0
1099,1098,Matryoshka,8,0.0,0.0
1100,1099,Matryoshka,8,0.0,0.0
1101,1100,Matryoshka,8,0.0,0.0
1102,1101,Matryoshka,8,0.0,0.0
1103,1102,Matryoshka,8,0.0,0.0
1104,1103,Matryoshka,8,0.0,0.0
1105,1104,Matryoshka,8,0.0,0.0
1106,1105,Matryoshka,8,0.0,0.0
1107,1106,Matryoshka,8,0.0,0.0
1108,356,Matryoshka,8,0.0,0.0
1109,1108,Matryoshka,8,0.0,0.0
1110,1109,Matryoshka,8,0.0,0.0
1111,1110,Matryoshka,8,0.0,0.0
1112,1111,Matryoshka,8,0.0,0.0
1113,1112,Matryoshka,8,0.0,0.0
1114,1113,Matryoshka,8,0.0,0.0
1115,1114,Matryoshka,8,0.0,0.0
1116,1115,Matryoshka,8,0.0,0.0
1117,1116,Matryoshka,8,0.0,0.0
1118,1117,Matryoshka,8,0.0,0.0
1119,1118,Matryoshka,8,0.0,0.0
1120,1119,Matryoshka,8,0.0,0.0
1121,1120,Matryoshka,8,0.0,0.0
1122,1121,Matryoshka,8,0.0,0.0
1123,1122,Matryoshka,8,0.0,0.0
1124,1123,Matryoshka,8,0.0,0.0
1125,1124,Matryoshka,8,0.0,0.0
1126,1125,Matryoshka,8,0.0,0.0
1127,1126,Matryoshka,8,0.0,0.0
1128,1127,Matryoshka,8,0.0,0.0
1129,1128,Matryoshka,8,0.0,0.0
1130,1129,Matryoshka,8,0.0,0.0
1131,1130,Matryoshka,8,0.0,0.0
1132,336,Matryoshka,8,0.0,0.0
1133,1132,Matryoshka,8,0.0,0.0
1134,1133,Matryoshka,8,0.0,0.0
1135,1134,Matryoshka,8,0.0,0.0
1136,1135,Matryoshka,8,0.0,0.0
1137,1136,Matryoshka,8,0.0,0.0
1138,1137,Matryoshka,8,0.0,0.0
1139,1138,Matryoshka,8,0.0,0.0
1140,1139,Matryoshka,8,0.0,0.0
1141,1140,Matryoshka,8,0.0,0.0
1142,1141,Matryoshka,8,0.0,0.0
1143,1142,Matryoshka,8,0.0,0.0
1144,1143,Matryoshka,8,0.0,0.0
1145,1144,Matryoshka,8,0.0,0.0
1146,1145,Matryoshka,8,0.0,0.0
1147,1146,Matryoshka,8,0.0,0.0
1148,1147,Matryoshka,8,0.0,0.0
1149,1148,Matryoshka,8,0.0,0.0
1150,1149,Matryoshka,8,0.0,0.0
1151,1150,Matryoshka,8,0.0,0.0
1152,272,Matryoshka,8,0.0,0.0
1153,1152,Matryoshka,8,0.0,0.0
1154,1153,Matryoshka,8,0.0,0.0
1155,1154,Matryoshka,8,0.0,0.0
1156,1155,Matryoshka,8,0.0,0.0
1157,1156,Matryoshka,8,0.0,0.0
1158,1157,Matryoshka,8,0.0,0.0
1159,1158,Matryoshka,8,0.0,0.0
1160,1159,Matryoshka,8,0.0,0.0
1161,1160,Matryoshka,8,0.0,0.0
1162,1161,Matryoshka,8,0.0,0.0
1163,1162,Matryoshka,8,0.0,0.0
1164,1163,Matryoshka,8,0.0,0.0
1165,1164,Matryoshka,8,0.0,0.0
1166,1165,Matryoshka,8,0.0,0.0
1167,1166,Matryoshka,8,0.0,0.0
1168,1167,Matryoshka,8,0.0,0.0
1169,1168,Matryoshka,8,0.0,0.0
1170,1169,Matryoshka,8,0.0,0.0
1171,1170,Matryoshka,8,0.0,0.0
1172,1171,Matryoshka,8,0.0,0.0
1173,1172,Matryoshka,8,0.0,0.0
1174,1173,Matryoshka,8,0.0,0.0
1175,1174,Matryoshka,8,0.0,0.0
1176,1175,Matryoshka,8,0.0,0.0
1177,1176,Matryoshka,8,0.0,0.0
1178,1177,Matryoshka,8,0.0,0.0
1179,1178,Matryoshka,8,0.0,0.0
1180,1179,Matryoshka,8,0.0,0.0
1181,1180,Matryoshka,8,0.0,0.0
1182,1181,Matryoshka,8,0.0,0.0
1183,1182,Matryoshka,8,0.0,0.0
1184,1183,Matryoshka,8,0.0,0.0
1185,1184,Matryoshka,8,0.0,0.0
1186,1185,Matryoshka,8,0.0,0.0
1187,1186,Matryoshka,8,0.0,0.0
1188,1187,Matryoshka,8,0.0,0.0
1189,1188,Matryoshka,8,0.0,0.0
1190,1189,Matryoshka,8,0.0,0.0
1191,1190,Matryoshka,8,0.0,0.0
1192,1191,Matryoshka,8,0.0,0.0
1193,1192,Matryoshka,8,0.0,0.0
1194,1193,Matryoshka,8,0.0,0.0
1195,1194,Matryoshka,8,0.0,0.0
1196,1195,Matryoshka,8,0.0,0.0
1197,1196,Matryoshka,8,0.0,0.0
1198,1197,Matryoshka,8,0.0,0.0
1199,1198,Matryoshka,8,0.0,0.0
1200,1199,Matryoshka,8,0.0,0.0
1201,1200,Matryoshka,8,0.0,0.0
1202,1201,Matryoshka,8,0.0,0.0
1203,1202,Matryoshka,8,0.0,0.0
1204,1203,Matryoshka,8,0.0,0.0
1205,1204,Matryoshka,8,0.0,0.0
1206,1205,Matryoshka,8,0.0,0.0
1207,1206,Matryoshka,8,0.0,0.0
1208,1207,Matryoshka,8,0.0,0.0
1209,1208,Matryoshka,8,0.0,0.0
1210,1209,Matryoshka,8,0.0,0.0
1211,1210,Matryoshka,8,0.0,0.0
1212,1211,Matryoshka,8,0.0,0.0
1213,1212,Matryoshka,8,0.0,0.0
1214,1213,Matryoshka,8,0.0,0.0
1215,1214,Matryoshka,8,0.0,0.0
1216,1215,Matryoshka,8,0.0,0.0
1217,1216,Matryoshka,8,0.0,0.0
1218,1217,Matryoshka,8,0.0,0.0
1219,1218,Matryoshka,8,0.0,0.0
1220,1219,Matryoshka,8,0.0,0.0
1221,1220,Matryoshka,8,0.0,0.0
1222,1221,Matryoshka,8,0.0,0.0
1223,1222,Matryoshka,8,0.0,0.0
1224,1223,Matryoshka,8,0.0,0.0
1225,1224,Matryoshka,8,0.0,0.0
1226,1225,Matryoshka,8,0.0,0.0
1227,1226,Matryoshka,8,0.0,0.0
1228,1227,Matryoshka,8,0.0,0.0
1229,1228,Matryoshka,8,0.0,0.0
1230,1229,Matryoshka,8,0.0,0.0
1231,1230,Matryoshka,8,0.0,0.0
1232,1231,Matryoshka,8,0.0,0.0
1233,1232,Matryoshka,8,0.0,0.0
1234,1233,Matryoshka,8,0.0,0.0
1235,1234,Matryoshka,8,0.0,0.0
1236,1235,Matryoshka,8,0.0,0.0
1237,1236,Matryoshka,8,0.0,0.0
1238,1237,Matryoshka,8,0.0,0.0
1239,1238,Matryoshka,8,0.0,0.0
1240,1239,Matryoshka,8,0.0,0.0
1241,1240,Matryoshka,8,0.0,0.0
1242,1241,Matryoshka,8,0.0,0.0
1243,1242,Matryoshka,8,0.0,0.0
1244,1243,Matryoshka,8,0.0,0.0
1245,1244,Matryoshka,8,0.0,0.0
1246,1245,Matryoshka,8,0.0,0.0
1247,1246,Matryoshka,8,0.0,0.0
1248,1247,Matryoshka,8,0.0,0.0
1249,1248,Matryoshka,8,0.0,0.0
1250,1249,Matryoshka,8,0.0,0.0
1251,1250,Matryoshka,8,0.0,0.0
1252,1251,Matryoshka,8,0.0,0.0
1253,1252,Matryoshka,8,0.0,0.0
1254,1253,Matryoshka,8,0.0,0.0
1255,1254,Matryoshka,8,0.0,0.0
1256,1255,Matryoshka,8,0.0,0.0
1257,1256,Matryoshka,8,0.0,0.0
1258,1257,Matryoshka,8,0.0,0.0
1259,1258,Matryoshka,8,0.0,0.0
1260,1259,Matryoshka,8,0.0,0.0
1261,1260,Matryoshka,8,0.0,0.0
1262,1261,Matryoshka,8,0.0,0.0
1263,1262,Matryoshka,8,0.0,0.0
1264,1263,Matryoshka,8,0.0,0.0
1265,1264,Matryoshka,8,0.0,0.0
1266,1265,Matryoshka,8,0.0,0.0
1267,1266,Matryoshka,8,0.0,0.0
1268,1267,Matryoshka,8,0.0,0.0
1269,1268,Matryoshka,8,0.0,0.0
1270,1269,Matryoshka,8,0.0,0.0
1271,1270,Matryoshka,8,0.0,0.0
1272,1271,Matryoshka,8,0.0,0.0
1273,1272,Matryoshka,8,0.0,0.0
1274,1273,Matryoshka,8,0.0,0.0
1275,1274,Matryoshka,8,0.0,0.0
1276,1275,Matryoshka,8,0.0,0.0
1277,1276,Matryoshka,8,0.0,0.0
1278,1277,Matryoshka,8,0.0,0.0
1279,1278,Matryoshka,8,0.0,0.0
1280,1279,Matryoshka,8,0.0,0.0
1281,1280,Matryoshka,8,0.0,0.0
1282,1281,Matryoshka,8,0.0,0.0
1283,1282,Matryoshka,8,0.0,0.0
1284,1283,Matryoshka,8,0.0,0.0
1285,1284,Matryoshka,8,0.0,0.0
1286,1285,Matryoshka,8,0.0,0.0
1287,1286,Matryoshka,8,0.0,0.0
1288,1287,Matryoshka,8,0.0,0.0
1289,1288,Matryoshka,8,0.0,0.0
1290,1289,Matryoshka,8,0.0,0.0
1291,1290,Matryoshka,8,0.0,0.0
1292,1291,Matryoshka,8,0.0,0.0
1293,1292,Matryoshka,8,0.0,0.0
1294,1293,Matryoshka,8,0.0,0.0
1295,1294,Matryoshka,8,0.0,0.0
1296,961,Matryoshka,8,0.0,0.0
