benchmark,sae,seed,true_l0,sae_l0,dead_latents,shrinkage,explained_variance,mcc,uniqueness,precision,recall,f1_score,accuracy,sae_type,k,widths,aux_loss,topk_threshold_lr
SIMPLICIAL_COMPLEX,Matryoshka_0,0,75.8264,1.0,92,0.1252631695661946,0.07647978869316752,0.36444318294525146,0.8209876543209876,0.0630582943558693,0.0017537266248837113,0.003344891360029578,0.9408077001571655,Matryoshka,1,2-level,True,0.001
SIMPLICIAL_COMPLEX,Matryoshka_0,1,75.8264,1.0,92,0.1252631695661946,0.07647978869316752,0.36444318294525146,0.8209876543209876,0.0630582943558693,0.0017537266248837113,0.003344891360029578,0.9408077001571655,Matryoshka,1,2-level,True,0.001
SIMPLICIAL_COMPLEX,Matryoshka_0,2,75.8264,1.0,92,0.1252631695661946,0.07647978869316752,0.36444318294525146,0.8209876543209876,0.0630582943558693,0.0017537266248837113,0.003344891360029578,0.9408077001571655,Matryoshka,1,2-level,True,0.001
SIMPLICIAL_COMPLEX,Matryoshka_1,0,75.87754,1.0,115,0.12843255586930824,0.07543881196901325,0.36508503556251526,0.8117283950617284,0.060367241501808167,0.0018509289948269725,0.003550343681126833,0.9382473826408386,Matryoshka,1,2-level,True,0.01
SIMPLICIAL_COMPLEX,Matryoshka_1,1,75.87754,1.0,115,0.12843255586930824,0.07543881196901325,0.36508503556251526,0.8117283950617284,0.060367241501808167,0.0018509289948269725,0.003550343681126833,0.9382473826408386,Matryoshka,1,2-level,True,0.01
SIMPLICIAL_COMPLEX,Matryoshka_1,2,75.87754,1.0,115,0.12843255586930824,0.07543881196901325,0.36508503556251526,0.8117283950617284,0.060367241501808167,0.0018509289948269725,0.003550343681126833,0.9382473826408386,Matryoshka,1,2-level,True,0.01
SIMPLICIAL_COMPLEX,Matryoshka_10,0,76.15946,2.0,1,0.17466147595410983,0.06704894163311448,0.37936776876449585,0.8317901234567902,0.07890435308218002,0.003653023624792695,0.004310134798288345,0.9376274347305298,Matryoshka,2,2-level,True,0.01
SIMPLICIAL_COMPLEX,Matryoshka_10,1,76.15946,2.0,1,0.17466147595410983,0.06704894163311448,0.37936776876449585,0.8317901234567902,0.07890435308218002,0.003653023624792695,0.004310134798288345,0.9376274347305298,Matryoshka,2,2-level,True,0.01
SIMPLICIAL_COMPLEX,Matryoshka_10,2,76.15946,2.0,1,0.17466147595410983,0.06704894163311448,0.37936776876449585,0.8317901234567902,0.07890435308218002,0.003653023624792695,0.004310134798288345,0.9376274347305298,Matryoshka,2,2-level,True,0.01
SIMPLICIAL_COMPLEX,Matryoshka_11,0,75.97207,2.0,0,0.17464392344811572,0.06998696002453575,0.37833043932914734,0.8410493827160493,0.08031672239303589,0.0036303596571087837,0.004265306051820517,0.9370580315589905,Matryoshka,2,2-level,True,0.1
SIMPLICIAL_COMPLEX,Matryoshka_11,1,75.97207,2.0,0,0.17464392344811572,0.06998696002453575,0.37833043932914734,0.8410493827160493,0.08031672239303589,0.0036303596571087837,0.004265306051820517,0.9370580315589905,Matryoshka,2,2-level,True,0.1
SIMPLICIAL_COMPLEX,Matryoshka_11,2,75.97207,2.0,0,0.17464392344811572,0.06998696002453575,0.37833043932914734,0.8410493827160493,0.08031672239303589,0.0036303596571087837,0.004265306051820517,0.9370580315589905,Matryoshka,2,2-level,True,0.1
SIMPLICIAL_COMPLEX,Matryoshka_12,0,75.89466,2.0,2,0.17499152427875875,0.06954306047532266,0.3789464831352234,0.8503086419753086,0.07915836572647095,0.003658384084701538,0.004225451499223709,0.936932384967804,Matryoshka,2,3-level,True,0.001
SIMPLICIAL_COMPLEX,Matryoshka_12,1,75.89466,2.0,2,0.17499152427875875,0.06954306047532266,0.3789464831352234,0.8503086419753086,0.07915836572647095,0.003658384084701538,0.004225451499223709,0.936932384967804,Matryoshka,2,3-level,True,0.001
SIMPLICIAL_COMPLEX,Matryoshka_12,2,75.89466,2.0,2,0.17499152427875875,0.06954306047532266,0.3789464831352234,0.8503086419753086,0.07915836572647095,0.003658384084701538,0.004225451499223709,0.936932384967804,Matryoshka,2,3-level,True,0.001
SIMPLICIAL_COMPLEX,Matryoshka_13,0,75.93857,2.0,0,0.17664435095061068,0.06673164223500405,0.38064122200012207,0.8518518518518519,0.08091501146554947,0.0036883957218378782,0.004359891172498465,0.938326895236969,Matryoshka,2,3-level,True,0.01
SIMPLICIAL_COMPLEX,Matryoshka_13,1,75.93857,2.0,0,0.17664435095061068,0.06673164223500405,0.38064122200012207,0.8518518518518519,0.08091501146554947,0.0036883957218378782,0.004359891172498465,0.938326895236969,Matryoshka,2,3-level,True,0.01
SIMPLICIAL_COMPLEX,Matryoshka_13,2,75.93857,2.0,0,0.17664435095061068,0.06673164223500405,0.38064122200012207,0.8518518518518519,0.08091501146554947,0.0036883957218378782,0.004359891172498465,0.938326895236969,Matryoshka,2,3-level,True,0.01
SIMPLICIAL_COMPLEX,Matryoshka_14,0,75.82564,2.0,0,0.17464928939662663,0.06759278469962327,0.37810879945755005,0.8441358024691358,0.07830458879470825,0.003617651993408799,0.00418930733576417,0.9375964403152466,Matryoshka,2,3-level,True,0.1
SIMPLICIAL_COMPLEX,Matryoshka_14,1,75.82564,2.0,0,0.17464928939662663,0.06759278469962327,0.37810879945755005,0.8441358024691358,0.07830458879470825,0.003617651993408799,0.00418930733576417,0.9375964403152466,Matryoshka,2,3-level,True,0.1
SIMPLICIAL_COMPLEX,Matryoshka_14,2,75.82564,2.0,0,0.17464928939662663,0.06759278469962327,0.37810879945755005,0.8441358024691358,0.07830458879470825,0.003617651993408799,0.00418930733576417,0.9375964403152466,Matryoshka,2,3-level,True,0.1
SIMPLICIAL_COMPLEX,Matryoshka_15,0,75.89734,2.0,0,0.16570974213834097,0.1268227195180932,0.3743820786476135,0.8379629629629629,0.07406143099069595,0.003941284492611885,0.0073734368197619915,0.9379644393920898,Matryoshka,2,4-level,True,0.001
SIMPLICIAL_COMPLEX,Matryoshka_15,1,75.89734,2.0,0,0.16570974213834097,0.1268227195180932,0.3743820786476135,0.8379629629629629,0.07406143099069595,0.003941284492611885,0.0073734368197619915,0.9379644393920898,Matryoshka,2,4-level,True,0.001
SIMPLICIAL_COMPLEX,Matryoshka_15,2,75.89734,2.0,0,0.16570974213834097,0.1268227195180932,0.3743820786476135,0.8379629629629629,0.07406143099069595,0.003941284492611885,0.0073734368197619915,0.9379644393920898,Matryoshka,2,4-level,True,0.001
SIMPLICIAL_COMPLEX,Matryoshka_16,0,75.81296,2.0,1,0.14777725870277156,0.1452915012257674,0.3774721622467041,0.8379629629629629,0.07416293025016785,0.003874770365655422,0.007230568211525679,0.9381032586097717,Matryoshka,2,4-level,True,0.01
SIMPLICIAL_COMPLEX,Matryoshka_16,1,75.81296,2.0,1,0.14777725870277156,0.1452915012257674,0.3774721622467041,0.8379629629629629,0.07416293025016785,0.003874770365655422,0.007230568211525679,0.9381032586097717,Matryoshka,2,4-level,True,0.01
SIMPLICIAL_COMPLEX,Matryoshka_16,2,75.81296,2.0,1,0.14777725870277156,0.1452915012257674,0.3774721622467041,0.8379629629629629,0.07416293025016785,0.003874770365655422,0.007230568211525679,0.9381032586097717,Matryoshka,2,4-level,True,0.01
SIMPLICIAL_COMPLEX,Matryoshka_17,0,75.95355,2.0,1,0.176848855682737,0.06637102352596258,0.3789653182029724,0.8564814814814815,0.07970921695232391,0.0036397853400558233,0.004228005651384592,0.9377514719963074,Matryoshka,2,4-level,True,0.1
SIMPLICIAL_COMPLEX,Matryoshka_17,1,75.95355,2.0,1,0.176848855682737,0.06637102352596258,0.3789653182029724,0.8564814814814815,0.07970921695232391,0.0036397853400558233,0.004228005651384592,0.9377514719963074,Matryoshka,2,4-level,True,0.1
SIMPLICIAL_COMPLEX,Matryoshka_17,2,75.95355,2.0,1,0.176848855682737,0.06637102352596258,0.3789653182029724,0.8564814814814815,0.07970921695232391,0.0036397853400558233,0.004228005651384592,0.9377514719963074,Matryoshka,2,4-level,True,0.1
SIMPLICIAL_COMPLEX,Matryoshka_18,0,75.86429,3.0,8,0.18658227821134968,0.1507758956017231,0.3728339672088623,0.8287037037037037,0.06751707196235657,0.005329994484782219,0.007246966008096933,0.9376269578933716,Matryoshka,3,2-level,True,0.001
SIMPLICIAL_COMPLEX,Matryoshka_18,1,75.86429,3.0,8,0.18658227821134968,0.1507758956017231,0.3728339672088623,0.8287037037037037,0.06751707196235657,0.005329994484782219,0.007246966008096933,0.9376269578933716,Matryoshka,3,2-level,True,0.001
SIMPLICIAL_COMPLEX,Matryoshka_18,2,75.86429,3.0,8,0.18658227821134968,0.1507758956017231,0.3728339672088623,0.8287037037037037,0.06751707196235657,0.005329994484782219,0.007246966008096933,0.9376269578933716,Matryoshka,3,2-level,True,0.001
SIMPLICIAL_COMPLEX,Matryoshka_19,0,75.8258,3.0,8,0.18523045265671703,0.15130437801579388,0.37272441387176514,0.8348765432098766,0.06812801212072372,0.0052362778224051,0.007026804611086845,0.9363642334938049,Matryoshka,3,2-level,True,0.01
SIMPLICIAL_COMPLEX,Matryoshka_19,1,75.8258,3.0,8,0.18523045265671703,0.15130437801579388,0.37272441387176514,0.8348765432098766,0.06812801212072372,0.0052362778224051,0.007026804611086845,0.9363642334938049,Matryoshka,3,2-level,True,0.01
SIMPLICIAL_COMPLEX,Matryoshka_19,2,75.8258,3.0,8,0.18523045265671703,0.15130437801579388,0.37272441387176514,0.8348765432098766,0.06812801212072372,0.0052362778224051,0.007026804611086845,0.9363642334938049,Matryoshka,3,2-level,True,0.01
SIMPLICIAL_COMPLEX,Matryoshka_2,0,75.86423,1.0,142,0.12021986360209432,0.07650834253750649,0.35952484607696533,0.808641975308642,0.056343890726566315,0.0019061878556385636,0.00364489434286952,0.938765823841095,Matryoshka,1,2-level,True,0.1
SIMPLICIAL_COMPLEX,Matryoshka_2,1,75.86423,1.0,142,0.12021986360209432,0.07650834253750649,0.35952484607696533,0.808641975308642,0.056343890726566315,0.0019061878556385636,0.00364489434286952,0.938765823841095,Matryoshka,1,2-level,True,0.1
SIMPLICIAL_COMPLEX,Matryoshka_2,2,75.86423,1.0,142,0.12021986360209432,0.07650834253750649,0.35952484607696533,0.808641975308642,0.056343890726566315,0.0019061878556385636,0.00364489434286952,0.938765823841095,Matryoshka,1,2-level,True,0.1
SIMPLICIAL_COMPLEX,Matryoshka_20,0,75.99508,3.0,14,0.16586147763709352,0.18123289355443406,0.363993376493454,0.8271604938271605,0.063390351831913,0.005258724093437195,0.009371641092002392,0.9373407959938049,Matryoshka,3,2-level,True,0.1
SIMPLICIAL_COMPLEX,Matryoshka_20,1,75.99508,3.0,14,0.16586147763709352,0.18123289355443406,0.363993376493454,0.8271604938271605,0.063390351831913,0.005258724093437195,0.009371641092002392,0.9373407959938049,Matryoshka,3,2-level,True,0.1
SIMPLICIAL_COMPLEX,Matryoshka_20,2,75.99508,3.0,14,0.16586147763709352,0.18123289355443406,0.363993376493454,0.8271604938271605,0.063390351831913,0.005258724093437195,0.009371641092002392,0.9373407959938049,Matryoshka,3,2-level,True,0.1
SIMPLICIAL_COMPLEX,Matryoshka_21,0,75.79855,3.0,2,0.1940281948138969,0.18132881691096425,0.36680296063423157,0.8225308641975309,0.06916148215532303,0.005270412657409906,0.009387897327542305,0.9366005659103394,Matryoshka,3,3-level,True,0.001
SIMPLICIAL_COMPLEX,Matryoshka_21,1,75.79855,3.0,2,0.1940281948138969,0.18132881691096425,0.36680296063423157,0.8225308641975309,0.06916148215532303,0.005270412657409906,0.009387897327542305,0.9366005659103394,Matryoshka,3,3-level,True,0.001
SIMPLICIAL_COMPLEX,Matryoshka_21,2,75.79855,3.0,2,0.1940281948138969,0.18132881691096425,0.36680296063423157,0.8225308641975309,0.06916148215532303,0.005270412657409906,0.009387897327542305,0.9366005659103394,Matryoshka,3,3-level,True,0.001
SIMPLICIAL_COMPLEX,Matryoshka_22,0,75.89293,3.0,6,0.17074842555034703,0.1887162940074365,0.374348908662796,0.8364197530864198,0.07636535912752151,0.005352544132620096,0.009495876729488373,0.9360309839248657,Matryoshka,3,3-level,True,0.01
SIMPLICIAL_COMPLEX,Matryoshka_22,1,75.89293,3.0,6,0.17074842555034703,0.1887162940074365,0.374348908662796,0.8364197530864198,0.07636535912752151,0.005352544132620096,0.009495876729488373,0.9360309839248657,Matryoshka,3,3-level,True,0.01
SIMPLICIAL_COMPLEX,Matryoshka_22,2,75.89293,3.0,6,0.17074842555034703,0.1887162940074365,0.374348908662796,0.8364197530864198,0.07636535912752151,0.005352544132620096,0.009495876729488373,0.9360309839248657,Matryoshka,3,3-level,True,0.01
SIMPLICIAL_COMPLEX,Matryoshka_23,0,75.87481,3.0,11,0.1749155300946025,0.18824352532675126,0.37170353531837463,0.8317901234567902,0.06703239679336548,0.00465652858838439,0.008306988514959812,0.9365305304527283,Matryoshka,3,3-level,True,0.1
SIMPLICIAL_COMPLEX,Matryoshka_23,1,75.87481,3.0,11,0.1749155300946025,0.18824352532675126,0.37170353531837463,0.8317901234567902,0.06703239679336548,0.00465652858838439,0.008306988514959812,0.9365305304527283,Matryoshka,3,3-level,True,0.1
SIMPLICIAL_COMPLEX,Matryoshka_23,2,75.87481,3.0,11,0.1749155300946025,0.18824352532675126,0.37170353531837463,0.8317901234567902,0.06703239679336548,0.00465652858838439,0.008306988514959812,0.9365305304527283,Matryoshka,3,3-level,True,0.1
SIMPLICIAL_COMPLEX,Matryoshka_24,0,75.89455,3.0,1,0.19720791213063762,0.17499267094283422,0.36731716990470886,0.8348765432098766,0.06926504522562027,0.00548646179959178,0.009822314605116844,0.9368805885314941,Matryoshka,3,4-level,True,0.001
SIMPLICIAL_COMPLEX,Matryoshka_24,1,75.89455,3.0,1,0.19720791213063762,0.17499267094283422,0.36731716990470886,0.8348765432098766,0.06926504522562027,0.00548646179959178,0.009822314605116844,0.9368805885314941,Matryoshka,3,4-level,True,0.001
SIMPLICIAL_COMPLEX,Matryoshka_24,2,75.89455,3.0,1,0.19720791213063762,0.17499267094283422,0.36731716990470886,0.8348765432098766,0.06926504522562027,0.00548646179959178,0.009822314605116844,0.9368805885314941,Matryoshka,3,4-level,True,0.001
SIMPLICIAL_COMPLEX,Matryoshka_25,0,75.82727,3.0,1,0.19821728394360652,0.172187026644386,0.36803922057151794,0.8364197530864198,0.07129969447851181,0.005494436714798212,0.009932116605341434,0.9361697435379028,Matryoshka,3,4-level,True,0.01
SIMPLICIAL_COMPLEX,Matryoshka_25,1,75.82727,3.0,1,0.19821728394360652,0.172187026644386,0.36803922057151794,0.8364197530864198,0.07129969447851181,0.005494436714798212,0.009932116605341434,0.9361697435379028,Matryoshka,3,4-level,True,0.01
SIMPLICIAL_COMPLEX,Matryoshka_25,2,75.82727,3.0,1,0.19821728394360652,0.172187026644386,0.36803922057151794,0.8364197530864198,0.07129969447851181,0.005494436714798212,0.009932116605341434,0.9361697435379028,Matryoshka,3,4-level,True,0.01
SIMPLICIAL_COMPLEX,Matryoshka_26,0,76.11334,3.0,0,0.1979606258397228,0.17288377102256403,0.3680131137371063,0.8209876543209876,0.0719556137919426,0.005760864820331335,0.010287693701684475,0.9364975094795227,Matryoshka,3,4-level,True,0.1
SIMPLICIAL_COMPLEX,Matryoshka_26,1,76.11334,3.0,0,0.1979606258397228,0.17288377102256403,0.3680131137371063,0.8209876543209876,0.0719556137919426,0.005760864820331335,0.010287693701684475,0.9364975094795227,Matryoshka,3,4-level,True,0.1
SIMPLICIAL_COMPLEX,Matryoshka_26,2,76.11334,3.0,0,0.1979606258397228,0.17288377102256403,0.3680131137371063,0.8209876543209876,0.0719556137919426,0.005760864820331335,0.010287693701684475,0.9364975094795227,Matryoshka,3,4-level,True,0.1
SIMPLICIAL_COMPLEX,Matryoshka_27,0,75.89621,4.0,5,0.20311781663635445,0.1945962910692315,0.3723039925098419,0.8179012345679012,0.06990742683410645,0.006911464035511017,0.009873660281300545,0.9344795942306519,Matryoshka,4,2-level,True,0.001
SIMPLICIAL_COMPLEX,Matryoshka_27,1,75.89621,4.0,5,0.20311781663635445,0.1945962910692315,0.3723039925098419,0.8179012345679012,0.06990742683410645,0.006911464035511017,0.009873660281300545,0.9344795942306519,Matryoshka,4,2-level,True,0.001
SIMPLICIAL_COMPLEX,Matryoshka_27,2,75.89621,4.0,5,0.20311781663635445,0.1945962910692315,0.3723039925098419,0.8179012345679012,0.06990742683410645,0.006911464035511017,0.009873660281300545,0.9344795942306519,Matryoshka,4,2-level,True,0.001
SIMPLICIAL_COMPLEX,Matryoshka_28,0,76.00764,4.0,2,0.18767290295222325,0.21637330112964193,0.36979809403419495,0.8503086419753086,0.06881251931190491,0.006688890513032675,0.011408830992877483,0.9356309175491333,Matryoshka,4,2-level,True,0.01
SIMPLICIAL_COMPLEX,Matryoshka_28,1,76.00764,4.0,2,0.18767290295222325,0.21637330112964193,0.36979809403419495,0.8503086419753086,0.06881251931190491,0.006688890513032675,0.011408830992877483,0.9356309175491333,Matryoshka,4,2-level,True,0.01
SIMPLICIAL_COMPLEX,Matryoshka_28,2,76.00764,4.0,2,0.18767290295222325,0.21637330112964193,0.36979809403419495,0.8503086419753086,0.06881251931190491,0.006688890513032675,0.011408830992877483,0.9356309175491333,Matryoshka,4,2-level,True,0.01
SIMPLICIAL_COMPLEX,Matryoshka_29,0,75.92312,4.0,5,0.19715006423244438,0.21810923447606834,0.3679617643356323,0.8271604938271605,0.06354819238185883,0.00615052180364728,0.010610371828079224,0.93581223487854,Matryoshka,4,2-level,True,0.1
SIMPLICIAL_COMPLEX,Matryoshka_29,1,75.92312,4.0,5,0.19715006423244438,0.21810923447606834,0.3679617643356323,0.8271604938271605,0.06354819238185883,0.00615052180364728,0.010610371828079224,0.93581223487854,Matryoshka,4,2-level,True,0.1
SIMPLICIAL_COMPLEX,Matryoshka_29,2,75.92312,4.0,5,0.19715006423244438,0.21810923447606834,0.3679617643356323,0.8271604938271605,0.06354819238185883,0.00615052180364728,0.010610371828079224,0.93581223487854,Matryoshka,4,2-level,True,0.1
SIMPLICIAL_COMPLEX,Matryoshka_3,0,76.02191,1.0,124,0.12330077848739114,0.07450482063157415,0.36053386330604553,0.8101851851851852,0.05471527948975563,0.001823778497055173,0.003497346770018339,0.9388739466667175,Matryoshka,1,3-level,True,0.001
SIMPLICIAL_COMPLEX,Matryoshka_3,1,76.02191,1.0,124,0.12330077848739114,0.07450482063157415,0.36053386330604553,0.8101851851851852,0.05471527948975563,0.001823778497055173,0.003497346770018339,0.9388739466667175,Matryoshka,1,3-level,True,0.001
SIMPLICIAL_COMPLEX,Matryoshka_3,2,76.02191,1.0,124,0.12330077848739114,0.07450482063157415,0.36053386330604553,0.8101851851851852,0.05471527948975563,0.001823778497055173,0.003497346770018339,0.9388739466667175,Matryoshka,1,3-level,True,0.001
SIMPLICIAL_COMPLEX,Matryoshka_30,0,76.03976,4.0,0,0.24998237034671808,0.22318439889875996,0.36867421865463257,0.8395061728395061,0.06869201362133026,0.006312291603535414,0.010496015660464764,0.9352027177810669,Matryoshka,4,3-level,True,0.001
SIMPLICIAL_COMPLEX,Matryoshka_30,1,76.03976,4.0,0,0.24998237034671808,0.22318439889875996,0.36867421865463257,0.8395061728395061,0.06869201362133026,0.006312291603535414,0.010496015660464764,0.9352027177810669,Matryoshka,4,3-level,True,0.001
SIMPLICIAL_COMPLEX,Matryoshka_30,2,76.03976,4.0,0,0.24998237034671808,0.22318439889875996,0.36867421865463257,0.8395061728395061,0.06869201362133026,0.006312291603535414,0.010496015660464764,0.9352027177810669,Matryoshka,4,3-level,True,0.001
SIMPLICIAL_COMPLEX,Matryoshka_31,0,76.06524,4.0,0,0.24562778713400218,0.22189830207153716,0.36882442235946655,0.8179012345679012,0.06857502460479736,0.00656168395653367,0.010978344827890396,0.935997486114502,Matryoshka,4,3-level,True,0.01
SIMPLICIAL_COMPLEX,Matryoshka_31,1,76.06524,4.0,0,0.24562778713400218,0.22189830207153716,0.36882442235946655,0.8179012345679012,0.06857502460479736,0.00656168395653367,0.010978344827890396,0.935997486114502,Matryoshka,4,3-level,True,0.01
SIMPLICIAL_COMPLEX,Matryoshka_31,2,76.06524,4.0,0,0.24562778713400218,0.22189830207153716,0.36882442235946655,0.8179012345679012,0.06857502460479736,0.00656168395653367,0.010978344827890396,0.935997486114502,Matryoshka,4,3-level,True,0.01
SIMPLICIAL_COMPLEX,Matryoshka_32,0,75.94034,4.0,1,0.2469542125558999,0.2209368275796294,0.3666798174381256,0.8240740740740741,0.07113037258386612,0.007067688275128603,0.011707977391779423,0.9355401992797852,Matryoshka,4,3-level,True,0.1
SIMPLICIAL_COMPLEX,Matryoshka_32,1,75.94034,4.0,1,0.2469542125558999,0.2209368275796294,0.3666798174381256,0.8240740740740741,0.07113037258386612,0.007067688275128603,0.011707977391779423,0.9355401992797852,Matryoshka,4,3-level,True,0.1
SIMPLICIAL_COMPLEX,Matryoshka_32,2,75.94034,4.0,1,0.2469542125558999,0.2209368275796294,0.3666798174381256,0.8240740740740741,0.07113037258386612,0.007067688275128603,0.011707977391779423,0.9355401992797852,Matryoshka,4,3-level,True,0.1
SIMPLICIAL_COMPLEX,Matryoshka_33,0,75.88278,4.0,0,0.2371774427210108,0.21357304571297198,0.36663350462913513,0.845679012345679,0.06879403442144394,0.0066820839419960976,0.011507628485560417,0.9352492094039917,Matryoshka,4,4-level,True,0.001
SIMPLICIAL_COMPLEX,Matryoshka_33,1,75.88278,4.0,0,0.2371774427210108,0.21357304571297198,0.36663350462913513,0.845679012345679,0.06879403442144394,0.0066820839419960976,0.011507628485560417,0.9352492094039917,Matryoshka,4,4-level,True,0.001
SIMPLICIAL_COMPLEX,Matryoshka_33,2,75.88278,4.0,0,0.2371774427210108,0.21357304571297198,0.36663350462913513,0.845679012345679,0.06879403442144394,0.0066820839419960976,0.011507628485560417,0.9352492094039917,Matryoshka,4,4-level,True,0.001
SIMPLICIAL_COMPLEX,Matryoshka_34,0,75.91932,4.0,1,0.2421782265580014,0.2125770801979895,0.36505401134490967,0.8040123456790124,0.06666091084480286,0.006711623631417751,0.011368620209395885,0.9366183876991272,Matryoshka,4,4-level,True,0.01
SIMPLICIAL_COMPLEX,Matryoshka_34,1,75.91932,4.0,1,0.2421782265580014,0.2125770801979895,0.36505401134490967,0.8040123456790124,0.06666091084480286,0.006711623631417751,0.011368620209395885,0.9366183876991272,Matryoshka,4,4-level,True,0.01
SIMPLICIAL_COMPLEX,Matryoshka_34,2,75.91932,4.0,1,0.2421782265580014,0.2125770801979895,0.36505401134490967,0.8040123456790124,0.06666091084480286,0.006711623631417751,0.011368620209395885,0.9366183876991272,Matryoshka,4,4-level,True,0.01
SIMPLICIAL_COMPLEX,Matryoshka_35,0,75.95972,4.0,0,0.24189484690656565,0.21280159956535305,0.3681583106517792,0.8441358024691358,0.06964515149593353,0.00670603709295392,0.01150423102080822,0.9351242184638977,Matryoshka,4,4-level,True,0.1
SIMPLICIAL_COMPLEX,Matryoshka_35,1,75.95972,4.0,0,0.24189484690656565,0.21280159956535305,0.3681583106517792,0.8441358024691358,0.06964515149593353,0.00670603709295392,0.01150423102080822,0.9351242184638977,Matryoshka,4,4-level,True,0.1
SIMPLICIAL_COMPLEX,Matryoshka_35,2,75.95972,4.0,0,0.24189484690656565,0.21280159956535305,0.3681583106517792,0.8441358024691358,0.06964515149593353,0.00670603709295392,0.01150423102080822,0.9351242184638977,Matryoshka,4,4-level,True,0.1
SIMPLICIAL_COMPLEX,Matryoshka_36,0,75.9828,5.0,2,0.24276424811028752,0.25227917679915257,0.3642081916332245,0.8148148148148148,0.06996456533670425,0.008005284704267979,0.01275295577943325,0.9334805607795715,Matryoshka,5,2-level,True,0.001
SIMPLICIAL_COMPLEX,Matryoshka_36,1,75.9828,5.0,2,0.24276424811028752,0.25227917679915257,0.3642081916332245,0.8148148148148148,0.06996456533670425,0.008005284704267979,0.01275295577943325,0.9334805607795715,Matryoshka,5,2-level,True,0.001
SIMPLICIAL_COMPLEX,Matryoshka_36,2,75.9828,5.0,2,0.24276424811028752,0.25227917679915257,0.3642081916332245,0.8148148148148148,0.06996456533670425,0.008005284704267979,0.01275295577943325,0.9334805607795715,Matryoshka,5,2-level,True,0.001
SIMPLICIAL_COMPLEX,Matryoshka_37,0,75.86516,5.0,9,0.2403366789173602,0.25307539016346436,0.3636481761932373,0.8194444444444444,0.06838065385818481,0.008099490776658058,0.012900725938379765,0.9338094592094421,Matryoshka,5,2-level,True,0.01
SIMPLICIAL_COMPLEX,Matryoshka_37,1,75.86516,5.0,9,0.2403366789173602,0.25307539016346436,0.3636481761932373,0.8194444444444444,0.06838065385818481,0.008099490776658058,0.012900725938379765,0.9338094592094421,Matryoshka,5,2-level,True,0.01
SIMPLICIAL_COMPLEX,Matryoshka_37,2,75.86516,5.0,9,0.2403366789173602,0.25307539016346436,0.3636481761932373,0.8194444444444444,0.06838065385818481,0.008099490776658058,0.012900725938379765,0.9338094592094421,Matryoshka,5,2-level,True,0.01
SIMPLICIAL_COMPLEX,Matryoshka_38,0,75.96856,5.0,1,0.23911818522651532,0.25346690130562377,0.36610016226768494,0.8117283950617284,0.06887482851743698,0.007498237770050764,0.012053551152348518,0.9337263703346252,Matryoshka,5,2-level,True,0.1
SIMPLICIAL_COMPLEX,Matryoshka_38,1,75.96856,5.0,1,0.23911818522651532,0.25346690130562377,0.36610016226768494,0.8117283950617284,0.06887482851743698,0.007498237770050764,0.012053551152348518,0.9337263703346252,Matryoshka,5,2-level,True,0.1
SIMPLICIAL_COMPLEX,Matryoshka_38,2,75.96856,5.0,1,0.23911818522651532,0.25346690130562377,0.36610016226768494,0.8117283950617284,0.06887482851743698,0.007498237770050764,0.012053551152348518,0.9337263703346252,Matryoshka,5,2-level,True,0.1
SIMPLICIAL_COMPLEX,Matryoshka_39,0,76.19791,5.0,0,0.3065445890727407,0.257959003104977,0.3619860112667084,0.7993827160493827,0.06884682178497314,0.00824051909148693,0.01210306491702795,0.9327483177185059,Matryoshka,5,3-level,True,0.001
SIMPLICIAL_COMPLEX,Matryoshka_39,1,76.19791,5.0,0,0.3065445890727407,0.257959003104977,0.3619860112667084,0.7993827160493827,0.06884682178497314,0.00824051909148693,0.01210306491702795,0.9327483177185059,Matryoshka,5,3-level,True,0.001
SIMPLICIAL_COMPLEX,Matryoshka_39,2,76.19791,5.0,0,0.3065445890727407,0.257959003104977,0.3619860112667084,0.7993827160493827,0.06884682178497314,0.00824051909148693,0.01210306491702795,0.9327483177185059,Matryoshka,5,3-level,True,0.001
SIMPLICIAL_COMPLEX,Matryoshka_4,0,75.85804,1.0,31,0.12365943167180238,0.06600063523688438,0.3772692382335663,0.8209876543209876,0.07280468940734863,0.0020153052173554897,0.0038920880760997534,0.9394873976707458,Matryoshka,1,3-level,True,0.01
SIMPLICIAL_COMPLEX,Matryoshka_4,1,75.85804,1.0,31,0.12365943167180238,0.06600063523688438,0.3772692382335663,0.8209876543209876,0.07280468940734863,0.0020153052173554897,0.0038920880760997534,0.9394873976707458,Matryoshka,1,3-level,True,0.01
SIMPLICIAL_COMPLEX,Matryoshka_4,2,75.85804,1.0,31,0.12365943167180238,0.06600063523688438,0.3772692382335663,0.8209876543209876,0.07280468940734863,0.0020153052173554897,0.0038920880760997534,0.9394873976707458,Matryoshka,1,3-level,True,0.01
SIMPLICIAL_COMPLEX,Matryoshka_40,0,75.75255,5.0,0,0.30422653725257526,0.25818316598664093,0.36261609196662903,0.8117283950617284,0.06508281081914902,0.007108076009899378,0.010676420293748379,0.9336346983909607,Matryoshka,5,3-level,True,0.01
SIMPLICIAL_COMPLEX,Matryoshka_40,1,75.75255,5.0,0,0.30422653725257526,0.25818316598664093,0.36261609196662903,0.8117283950617284,0.06508281081914902,0.007108076009899378,0.010676420293748379,0.9336346983909607,Matryoshka,5,3-level,True,0.01
SIMPLICIAL_COMPLEX,Matryoshka_40,2,75.75255,5.0,0,0.30422653725257526,0.25818316598664093,0.36261609196662903,0.8117283950617284,0.06508281081914902,0.007108076009899378,0.010676420293748379,0.9336346983909607,Matryoshka,5,3-level,True,0.01
SIMPLICIAL_COMPLEX,Matryoshka_41,0,75.87139,5.0,2,0.3057558227656242,0.25869512823021534,0.36351293325424194,0.8333333333333334,0.0673496425151825,0.0082334503531456,0.012000004760921001,0.9349122047424316,Matryoshka,5,3-level,True,0.1
SIMPLICIAL_COMPLEX,Matryoshka_41,1,75.87139,5.0,2,0.3057558227656242,0.25869512823021534,0.36351293325424194,0.8333333333333334,0.0673496425151825,0.0082334503531456,0.012000004760921001,0.9349122047424316,Matryoshka,5,3-level,True,0.1
SIMPLICIAL_COMPLEX,Matryoshka_41,2,75.87139,5.0,2,0.3057558227656242,0.25869512823021534,0.36351293325424194,0.8333333333333334,0.0673496425151825,0.0082334503531456,0.012000004760921001,0.9349122047424316,Matryoshka,5,3-level,True,0.1
SIMPLICIAL_COMPLEX,Matryoshka_42,0,76.22044,5.0,1,0.2938532576583947,0.2502341657553624,0.36293652653694153,0.8117283950617284,0.06935973465442657,0.008188817650079727,0.012907583266496658,0.9334624409675598,Matryoshka,5,4-level,True,0.001
SIMPLICIAL_COMPLEX,Matryoshka_42,1,76.22044,5.0,1,0.2938532576583947,0.2502341657553624,0.36293652653694153,0.8117283950617284,0.06935973465442657,0.008188817650079727,0.012907583266496658,0.9334624409675598,Matryoshka,5,4-level,True,0.001
SIMPLICIAL_COMPLEX,Matryoshka_42,2,76.22044,5.0,1,0.2938532576583947,0.2502341657553624,0.36293652653694153,0.8117283950617284,0.06935973465442657,0.008188817650079727,0.012907583266496658,0.9334624409675598,Matryoshka,5,4-level,True,0.001
SIMPLICIAL_COMPLEX,Matryoshka_43,0,76.26264,5.0,0,0.2930747267995819,0.24868839737892234,0.36330005526542664,0.7916666666666666,0.06762881577014923,0.007500017993152142,0.012103062123060226,0.9338354468345642,Matryoshka,5,4-level,True,0.01
SIMPLICIAL_COMPLEX,Matryoshka_43,1,76.26264,5.0,0,0.2930747267995819,0.24868839737892234,0.36330005526542664,0.7916666666666666,0.06762881577014923,0.007500017993152142,0.012103062123060226,0.9338354468345642,Matryoshka,5,4-level,True,0.01
SIMPLICIAL_COMPLEX,Matryoshka_43,2,76.26264,5.0,0,0.2930747267995819,0.24868839737892234,0.36330005526542664,0.7916666666666666,0.06762881577014923,0.007500017993152142,0.012103062123060226,0.9338354468345642,Matryoshka,5,4-level,True,0.01
SIMPLICIAL_COMPLEX,Matryoshka_44,0,75.83309,5.0,0,0.2914980997794942,0.2486947009681888,0.3621981739997864,0.816358024691358,0.06656033545732498,0.007918738760054111,0.012677750550210476,0.9339869022369385,Matryoshka,5,4-level,True,0.1
SIMPLICIAL_COMPLEX,Matryoshka_44,1,75.83309,5.0,0,0.2914980997794942,0.2486947009681888,0.3621981739997864,0.816358024691358,0.06656033545732498,0.007918738760054111,0.012677750550210476,0.9339869022369385,Matryoshka,5,4-level,True,0.1
SIMPLICIAL_COMPLEX,Matryoshka_44,2,75.83309,5.0,0,0.2914980997794942,0.2486947009681888,0.3621981739997864,0.816358024691358,0.06656033545732498,0.007918738760054111,0.012677750550210476,0.9339869022369385,Matryoshka,5,4-level,True,0.1
SIMPLICIAL_COMPLEX,Matryoshka_45,0,75.71038,6.0,1,0.28959062645178557,0.28435602391902404,0.36321762204170227,0.8287037037037037,0.07039147615432739,0.008841883391141891,0.013305995613336563,0.9322971105575562,Matryoshka,6,2-level,True,0.001
SIMPLICIAL_COMPLEX,Matryoshka_45,1,75.71038,6.0,1,0.28959062645178557,0.28435602391902404,0.36321762204170227,0.8287037037037037,0.07039147615432739,0.008841883391141891,0.013305995613336563,0.9322971105575562,Matryoshka,6,2-level,True,0.001
SIMPLICIAL_COMPLEX,Matryoshka_45,2,75.71038,6.0,1,0.28959062645178557,0.28435602391902404,0.36321762204170227,0.8287037037037037,0.07039147615432739,0.008841883391141891,0.013305995613336563,0.9322971105575562,Matryoshka,6,2-level,True,0.001
SIMPLICIAL_COMPLEX,Matryoshka_46,0,75.84267,6.0,1,0.28484163004812063,0.2835539597058343,0.3605768084526062,0.8271604938271605,0.06257816404104233,0.008738905191421509,0.012921162880957127,0.9320628643035889,Matryoshka,6,2-level,True,0.01
SIMPLICIAL_COMPLEX,Matryoshka_46,1,75.84267,6.0,1,0.28484163004812063,0.2835539597058343,0.3605768084526062,0.8271604938271605,0.06257816404104233,0.008738905191421509,0.012921162880957127,0.9320628643035889,Matryoshka,6,2-level,True,0.01
SIMPLICIAL_COMPLEX,Matryoshka_46,2,75.84267,6.0,1,0.28484163004812063,0.2835539597058343,0.3605768084526062,0.8271604938271605,0.06257816404104233,0.008738905191421509,0.012921162880957127,0.9320628643035889,Matryoshka,6,2-level,True,0.01
SIMPLICIAL_COMPLEX,Matryoshka_47,0,75.85966,6.0,1,0.287288717039116,0.2844890163395759,0.35961395502090454,0.7916666666666666,0.06249219924211502,0.008262120187282562,0.012311890721321106,0.9320664405822754,Matryoshka,6,2-level,True,0.1
SIMPLICIAL_COMPLEX,Matryoshka_47,1,75.85966,6.0,1,0.287288717039116,0.2844890163395759,0.35961395502090454,0.7916666666666666,0.06249219924211502,0.008262120187282562,0.012311890721321106,0.9320664405822754,Matryoshka,6,2-level,True,0.1
SIMPLICIAL_COMPLEX,Matryoshka_47,2,75.85966,6.0,1,0.287288717039116,0.2844890163395759,0.35961395502090454,0.7916666666666666,0.06249219924211502,0.008262120187282562,0.012311890721321106,0.9320664405822754,Matryoshka,6,2-level,True,0.1
SIMPLICIAL_COMPLEX,Matryoshka_48,0,75.91947,6.0,0,0.3610007499091019,0.2914896378095052,0.35941073298454285,0.8055555555555556,0.06768479943275452,0.008943518623709679,0.012047202326357365,0.931142270565033,Matryoshka,6,3-level,True,0.001
SIMPLICIAL_COMPLEX,Matryoshka_48,1,75.91947,6.0,0,0.3610007499091019,0.2914896378095052,0.35941073298454285,0.8055555555555556,0.06768479943275452,0.008943518623709679,0.012047202326357365,0.931142270565033,Matryoshka,6,3-level,True,0.001
SIMPLICIAL_COMPLEX,Matryoshka_48,2,75.91947,6.0,0,0.3610007499091019,0.2914896378095052,0.35941073298454285,0.8055555555555556,0.06768479943275452,0.008943518623709679,0.012047202326357365,0.931142270565033,Matryoshka,6,3-level,True,0.001
SIMPLICIAL_COMPLEX,Matryoshka_49,0,75.93808,6.0,2,0.3601251019333892,0.2907985658859097,0.35794439911842346,0.8148148148148148,0.06455680727958679,0.008108075708150864,0.011060782708227634,0.931250274181366,Matryoshka,6,3-level,True,0.01
SIMPLICIAL_COMPLEX,Matryoshka_49,1,75.93808,6.0,2,0.3601251019333892,0.2907985658859097,0.35794439911842346,0.8148148148148148,0.06455680727958679,0.008108075708150864,0.011060782708227634,0.931250274181366,Matryoshka,6,3-level,True,0.01
SIMPLICIAL_COMPLEX,Matryoshka_49,2,75.93808,6.0,2,0.3601251019333892,0.2907985658859097,0.35794439911842346,0.8148148148148148,0.06455680727958679,0.008108075708150864,0.011060782708227634,0.931250274181366,Matryoshka,6,3-level,True,0.01
SIMPLICIAL_COMPLEX,Matryoshka_5,0,76.03457,1.0,55,0.12571889330518576,0.07179782388149747,0.37065747380256653,0.8333333333333334,0.06773854792118073,0.0020024562254548073,0.0038438881747424603,0.9399604201316833,Matryoshka,1,3-level,True,0.1
SIMPLICIAL_COMPLEX,Matryoshka_5,1,76.03457,1.0,55,0.12571889330518576,0.07179782388149747,0.37065747380256653,0.8333333333333334,0.06773854792118073,0.0020024562254548073,0.0038438881747424603,0.9399604201316833,Matryoshka,1,3-level,True,0.1
SIMPLICIAL_COMPLEX,Matryoshka_5,2,76.03457,1.0,55,0.12571889330518576,0.07179782388149747,0.37065747380256653,0.8333333333333334,0.06773854792118073,0.0020024562254548073,0.0038438881747424603,0.9399604201316833,Matryoshka,1,3-level,True,0.1
SIMPLICIAL_COMPLEX,Matryoshka_50,0,75.92695,6.0,4,0.36673934010664944,0.2918136920430442,0.3603140711784363,0.8179012345679012,0.06748777627944946,0.008933069184422493,0.011800413951277733,0.9334619045257568,Matryoshka,6,3-level,True,0.1
SIMPLICIAL_COMPLEX,Matryoshka_50,1,75.92695,6.0,4,0.36673934010664944,0.2918136920430442,0.3603140711784363,0.8179012345679012,0.06748777627944946,0.008933069184422493,0.011800413951277733,0.9334619045257568,Matryoshka,6,3-level,True,0.1
SIMPLICIAL_COMPLEX,Matryoshka_50,2,75.92695,6.0,4,0.36673934010664944,0.2918136920430442,0.3603140711784363,0.8179012345679012,0.06748777627944946,0.008933069184422493,0.011800413951277733,0.9334619045257568,Matryoshka,6,3-level,True,0.1
SIMPLICIAL_COMPLEX,Matryoshka_51,0,75.78762,6.0,0,0.34152737837728564,0.2831139792119569,0.3592889904975891,0.8009259259259259,0.06766696274280548,0.008999355137348175,0.01315861102193594,0.9317118525505066,Matryoshka,6,4-level,True,0.001
SIMPLICIAL_COMPLEX,Matryoshka_51,1,75.78762,6.0,0,0.34152737837728564,0.2831139792119569,0.3592889904975891,0.8009259259259259,0.06766696274280548,0.008999355137348175,0.01315861102193594,0.9317118525505066,Matryoshka,6,4-level,True,0.001
SIMPLICIAL_COMPLEX,Matryoshka_51,2,75.78762,6.0,0,0.34152737837728564,0.2831139792119569,0.3592889904975891,0.8009259259259259,0.06766696274280548,0.008999355137348175,0.01315861102193594,0.9317118525505066,Matryoshka,6,4-level,True,0.001
SIMPLICIAL_COMPLEX,Matryoshka_52,0,75.86442,6.0,0,0.34670848973436663,0.28338255326097517,0.35884299874305725,0.8070987654320988,0.0628943145275116,0.008640195243060589,0.012342930771410465,0.9334020018577576,Matryoshka,6,4-level,True,0.01
SIMPLICIAL_COMPLEX,Matryoshka_52,1,75.86442,6.0,0,0.34670848973436663,0.28338255326097517,0.35884299874305725,0.8070987654320988,0.0628943145275116,0.008640195243060589,0.012342930771410465,0.9334020018577576,Matryoshka,6,4-level,True,0.01
SIMPLICIAL_COMPLEX,Matryoshka_52,2,75.86442,6.0,0,0.34670848973436663,0.28338255326097517,0.35884299874305725,0.8070987654320988,0.0628943145275116,0.008640195243060589,0.012342930771410465,0.9334020018577576,Matryoshka,6,4-level,True,0.01
SIMPLICIAL_COMPLEX,Matryoshka_53,0,75.77313,6.0,0,0.3429318264461975,0.2822480129397975,0.35860475897789,0.8132716049382716,0.06350711733102798,0.008637194521725178,0.012786025181412697,0.9325319528579712,Matryoshka,6,4-level,True,0.1
SIMPLICIAL_COMPLEX,Matryoshka_53,1,75.77313,6.0,0,0.3429318264461975,0.2822480129397975,0.35860475897789,0.8132716049382716,0.06350711733102798,0.008637194521725178,0.012786025181412697,0.9325319528579712,Matryoshka,6,4-level,True,0.1
SIMPLICIAL_COMPLEX,Matryoshka_53,2,75.77313,6.0,0,0.3429318264461975,0.2822480129397975,0.35860475897789,0.8132716049382716,0.06350711733102798,0.008637194521725178,0.012786025181412697,0.9325319528579712,Matryoshka,6,4-level,True,0.1
SIMPLICIAL_COMPLEX,Matryoshka_54,0,75.88414,7.0,2,0.33165609728855144,0.31440493645266565,0.3582795262336731,0.816358024691358,0.0667744129896164,0.010791078209877014,0.01464894786477089,0.9309484362602234,Matryoshka,7,2-level,True,0.001
SIMPLICIAL_COMPLEX,Matryoshka_54,1,75.88414,7.0,2,0.33165609728855144,0.31440493645266565,0.3582795262336731,0.816358024691358,0.0667744129896164,0.010791078209877014,0.01464894786477089,0.9309484362602234,Matryoshka,7,2-level,True,0.001
SIMPLICIAL_COMPLEX,Matryoshka_54,2,75.88414,7.0,2,0.33165609728855144,0.31440493645266565,0.3582795262336731,0.816358024691358,0.0667744129896164,0.010791078209877014,0.01464894786477089,0.9309484362602234,Matryoshka,7,2-level,True,0.001
SIMPLICIAL_COMPLEX,Matryoshka_55,0,76.04364,7.0,2,0.33222827239405045,0.3146088006119192,0.36018532514572144,0.8194444444444444,0.06739476323127747,0.00958328228443861,0.013417445123195648,0.9305474758148193,Matryoshka,7,2-level,True,0.01
SIMPLICIAL_COMPLEX,Matryoshka_55,1,76.04364,7.0,2,0.33222827239405045,0.3146088006119192,0.36018532514572144,0.8194444444444444,0.06739476323127747,0.00958328228443861,0.013417445123195648,0.9305474758148193,Matryoshka,7,2-level,True,0.01
SIMPLICIAL_COMPLEX,Matryoshka_55,2,76.04364,7.0,2,0.33222827239405045,0.3146088006119192,0.36018532514572144,0.8194444444444444,0.06739476323127747,0.00958328228443861,0.013417445123195648,0.9305474758148193,Matryoshka,7,2-level,True,0.01
SIMPLICIAL_COMPLEX,Matryoshka_56,0,75.97306,7.0,1,0.33427774018944517,0.3139616994521939,0.3591506779193878,0.8240740740740741,0.06372888386249542,0.010230276733636856,0.01403904426842928,0.931040346622467,Matryoshka,7,2-level,True,0.1
SIMPLICIAL_COMPLEX,Matryoshka_56,1,75.97306,7.0,1,0.33427774018944517,0.3139616994521939,0.3591506779193878,0.8240740740740741,0.06372888386249542,0.010230276733636856,0.01403904426842928,0.931040346622467,Matryoshka,7,2-level,True,0.1
SIMPLICIAL_COMPLEX,Matryoshka_56,2,75.97306,7.0,1,0.33427774018944517,0.3139616994521939,0.3591506779193878,0.8240740740740741,0.06372888386249542,0.010230276733636856,0.01403904426842928,0.931040346622467,Matryoshka,7,2-level,True,0.1
SIMPLICIAL_COMPLEX,Matryoshka_57,0,75.91349,7.0,2,0.41227335317400216,0.3195931128208639,0.3582685887813568,0.8271604938271605,0.06428658217191696,0.010179411619901657,0.012056059204041958,0.9291154146194458,Matryoshka,7,3-level,True,0.001
SIMPLICIAL_COMPLEX,Matryoshka_57,1,75.91349,7.0,2,0.41227335317400216,0.3195931128208639,0.3582685887813568,0.8271604938271605,0.06428658217191696,0.010179411619901657,0.012056059204041958,0.9291154146194458,Matryoshka,7,3-level,True,0.001
SIMPLICIAL_COMPLEX,Matryoshka_57,2,75.91349,7.0,2,0.41227335317400216,0.3195931128208639,0.3582685887813568,0.8271604938271605,0.06428658217191696,0.010179411619901657,0.012056059204041958,0.9291154146194458,Matryoshka,7,3-level,True,0.001
SIMPLICIAL_COMPLEX,Matryoshka_58,0,75.8934,7.0,1,0.4128890911580042,0.31931836779017964,0.35962337255477905,0.7993827160493827,0.06717247515916824,0.010472000576555729,0.01297677867114544,0.9306371212005615,Matryoshka,7,3-level,True,0.01
SIMPLICIAL_COMPLEX,Matryoshka_58,1,75.8934,7.0,1,0.4128890911580042,0.31931836779017964,0.35962337255477905,0.7993827160493827,0.06717247515916824,0.010472000576555729,0.01297677867114544,0.9306371212005615,Matryoshka,7,3-level,True,0.01
SIMPLICIAL_COMPLEX,Matryoshka_58,2,75.8934,7.0,1,0.4128890911580042,0.31931836779017964,0.35962337255477905,0.7993827160493827,0.06717247515916824,0.010472000576555729,0.01297677867114544,0.9306371212005615,Matryoshka,7,3-level,True,0.01
SIMPLICIAL_COMPLEX,Matryoshka_59,0,76.12819,7.0,0,0.41258641625758813,0.31958226452711336,0.36029788851737976,0.8379629629629629,0.06427973508834839,0.010502346791327,0.012369495816528797,0.9315904378890991,Matryoshka,7,3-level,True,0.1
SIMPLICIAL_COMPLEX,Matryoshka_59,1,76.12819,7.0,0,0.41258641625758813,0.31958226452711336,0.36029788851737976,0.8379629629629629,0.06427973508834839,0.010502346791327,0.012369495816528797,0.9315904378890991,Matryoshka,7,3-level,True,0.1
SIMPLICIAL_COMPLEX,Matryoshka_59,2,76.12819,7.0,0,0.41258641625758813,0.31958226452711336,0.36029788851737976,0.8379629629629629,0.06427973508834839,0.010502346791327,0.012369495816528797,0.9315904378890991,Matryoshka,7,3-level,True,0.1
SIMPLICIAL_COMPLEX,Matryoshka_6,0,76.16357,1.0,2,0.12876412563131312,0.060074069615227765,0.3786952793598175,0.8549382716049383,0.07965676486492157,0.002073064912110567,0.004014782141894102,0.9393349885940552,Matryoshka,1,4-level,True,0.001
SIMPLICIAL_COMPLEX,Matryoshka_6,1,76.16357,1.0,2,0.12876412563131312,0.060074069615227765,0.3786952793598175,0.8549382716049383,0.07965676486492157,0.002073064912110567,0.004014782141894102,0.9393349885940552,Matryoshka,1,4-level,True,0.001
SIMPLICIAL_COMPLEX,Matryoshka_6,2,76.16357,1.0,2,0.12876412563131312,0.060074069615227765,0.3786952793598175,0.8549382716049383,0.07965676486492157,0.002073064912110567,0.004014782141894102,0.9393349885940552,Matryoshka,1,4-level,True,0.001
SIMPLICIAL_COMPLEX,Matryoshka_60,0,75.96079,7.0,0,0.3969569701630501,0.3138512628780237,0.3564654588699341,0.8070987654320988,0.06394797563552856,0.009662558324635029,0.012851240113377571,0.9298090934753418,Matryoshka,7,4-level,True,0.001
SIMPLICIAL_COMPLEX,Matryoshka_60,1,75.96079,7.0,0,0.3969569701630501,0.3138512628780237,0.3564654588699341,0.8070987654320988,0.06394797563552856,0.009662558324635029,0.012851240113377571,0.9298090934753418,Matryoshka,7,4-level,True,0.001
SIMPLICIAL_COMPLEX,Matryoshka_60,2,75.96079,7.0,0,0.3969569701630501,0.3138512628780237,0.3564654588699341,0.8070987654320988,0.06394797563552856,0.009662558324635029,0.012851240113377571,0.9298090934753418,Matryoshka,7,4-level,True,0.001
SIMPLICIAL_COMPLEX,Matryoshka_61,0,75.96423,7.0,3,0.39256110666579164,0.3132632556594943,0.3583829402923584,0.7870370370370371,0.06404171139001846,0.010363958775997162,0.013880466111004353,0.9309852719306946,Matryoshka,7,4-level,True,0.01
SIMPLICIAL_COMPLEX,Matryoshka_61,1,75.96423,7.0,3,0.39256110666579164,0.3132632556594943,0.3583829402923584,0.7870370370370371,0.06404171139001846,0.010363958775997162,0.013880466111004353,0.9309852719306946,Matryoshka,7,4-level,True,0.01
SIMPLICIAL_COMPLEX,Matryoshka_61,2,75.96423,7.0,3,0.39256110666579164,0.3132632556594943,0.3583829402923584,0.7870370370370371,0.06404171139001846,0.010363958775997162,0.013880466111004353,0.9309852719306946,Matryoshka,7,4-level,True,0.01
SIMPLICIAL_COMPLEX,Matryoshka_62,0,75.72874,7.0,0,0.3939240496337459,0.3132595279260796,0.3583768606185913,0.7978395061728395,0.06169451028108597,0.010005745105445385,0.013308651745319366,0.9320787191390991,Matryoshka,7,4-level,True,0.1
SIMPLICIAL_COMPLEX,Matryoshka_62,1,75.72874,7.0,0,0.3939240496337459,0.3132595279260796,0.3583768606185913,0.7978395061728395,0.06169451028108597,0.010005745105445385,0.013308651745319366,0.9320787191390991,Matryoshka,7,4-level,True,0.1
SIMPLICIAL_COMPLEX,Matryoshka_62,2,75.72874,7.0,0,0.3939240496337459,0.3132595279260796,0.3583768606185913,0.7978395061728395,0.06169451028108597,0.010005745105445385,0.013308651745319366,0.9320787191390991,Matryoshka,7,4-level,True,0.1
SIMPLICIAL_COMPLEX,Matryoshka_63,0,76.03276,1.0,99,0.12491435011637182,0.07367566445130858,0.36599600315093994,0.8040123456790124,0.06301801651716232,0.001965909032151103,0.003773507894948125,0.9385114908218384,Matryoshka,1,2-level,False,0.01
SIMPLICIAL_COMPLEX,Matryoshka_63,1,76.03276,1.0,99,0.12491435011637182,0.07367566445130858,0.36599600315093994,0.8040123456790124,0.06301801651716232,0.001965909032151103,0.003773507894948125,0.9385114908218384,Matryoshka,1,2-level,False,0.01
SIMPLICIAL_COMPLEX,Matryoshka_63,2,76.03276,1.0,99,0.12491435011637182,0.07367566445130858,0.36599600315093994,0.8040123456790124,0.06301801651716232,0.001965909032151103,0.003773507894948125,0.9385114908218384,Matryoshka,1,2-level,False,0.01
SIMPLICIAL_COMPLEX,Matryoshka_64,0,76.21526,1.0,72,0.11975977472288743,0.07221085474994027,0.3667125105857849,0.8117283950617284,0.06891367584466934,0.0019307774491608143,0.0037172017619013786,0.9395471215248108,Matryoshka,1,3-level,False,0.01
SIMPLICIAL_COMPLEX,Matryoshka_64,1,76.21526,1.0,72,0.11975977472288743,0.07221085474994027,0.3667125105857849,0.8117283950617284,0.06891367584466934,0.0019307774491608143,0.0037172017619013786,0.9395471215248108,Matryoshka,1,3-level,False,0.01
SIMPLICIAL_COMPLEX,Matryoshka_64,2,76.21526,1.0,72,0.11975977472288743,0.07221085474994027,0.3667125105857849,0.8117283950617284,0.06891367584466934,0.0019307774491608143,0.0037172017619013786,0.9395471215248108,Matryoshka,1,3-level,False,0.01
SIMPLICIAL_COMPLEX,Matryoshka_65,0,75.86751,1.0,26,0.12498330493725499,0.0672777474214663,0.38148632645606995,0.8641975308641975,0.08052873611450195,0.0022476783487945795,0.004340566694736481,0.9399345517158508,Matryoshka,1,4-level,False,0.01
SIMPLICIAL_COMPLEX,Matryoshka_65,1,75.86751,1.0,26,0.12498330493725499,0.0672777474214663,0.38148632645606995,0.8641975308641975,0.08052873611450195,0.0022476783487945795,0.004340566694736481,0.9399345517158508,Matryoshka,1,4-level,False,0.01
SIMPLICIAL_COMPLEX,Matryoshka_65,2,75.86751,1.0,26,0.12498330493725499,0.0672777474214663,0.38148632645606995,0.8641975308641975,0.08052873611450195,0.0022476783487945795,0.004340566694736481,0.9399345517158508,Matryoshka,1,4-level,False,0.01
SIMPLICIAL_COMPLEX,Matryoshka_66,0,76.15014,2.0,0,0.17576850703947966,0.06727430149949842,0.3746391534805298,0.8271604938271605,0.07576654851436615,0.0035857046023011208,0.004139802884310484,0.9375609159469604,Matryoshka,2,2-level,False,0.01
SIMPLICIAL_COMPLEX,Matryoshka_66,1,76.15014,2.0,0,0.17576850703947966,0.06727430149949842,0.3746391534805298,0.8271604938271605,0.07576654851436615,0.0035857046023011208,0.004139802884310484,0.9375609159469604,Matryoshka,2,2-level,False,0.01
SIMPLICIAL_COMPLEX,Matryoshka_66,2,76.15014,2.0,0,0.17576850703947966,0.06727430149949842,0.3746391534805298,0.8271604938271605,0.07576654851436615,0.0035857046023011208,0.004139802884310484,0.9375609159469604,Matryoshka,2,2-level,False,0.01
SIMPLICIAL_COMPLEX,Matryoshka_67,0,76.01665,2.0,1,0.17510636511047575,0.06761584288238986,0.37777525186538696,0.8302469135802469,0.0764816403388977,0.0036057063844054937,0.004257475957274437,0.9376215934753418,Matryoshka,2,3-level,False,0.01
SIMPLICIAL_COMPLEX,Matryoshka_67,1,76.01665,2.0,1,0.17510636511047575,0.06761584288238986,0.37777525186538696,0.8302469135802469,0.0764816403388977,0.0036057063844054937,0.004257475957274437,0.9376215934753418,Matryoshka,2,3-level,False,0.01
SIMPLICIAL_COMPLEX,Matryoshka_67,2,76.01665,2.0,1,0.17510636511047575,0.06761584288238986,0.37777525186538696,0.8302469135802469,0.0764816403388977,0.0036057063844054937,0.004257475957274437,0.9376215934753418,Matryoshka,2,3-level,False,0.01
SIMPLICIAL_COMPLEX,Matryoshka_68,0,75.83034,2.0,2,0.178541130565769,0.06744352002067389,0.3795709013938904,0.8626543209876543,0.08492247760295868,0.0038071819581091404,0.004547906573861837,0.938014566898346,Matryoshka,2,4-level,False,0.01
SIMPLICIAL_COMPLEX,Matryoshka_68,1,75.83034,2.0,2,0.178541130565769,0.06744352002067389,0.3795709013938904,0.8626543209876543,0.08492247760295868,0.0038071819581091404,0.004547906573861837,0.938014566898346,Matryoshka,2,4-level,False,0.01
SIMPLICIAL_COMPLEX,Matryoshka_68,2,75.83034,2.0,2,0.178541130565769,0.06744352002067389,0.3795709013938904,0.8626543209876543,0.08492247760295868,0.0038071819581091404,0.004547906573861837,0.938014566898346,Matryoshka,2,4-level,False,0.01
SIMPLICIAL_COMPLEX,Matryoshka_69,0,75.72701,3.0,8,0.18536244739886437,0.15119665635158486,0.37280750274658203,0.8333333333333334,0.07296574860811234,0.00562894344329834,0.00770833995193243,0.9368143081665039,Matryoshka,3,2-level,False,0.01
SIMPLICIAL_COMPLEX,Matryoshka_69,1,75.72701,3.0,8,0.18536244739886437,0.15119665635158486,0.37280750274658203,0.8333333333333334,0.07296574860811234,0.00562894344329834,0.00770833995193243,0.9368143081665039,Matryoshka,3,2-level,False,0.01
SIMPLICIAL_COMPLEX,Matryoshka_69,2,75.72701,3.0,8,0.18536244739886437,0.15119665635158486,0.37280750274658203,0.8333333333333334,0.07296574860811234,0.00562894344329834,0.00770833995193243,0.9368143081665039,Matryoshka,3,2-level,False,0.01
SIMPLICIAL_COMPLEX,Matryoshka_7,0,75.88837,1.0,55,0.12847655894997526,0.06647666546582942,0.3712444603443146,0.8317901234567902,0.07378681749105453,0.0020187145564705133,0.00387634988874197,0.9396722316741943,Matryoshka,1,4-level,True,0.01
SIMPLICIAL_COMPLEX,Matryoshka_7,1,75.88837,1.0,55,0.12847655894997526,0.06647666546582942,0.3712444603443146,0.8317901234567902,0.07378681749105453,0.0020187145564705133,0.00387634988874197,0.9396722316741943,Matryoshka,1,4-level,True,0.01
SIMPLICIAL_COMPLEX,Matryoshka_7,2,75.88837,1.0,55,0.12847655894997526,0.06647666546582942,0.3712444603443146,0.8317901234567902,0.07378681749105453,0.0020187145564705133,0.00387634988874197,0.9396722316741943,Matryoshka,1,4-level,True,0.01
SIMPLICIAL_COMPLEX,Matryoshka_70,0,76.09253,3.0,4,0.1921274909534656,0.18247444475137864,0.37015289068222046,0.8271604938271605,0.07000405341386795,0.005222740583121777,0.009375282563269138,0.9363390207290649,Matryoshka,3,3-level,False,0.01
SIMPLICIAL_COMPLEX,Matryoshka_70,1,76.09253,3.0,4,0.1921274909534656,0.18247444475137864,0.37015289068222046,0.8271604938271605,0.07000405341386795,0.005222740583121777,0.009375282563269138,0.9363390207290649,Matryoshka,3,3-level,False,0.01
SIMPLICIAL_COMPLEX,Matryoshka_70,2,76.09253,3.0,4,0.1921274909534656,0.18247444475137864,0.37015289068222046,0.8271604938271605,0.07000405341386795,0.005222740583121777,0.009375282563269138,0.9363390207290649,Matryoshka,3,3-level,False,0.01
SIMPLICIAL_COMPLEX,Matryoshka_71,0,75.91887,3.0,1,0.20094391276929371,0.17410794545312924,0.3664384186267853,0.8209876543209876,0.06965206563472748,0.00515620457008481,0.009308645501732826,0.9364120364189148,Matryoshka,3,4-level,False,0.01
SIMPLICIAL_COMPLEX,Matryoshka_71,1,75.91887,3.0,1,0.20094391276929371,0.17410794545312924,0.3664384186267853,0.8209876543209876,0.06965206563472748,0.00515620457008481,0.009308645501732826,0.9364120364189148,Matryoshka,3,4-level,False,0.01
SIMPLICIAL_COMPLEX,Matryoshka_71,2,75.91887,3.0,1,0.20094391276929371,0.17410794545312924,0.3664384186267853,0.8209876543209876,0.06965206563472748,0.00515620457008481,0.009308645501732826,0.9364120364189148,Matryoshka,3,4-level,False,0.01
SIMPLICIAL_COMPLEX,Matryoshka_72,0,75.80448,4.0,1,0.1980677365274299,0.21856538885908405,0.36847564578056335,0.8132716049382716,0.07294990122318268,0.006661994382739067,0.011475112289190292,0.9344117641448975,Matryoshka,4,2-level,False,0.01
SIMPLICIAL_COMPLEX,Matryoshka_72,1,75.80448,4.0,1,0.1980677365274299,0.21856538885908405,0.36847564578056335,0.8132716049382716,0.07294990122318268,0.006661994382739067,0.011475112289190292,0.9344117641448975,Matryoshka,4,2-level,False,0.01
SIMPLICIAL_COMPLEX,Matryoshka_72,2,75.80448,4.0,1,0.1980677365274299,0.21856538885908405,0.36847564578056335,0.8132716049382716,0.07294990122318268,0.006661994382739067,0.011475112289190292,0.9344117641448975,Matryoshka,4,2-level,False,0.01
SIMPLICIAL_COMPLEX,Matryoshka_73,0,75.96469,4.0,0,0.24791185290404041,0.22195129293139604,0.36608973145484924,0.8117283950617284,0.07191493362188339,0.00643072510138154,0.010722963139414787,0.9347521662712097,Matryoshka,4,3-level,False,0.01
SIMPLICIAL_COMPLEX,Matryoshka_73,1,75.96469,4.0,0,0.24791185290404041,0.22195129293139604,0.36608973145484924,0.8117283950617284,0.07191493362188339,0.00643072510138154,0.010722963139414787,0.9347521662712097,Matryoshka,4,3-level,False,0.01
SIMPLICIAL_COMPLEX,Matryoshka_73,2,75.96469,4.0,0,0.24791185290404041,0.22195129293139604,0.36608973145484924,0.8117283950617284,0.07191493362188339,0.00643072510138154,0.010722963139414787,0.9347521662712097,Matryoshka,4,3-level,False,0.01
SIMPLICIAL_COMPLEX,Matryoshka_74,0,75.84305,4.0,0,0.24176512646074055,0.21043435798908428,0.36694756150245667,0.8101851851851852,0.0703926756978035,0.006820562295615673,0.011725359596312046,0.9352766275405884,Matryoshka,4,4-level,False,0.01
SIMPLICIAL_COMPLEX,Matryoshka_74,1,75.84305,4.0,0,0.24176512646074055,0.21043435798908428,0.36694756150245667,0.8101851851851852,0.0703926756978035,0.006820562295615673,0.011725359596312046,0.9352766275405884,Matryoshka,4,4-level,False,0.01
SIMPLICIAL_COMPLEX,Matryoshka_74,2,75.84305,4.0,0,0.24176512646074055,0.21043435798908428,0.36694756150245667,0.8101851851851852,0.0703926756978035,0.006820562295615673,0.011725359596312046,0.9352766275405884,Matryoshka,4,4-level,False,0.01
SIMPLICIAL_COMPLEX,Matryoshka_75,0,75.71394,5.0,0,0.2394389533085376,0.2522929266692452,0.3634428381919861,0.8271604938271605,0.06750163435935974,0.007742811925709248,0.012407305650413036,0.9349933862686157,Matryoshka,5,2-level,False,0.01
SIMPLICIAL_COMPLEX,Matryoshka_75,1,75.71394,5.0,0,0.2394389533085376,0.2522929266692452,0.3634428381919861,0.8271604938271605,0.06750163435935974,0.007742811925709248,0.012407305650413036,0.9349933862686157,Matryoshka,5,2-level,False,0.01
SIMPLICIAL_COMPLEX,Matryoshka_75,2,75.71394,5.0,0,0.2394389533085376,0.2522929266692452,0.3634428381919861,0.8271604938271605,0.06750163435935974,0.007742811925709248,0.012407305650413036,0.9349933862686157,Matryoshka,5,2-level,False,0.01
SIMPLICIAL_COMPLEX,Matryoshka_76,0,75.85116,5.0,0,0.30650018633120946,0.2584021075111036,0.36728397011756897,0.8225308641975309,0.0714210644364357,0.007988447323441505,0.012052157893776894,0.9339019656181335,Matryoshka,5,3-level,False,0.01
SIMPLICIAL_COMPLEX,Matryoshka_76,1,75.85116,5.0,0,0.30650018633120946,0.2584021075111036,0.36728397011756897,0.8225308641975309,0.0714210644364357,0.007988447323441505,0.012052157893776894,0.9339019656181335,Matryoshka,5,3-level,False,0.01
SIMPLICIAL_COMPLEX,Matryoshka_76,2,75.85116,5.0,0,0.30650018633120946,0.2584021075111036,0.36728397011756897,0.8225308641975309,0.0714210644364357,0.007988447323441505,0.012052157893776894,0.9339019656181335,Matryoshka,5,3-level,False,0.01
SIMPLICIAL_COMPLEX,Matryoshka_77,0,75.8598,5.0,1,0.2894717953021828,0.2490537790933708,0.36353951692581177,0.8101851851851852,0.07067596912384033,0.007939592935144901,0.01278362050652504,0.9332276582717896,Matryoshka,5,4-level,False,0.01
SIMPLICIAL_COMPLEX,Matryoshka_77,1,75.8598,5.0,1,0.2894717953021828,0.2490537790933708,0.36353951692581177,0.8101851851851852,0.07067596912384033,0.007939592935144901,0.01278362050652504,0.9332276582717896,Matryoshka,5,4-level,False,0.01
SIMPLICIAL_COMPLEX,Matryoshka_77,2,75.8598,5.0,1,0.2894717953021828,0.2490537790933708,0.36353951692581177,0.8101851851851852,0.07067596912384033,0.007939592935144901,0.01278362050652504,0.9332276582717896,Matryoshka,5,4-level,False,0.01
SIMPLICIAL_COMPLEX,Matryoshka_78,0,75.88212,6.0,2,0.292032926102503,0.28502212072143973,0.3646203875541687,0.7916666666666666,0.06774438172578812,0.009200233034789562,0.01363395620137453,0.9324050545692444,Matryoshka,6,2-level,False,0.01
SIMPLICIAL_COMPLEX,Matryoshka_78,1,75.88212,6.0,2,0.292032926102503,0.28502212072143973,0.3646203875541687,0.7916666666666666,0.06774438172578812,0.009200233034789562,0.01363395620137453,0.9324050545692444,Matryoshka,6,2-level,False,0.01
SIMPLICIAL_COMPLEX,Matryoshka_78,2,75.88212,6.0,2,0.292032926102503,0.28502212072143973,0.3646203875541687,0.7916666666666666,0.06774438172578812,0.009200233034789562,0.01363395620137453,0.9324050545692444,Matryoshka,6,2-level,False,0.01
SIMPLICIAL_COMPLEX,Matryoshka_79,0,75.91044,6.0,0,0.3609352042477885,0.290702050192148,0.36100754141807556,0.8148148148148148,0.06630155444145203,0.009079746901988983,0.012114438228309155,0.9318514466285706,Matryoshka,6,3-level,False,0.01
SIMPLICIAL_COMPLEX,Matryoshka_79,1,75.91044,6.0,0,0.3609352042477885,0.290702050192148,0.36100754141807556,0.8148148148148148,0.06630155444145203,0.009079746901988983,0.012114438228309155,0.9318514466285706,Matryoshka,6,3-level,False,0.01
SIMPLICIAL_COMPLEX,Matryoshka_79,2,75.91044,6.0,0,0.3609352042477885,0.290702050192148,0.36100754141807556,0.8148148148148148,0.06630155444145203,0.009079746901988983,0.012114438228309155,0.9318514466285706,Matryoshka,6,3-level,False,0.01
SIMPLICIAL_COMPLEX,Matryoshka_8,0,75.8068,1.0,49,0.1287471033394026,0.06549223634503865,0.3731691837310791,0.8410493827160493,0.07488351315259933,0.002144954167306423,0.004129205364733934,0.9383483529090881,Matryoshka,1,4-level,True,0.1
SIMPLICIAL_COMPLEX,Matryoshka_8,1,75.8068,1.0,49,0.1287471033394026,0.06549223634503865,0.3731691837310791,0.8410493827160493,0.07488351315259933,0.002144954167306423,0.004129205364733934,0.9383483529090881,Matryoshka,1,4-level,True,0.1
SIMPLICIAL_COMPLEX,Matryoshka_8,2,75.8068,1.0,49,0.1287471033394026,0.06549223634503865,0.3731691837310791,0.8410493827160493,0.07488351315259933,0.002144954167306423,0.004129205364733934,0.9383483529090881,Matryoshka,1,4-level,True,0.1
SIMPLICIAL_COMPLEX,Matryoshka_80,0,75.85163,6.0,2,0.34488139204545454,0.28383280842751757,0.35930827260017395,0.8287037037037037,0.06678026169538498,0.009018917568027973,0.013050701469182968,0.9319064021110535,Matryoshka,6,4-level,False,0.01
SIMPLICIAL_COMPLEX,Matryoshka_80,1,75.85163,6.0,2,0.34488139204545454,0.28383280842751757,0.35930827260017395,0.8287037037037037,0.06678026169538498,0.009018917568027973,0.013050701469182968,0.9319064021110535,Matryoshka,6,4-level,False,0.01
SIMPLICIAL_COMPLEX,Matryoshka_80,2,75.85163,6.0,2,0.34488139204545454,0.28383280842751757,0.35930827260017395,0.8287037037037037,0.06678026169538498,0.009018917568027973,0.013050701469182968,0.9319064021110535,Matryoshka,6,4-level,False,0.01
SIMPLICIAL_COMPLEX,Matryoshka_81,0,76.00614,7.0,7,0.33580381479985866,0.3156700305067197,0.3591552674770355,0.8132716049382716,0.06567069888114929,0.009716622531414032,0.013352529145777225,0.9317693710327148,Matryoshka,7,2-level,False,0.01
SIMPLICIAL_COMPLEX,Matryoshka_81,1,76.00614,7.0,7,0.33580381479985866,0.3156700305067197,0.3591552674770355,0.8132716049382716,0.06567069888114929,0.009716622531414032,0.013352529145777225,0.9317693710327148,Matryoshka,7,2-level,False,0.01
SIMPLICIAL_COMPLEX,Matryoshka_81,2,76.00614,7.0,7,0.33580381479985866,0.3156700305067197,0.3591552674770355,0.8132716049382716,0.06567069888114929,0.009716622531414032,0.013352529145777225,0.9317693710327148,Matryoshka,7,2-level,False,0.01
SIMPLICIAL_COMPLEX,Matryoshka_82,0,76.0115,7.0,2,0.40967415914072997,0.3190844396206499,0.3600568473339081,0.8148148148148148,0.06780572235584259,0.01005996111780405,0.01231081411242485,0.9309482574462891,Matryoshka,7,3-level,False,0.01
SIMPLICIAL_COMPLEX,Matryoshka_82,1,76.0115,7.0,2,0.40967415914072997,0.3190844396206499,0.3600568473339081,0.8148148148148148,0.06780572235584259,0.01005996111780405,0.01231081411242485,0.9309482574462891,Matryoshka,7,3-level,False,0.01
SIMPLICIAL_COMPLEX,Matryoshka_82,2,76.0115,7.0,2,0.40967415914072997,0.3190844396206499,0.3600568473339081,0.8148148148148148,0.06780572235584259,0.01005996111780405,0.01231081411242485,0.9309482574462891,Matryoshka,7,3-level,False,0.01
SIMPLICIAL_COMPLEX,Matryoshka_83,0,75.89321,7.0,3,0.39653848654640583,0.31432477949640847,0.3552546203136444,0.7901234567901234,0.06580985337495804,0.01065692026168108,0.014129839837551117,0.931098461151123,Matryoshka,7,4-level,False,0.01
SIMPLICIAL_COMPLEX,Matryoshka_83,1,75.89321,7.0,3,0.39653848654640583,0.31432477949640847,0.3552546203136444,0.7901234567901234,0.06580985337495804,0.01065692026168108,0.014129839837551117,0.931098461151123,Matryoshka,7,4-level,False,0.01
SIMPLICIAL_COMPLEX,Matryoshka_83,2,75.89321,7.0,3,0.39653848654640583,0.31432477949640847,0.3552546203136444,0.7901234567901234,0.06580985337495804,0.01065692026168108,0.014129839837551117,0.931098461151123,Matryoshka,7,4-level,False,0.01
SIMPLICIAL_COMPLEX,Matryoshka_9,0,75.80623,2.0,11,0.1422576912003879,0.14114159100194357,0.37093091011047363,0.8425925925925926,0.0683213621377945,0.0037880705203861,0.007072772365063429,0.9382312893867493,Matryoshka,2,2-level,True,0.001
SIMPLICIAL_COMPLEX,Matryoshka_9,1,75.80623,2.0,11,0.1422576912003879,0.14114159100194357,0.37093091011047363,0.8425925925925926,0.0683213621377945,0.0037880705203861,0.007072772365063429,0.9382312893867493,Matryoshka,2,2-level,True,0.001
SIMPLICIAL_COMPLEX,Matryoshka_9,2,75.80623,2.0,11,0.1422576912003879,0.14114159100194357,0.37093091011047363,0.8425925925925926,0.0683213621377945,0.0037880705203861,0.007072772365063429,0.9382312893867493,Matryoshka,2,2-level,True,0.001
SPHERICAL,Matryoshka_0,0,75.22177,1.0,192,0.225906640625,0.034413958694070934,0.3723115921020508,0.8425925925925926,0.08853979408740997,0.0034993707668036222,0.006350401788949966,0.9408366084098816,Matryoshka,1,2-level,True,0.001
SPHERICAL,Matryoshka_0,1,75.22177,1.0,192,0.225906640625,0.034413958694070934,0.3723115921020508,0.8425925925925926,0.08853979408740997,0.0034993707668036222,0.006350401788949966,0.9408366084098816,Matryoshka,1,2-level,True,0.001
SPHERICAL,Matryoshka_0,2,75.22177,1.0,192,0.225906640625,0.034413958694070934,0.3723115921020508,0.8425925925925926,0.08853979408740997,0.0034993707668036222,0.006350401788949966,0.9408366084098816,Matryoshka,1,2-level,True,0.001
SPHERICAL,Matryoshka_1,0,75.25868,1.0,188,0.22632171875,0.030190508323016063,0.37060555815696716,0.8101851851851852,0.08666159957647324,0.003243108280003071,0.005889581516385078,0.9407986402511597,Matryoshka,1,2-level,True,0.01
SPHERICAL,Matryoshka_1,1,75.25868,1.0,188,0.22632171875,0.030190508323016063,0.37060555815696716,0.8101851851851852,0.08666159957647324,0.003243108280003071,0.005889581516385078,0.9407986402511597,Matryoshka,1,2-level,True,0.01
SPHERICAL,Matryoshka_1,2,75.25868,1.0,188,0.22632171875,0.030190508323016063,0.37060555815696716,0.8101851851851852,0.08666159957647324,0.003243108280003071,0.005889581516385078,0.9407986402511597,Matryoshka,1,2-level,True,0.01
SPHERICAL,Matryoshka_10,0,75.25406,2.0,14,0.51719359375,0.006318213105005466,0.3923327326774597,0.8688271604938271,0.1370617151260376,0.006966512184590101,0.012395338155329227,0.9396541118621826,Matryoshka,2,2-level,True,0.01
SPHERICAL,Matryoshka_10,1,75.25406,2.0,14,0.51719359375,0.006318213105005466,0.3923327326774597,0.8688271604938271,0.1370617151260376,0.006966512184590101,0.012395338155329227,0.9396541118621826,Matryoshka,2,2-level,True,0.01
SPHERICAL,Matryoshka_10,2,75.25406,2.0,14,0.51719359375,0.006318213105005466,0.3923327326774597,0.8688271604938271,0.1370617151260376,0.006966512184590101,0.012395338155329227,0.9396541118621826,Matryoshka,2,2-level,True,0.01
SPHERICAL,Matryoshka_11,0,75.26397,2.0,21,0.50327078125,0.01157935415336453,0.3899599611759186,0.8919753086419753,0.12444742023944855,0.0056268442422151566,0.009980778209865093,0.9394837617874146,Matryoshka,2,2-level,True,0.1
SPHERICAL,Matryoshka_11,1,75.26397,2.0,21,0.50327078125,0.01157935415336453,0.3899599611759186,0.8919753086419753,0.12444742023944855,0.0056268442422151566,0.009980778209865093,0.9394837617874146,Matryoshka,2,2-level,True,0.1
SPHERICAL,Matryoshka_11,2,75.26397,2.0,21,0.50327078125,0.01157935415336453,0.3899599611759186,0.8919753086419753,0.12444742023944855,0.0056268442422151566,0.009980778209865093,0.9394837617874146,Matryoshka,2,2-level,True,0.1
SPHERICAL,Matryoshka_12,0,75.24943,2.0,17,0.489239921875,0.03539998286091128,0.38983476161956787,0.8487654320987654,0.13347336649894714,0.006770288571715355,0.011818983592092991,0.9396178722381592,Matryoshka,2,3-level,True,0.001
SPHERICAL,Matryoshka_12,1,75.24943,2.0,17,0.489239921875,0.03539998286091128,0.38983476161956787,0.8487654320987654,0.13347336649894714,0.006770288571715355,0.011818983592092991,0.9396178722381592,Matryoshka,2,3-level,True,0.001
SPHERICAL,Matryoshka_12,2,75.24943,2.0,17,0.489239921875,0.03539998286091128,0.38983476161956787,0.8487654320987654,0.13347336649894714,0.006770288571715355,0.011818983592092991,0.9396178722381592,Matryoshka,2,3-level,True,0.001
SPHERICAL,Matryoshka_13,0,75.25466,2.0,19,0.4817035546875,0.022949402018594856,0.39240556955337524,0.8518518518518519,0.13439884781837463,0.006437149364501238,0.011419410817325115,0.9395973086357117,Matryoshka,2,3-level,True,0.01
SPHERICAL,Matryoshka_13,1,75.25466,2.0,19,0.4817035546875,0.022949402018594856,0.39240556955337524,0.8518518518518519,0.13439884781837463,0.006437149364501238,0.011419410817325115,0.9395973086357117,Matryoshka,2,3-level,True,0.01
SPHERICAL,Matryoshka_13,2,75.25466,2.0,19,0.4817035546875,0.022949402018594856,0.39240556955337524,0.8518518518518519,0.13439884781837463,0.006437149364501238,0.011419410817325115,0.9395973086357117,Matryoshka,2,3-level,True,0.01
SPHERICAL,Matryoshka_14,0,75.25886,2.0,12,0.502212734375,0.014841488517767676,0.3906101584434509,0.8549382716049383,0.13966962695121765,0.006556783802807331,0.011734171770513058,0.9395967721939087,Matryoshka,2,3-level,True,0.1
SPHERICAL,Matryoshka_14,1,75.25886,2.0,12,0.502212734375,0.014841488517767676,0.3906101584434509,0.8549382716049383,0.13966962695121765,0.006556783802807331,0.011734171770513058,0.9395967721939087,Matryoshka,2,3-level,True,0.1
SPHERICAL,Matryoshka_14,2,75.25886,2.0,12,0.502212734375,0.014841488517767676,0.3906101584434509,0.8549382716049383,0.13966962695121765,0.006556783802807331,0.011734171770513058,0.9395967721939087,Matryoshka,2,3-level,True,0.1
SPHERICAL,Matryoshka_15,0,75.28221,2.0,55,0.3724161328125,0.08202690154994696,0.385823130607605,0.8364197530864198,0.14112187922000885,0.00680571049451828,0.011901378631591797,0.9396435618400574,Matryoshka,2,4-level,True,0.001
SPHERICAL,Matryoshka_15,1,75.28221,2.0,55,0.3724161328125,0.08202690154994696,0.385823130607605,0.8364197530864198,0.14112187922000885,0.00680571049451828,0.011901378631591797,0.9396435618400574,Matryoshka,2,4-level,True,0.001
SPHERICAL,Matryoshka_15,2,75.28221,2.0,55,0.3724161328125,0.08202690154994696,0.385823130607605,0.8364197530864198,0.14112187922000885,0.00680571049451828,0.011901378631591797,0.9396435618400574,Matryoshka,2,4-level,True,0.001
SPHERICAL,Matryoshka_16,0,75.24121,2.0,31,0.3418157421875,0.07669267592347873,0.38812342286109924,0.8595679012345679,0.11278383433818817,0.006123838014900684,0.010605149902403355,0.9395477175712585,Matryoshka,2,4-level,True,0.01
SPHERICAL,Matryoshka_16,1,75.24121,2.0,31,0.3418157421875,0.07669267592347873,0.38812342286109924,0.8595679012345679,0.11278383433818817,0.006123838014900684,0.010605149902403355,0.9395477175712585,Matryoshka,2,4-level,True,0.01
SPHERICAL,Matryoshka_16,2,75.24121,2.0,31,0.3418157421875,0.07669267592347873,0.38812342286109924,0.8595679012345679,0.11278383433818817,0.006123838014900684,0.010605149902403355,0.9395477175712585,Matryoshka,2,4-level,True,0.01
SPHERICAL,Matryoshka_17,0,75.26536,2.0,18,0.442859765625,0.04480558106448751,0.3928968012332916,0.8641975308641975,0.1467280387878418,0.006892841309309006,0.012337101623415947,0.9396615028381348,Matryoshka,2,4-level,True,0.1
SPHERICAL,Matryoshka_17,1,75.26536,2.0,18,0.442859765625,0.04480558106448751,0.3928968012332916,0.8641975308641975,0.1467280387878418,0.006892841309309006,0.012337101623415947,0.9396615028381348,Matryoshka,2,4-level,True,0.1
SPHERICAL,Matryoshka_17,2,75.26536,2.0,18,0.442859765625,0.04480558106448751,0.3928968012332916,0.8641975308641975,0.1467280387878418,0.006892841309309006,0.012337101623415947,0.9396615028381348,Matryoshka,2,4-level,True,0.1
SPHERICAL,Matryoshka_18,0,75.26867,3.0,17,0.588006640625,0.010852716370157833,0.38615044951438904,0.8425925925925926,0.12496840953826904,0.0092694740742445,0.016027502715587616,0.9383711814880371,Matryoshka,3,2-level,True,0.001
SPHERICAL,Matryoshka_18,1,75.26867,3.0,17,0.588006640625,0.010852716370157833,0.38615044951438904,0.8425925925925926,0.12496840953826904,0.0092694740742445,0.016027502715587616,0.9383711814880371,Matryoshka,3,2-level,True,0.001
SPHERICAL,Matryoshka_18,2,75.26867,3.0,17,0.588006640625,0.010852716370157833,0.38615044951438904,0.8425925925925926,0.12496840953826904,0.0092694740742445,0.016027502715587616,0.9383711814880371,Matryoshka,3,2-level,True,0.001
SPHERICAL,Matryoshka_19,0,75.27732,3.0,17,0.569876015625,0.022660010286071453,0.38476186990737915,0.8533950617283951,0.10938749462366104,0.007989323697984219,0.01389957033097744,0.9382017254829407,Matryoshka,3,2-level,True,0.01
SPHERICAL,Matryoshka_19,1,75.27732,3.0,17,0.569876015625,0.022660010286071453,0.38476186990737915,0.8533950617283951,0.10938749462366104,0.007989323697984219,0.01389957033097744,0.9382017254829407,Matryoshka,3,2-level,True,0.01
SPHERICAL,Matryoshka_19,2,75.27732,3.0,17,0.569876015625,0.022660010286071453,0.38476186990737915,0.8533950617283951,0.10938749462366104,0.007989323697984219,0.01389957033097744,0.9382017254829407,Matryoshka,3,2-level,True,0.01
SPHERICAL,Matryoshka_2,0,75.23408,1.0,206,0.2387708984375,0.03350143369968461,0.37016844749450684,0.8179012345679012,0.07708472013473511,0.0036443015560507774,0.006335147190839052,0.9408723711967468,Matryoshka,1,2-level,True,0.1
SPHERICAL,Matryoshka_2,1,75.23408,1.0,206,0.2387708984375,0.03350143369968461,0.37016844749450684,0.8179012345679012,0.07708472013473511,0.0036443015560507774,0.006335147190839052,0.9408723711967468,Matryoshka,1,2-level,True,0.1
SPHERICAL,Matryoshka_2,2,75.23408,1.0,206,0.2387708984375,0.03350143369968461,0.37016844749450684,0.8179012345679012,0.07708472013473511,0.0036443015560507774,0.006335147190839052,0.9408723711967468,Matryoshka,1,2-level,True,0.1
SPHERICAL,Matryoshka_20,0,75.2256,3.0,81,0.4760240625,0.09402523130311524,0.36918988823890686,0.8256172839506173,0.09721636027097702,0.008377855643630028,0.014339352957904339,0.9383012056350708,Matryoshka,3,2-level,True,0.1
SPHERICAL,Matryoshka_20,1,75.2256,3.0,81,0.4760240625,0.09402523130311524,0.36918988823890686,0.8256172839506173,0.09721636027097702,0.008377855643630028,0.014339352957904339,0.9383012056350708,Matryoshka,3,2-level,True,0.1
SPHERICAL,Matryoshka_20,2,75.2256,3.0,81,0.4760240625,0.09402523130311524,0.36918988823890686,0.8256172839506173,0.09721636027097702,0.008377855643630028,0.014339352957904339,0.9383012056350708,Matryoshka,3,2-level,True,0.1
SPHERICAL,Matryoshka_21,0,75.23395,3.0,24,0.4710621875,0.11828073062856703,0.37765786051750183,0.8379629629629629,0.12591557204723358,0.009719259105622768,0.016251252964138985,0.9384066462516785,Matryoshka,3,3-level,True,0.001
SPHERICAL,Matryoshka_21,1,75.23395,3.0,24,0.4710621875,0.11828073062856703,0.37765786051750183,0.8379629629629629,0.12591557204723358,0.009719259105622768,0.016251252964138985,0.9384066462516785,Matryoshka,3,3-level,True,0.001
SPHERICAL,Matryoshka_21,2,75.23395,3.0,24,0.4710621875,0.11828073062856703,0.37765786051750183,0.8379629629629629,0.12591557204723358,0.009719259105622768,0.016251252964138985,0.9384066462516785,Matryoshka,3,3-level,True,0.001
SPHERICAL,Matryoshka_22,0,75.29231,3.0,13,0.47498875,0.09267878189805612,0.38722100853919983,0.8703703703703703,0.13445882499217987,0.011151318438351154,0.01868830807507038,0.9385444521903992,Matryoshka,3,3-level,True,0.01
SPHERICAL,Matryoshka_22,1,75.29231,3.0,13,0.47498875,0.09267878189805612,0.38722100853919983,0.8703703703703703,0.13445882499217987,0.011151318438351154,0.01868830807507038,0.9385444521903992,Matryoshka,3,3-level,True,0.01
SPHERICAL,Matryoshka_22,2,75.29231,3.0,13,0.47498875,0.09267878189805612,0.38722100853919983,0.8703703703703703,0.13445882499217987,0.011151318438351154,0.01868830807507038,0.9385444521903992,Matryoshka,3,3-level,True,0.01
SPHERICAL,Matryoshka_23,0,75.2441,3.0,8,0.456684765625,0.09952878574830082,0.38375693559646606,0.8564814814814815,0.11006606370210648,0.008260472677648067,0.01413753256201744,0.9382748007774353,Matryoshka,3,3-level,True,0.1
SPHERICAL,Matryoshka_23,1,75.2441,3.0,8,0.456684765625,0.09952878574830082,0.38375693559646606,0.8564814814814815,0.11006606370210648,0.008260472677648067,0.01413753256201744,0.9382748007774353,Matryoshka,3,3-level,True,0.1
SPHERICAL,Matryoshka_23,2,75.2441,3.0,8,0.456684765625,0.09952878574830082,0.38375693559646606,0.8564814814814815,0.11006606370210648,0.008260472677648067,0.01413753256201744,0.9382748007774353,Matryoshka,3,3-level,True,0.1
SPHERICAL,Matryoshka_24,0,75.21531,3.0,57,0.4848005078125,0.12363092249768848,0.3784404397010803,0.8317901234567902,0.1108962669968605,0.009507816284894943,0.015907222405076027,0.9384819269180298,Matryoshka,3,4-level,True,0.001
SPHERICAL,Matryoshka_24,1,75.21531,3.0,57,0.4848005078125,0.12363092249768848,0.3784404397010803,0.8317901234567902,0.1108962669968605,0.009507816284894943,0.015907222405076027,0.9384819269180298,Matryoshka,3,4-level,True,0.001
SPHERICAL,Matryoshka_24,2,75.21531,3.0,57,0.4848005078125,0.12363092249768848,0.3784404397010803,0.8317901234567902,0.1108962669968605,0.009507816284894943,0.015907222405076027,0.9384819269180298,Matryoshka,3,4-level,True,0.001
SPHERICAL,Matryoshka_25,0,75.24213,3.0,49,0.48179484375,0.12496344064977893,0.37933045625686646,0.8441358024691358,0.11843433976173401,0.008097106590867043,0.01341492310166359,0.9382830858230591,Matryoshka,3,4-level,True,0.01
SPHERICAL,Matryoshka_25,1,75.24213,3.0,49,0.48179484375,0.12496344064977893,0.37933045625686646,0.8441358024691358,0.11843433976173401,0.008097106590867043,0.01341492310166359,0.9382830858230591,Matryoshka,3,4-level,True,0.01
SPHERICAL,Matryoshka_25,2,75.24213,3.0,49,0.48179484375,0.12496344064977893,0.37933045625686646,0.8441358024691358,0.11843433976173401,0.008097106590867043,0.01341492310166359,0.9382830858230591,Matryoshka,3,4-level,True,0.01
SPHERICAL,Matryoshka_26,0,75.22874,3.0,42,0.4793082421875,0.12221269141384616,0.379459947347641,0.8395061728395061,0.12645301222801208,0.009599529206752777,0.015981988981366158,0.9384611248970032,Matryoshka,3,4-level,True,0.1
SPHERICAL,Matryoshka_26,1,75.22874,3.0,42,0.4793082421875,0.12221269141384616,0.379459947347641,0.8395061728395061,0.12645301222801208,0.009599529206752777,0.015981988981366158,0.9384611248970032,Matryoshka,3,4-level,True,0.1
SPHERICAL,Matryoshka_26,2,75.22874,3.0,42,0.4793082421875,0.12221269141384616,0.379459947347641,0.8395061728395061,0.12645301222801208,0.009599529206752777,0.015981988981366158,0.9384611248970032,Matryoshka,3,4-level,True,0.1
SPHERICAL,Matryoshka_27,0,75.23015,4.0,8,0.6287879296875,0.07611955453277353,0.3823380768299103,0.8287037037037037,0.12440947443246841,0.013283954933285713,0.02160715125501156,0.9373365044593811,Matryoshka,4,2-level,True,0.001
SPHERICAL,Matryoshka_27,1,75.23015,4.0,8,0.6287879296875,0.07611955453277353,0.3823380768299103,0.8287037037037037,0.12440947443246841,0.013283954933285713,0.02160715125501156,0.9373365044593811,Matryoshka,4,2-level,True,0.001
SPHERICAL,Matryoshka_27,2,75.23015,4.0,8,0.6287879296875,0.07611955453277353,0.3823380768299103,0.8287037037037037,0.12440947443246841,0.013283954933285713,0.02160715125501156,0.9373365044593811,Matryoshka,4,2-level,True,0.001
SPHERICAL,Matryoshka_28,0,75.24269,4.0,7,0.539957734375,0.11915876432040828,0.38296905159950256,0.8518518518518519,0.11457578837871552,0.011644823476672173,0.01930350437760353,0.9370976090431213,Matryoshka,4,2-level,True,0.01
SPHERICAL,Matryoshka_28,1,75.24269,4.0,7,0.539957734375,0.11915876432040828,0.38296905159950256,0.8518518518518519,0.11457578837871552,0.011644823476672173,0.01930350437760353,0.9370976090431213,Matryoshka,4,2-level,True,0.01
SPHERICAL,Matryoshka_28,2,75.24269,4.0,7,0.539957734375,0.11915876432040828,0.38296905159950256,0.8518518518518519,0.11457578837871552,0.011644823476672173,0.01930350437760353,0.9370976090431213,Matryoshka,4,2-level,True,0.01
SPHERICAL,Matryoshka_29,0,75.31543,4.0,10,0.549166875,0.1312058483496119,0.37520939111709595,0.8364197530864198,0.11253645271062851,0.011117454618215561,0.018374638631939888,0.9370166063308716,Matryoshka,4,2-level,True,0.1
SPHERICAL,Matryoshka_29,1,75.31543,4.0,10,0.549166875,0.1312058483496119,0.37520939111709595,0.8364197530864198,0.11253645271062851,0.011117454618215561,0.018374638631939888,0.9370166063308716,Matryoshka,4,2-level,True,0.1
SPHERICAL,Matryoshka_29,2,75.31543,4.0,10,0.549166875,0.1312058483496119,0.37520939111709595,0.8364197530864198,0.11253645271062851,0.011117454618215561,0.018374638631939888,0.9370166063308716,Matryoshka,4,2-level,True,0.1
SPHERICAL,Matryoshka_3,0,75.25188,1.0,184,0.22681474609375,0.03764581026769742,0.37044331431388855,0.8302469135802469,0.09668160229921341,0.0033167614601552486,0.006067485082894564,0.9408049583435059,Matryoshka,1,3-level,True,0.001
SPHERICAL,Matryoshka_3,1,75.25188,1.0,184,0.22681474609375,0.03764581026769742,0.37044331431388855,0.8302469135802469,0.09668160229921341,0.0033167614601552486,0.006067485082894564,0.9408049583435059,Matryoshka,1,3-level,True,0.001
SPHERICAL,Matryoshka_3,2,75.25188,1.0,184,0.22681474609375,0.03764581026769742,0.37044331431388855,0.8302469135802469,0.09668160229921341,0.0033167614601552486,0.006067485082894564,0.9408049583435059,Matryoshka,1,3-level,True,0.001
SPHERICAL,Matryoshka_30,0,75.2827,4.0,9,0.5477346875,0.16465294317648826,0.37385839223861694,0.8240740740740741,0.11986824125051498,0.01463230699300766,0.023208340629935265,0.9374282360076904,Matryoshka,4,3-level,True,0.001
SPHERICAL,Matryoshka_30,1,75.2827,4.0,9,0.5477346875,0.16465294317648826,0.37385839223861694,0.8240740740740741,0.11986824125051498,0.01463230699300766,0.023208340629935265,0.9374282360076904,Matryoshka,4,3-level,True,0.001
SPHERICAL,Matryoshka_30,2,75.2827,4.0,9,0.5477346875,0.16465294317648826,0.37385839223861694,0.8240740740740741,0.11986824125051498,0.01463230699300766,0.023208340629935265,0.9374282360076904,Matryoshka,4,3-level,True,0.001
SPHERICAL,Matryoshka_31,0,75.2649,4.0,10,0.54237578125,0.17277945080010193,0.37739866971969604,0.8348765432098766,0.12335505336523056,0.014000395312905312,0.022803744301199913,0.9374067783355713,Matryoshka,4,3-level,True,0.01
SPHERICAL,Matryoshka_31,1,75.2649,4.0,10,0.54237578125,0.17277945080010193,0.37739866971969604,0.8348765432098766,0.12335505336523056,0.014000395312905312,0.022803744301199913,0.9374067783355713,Matryoshka,4,3-level,True,0.01
SPHERICAL,Matryoshka_31,2,75.2649,4.0,10,0.54237578125,0.17277945080010193,0.37739866971969604,0.8348765432098766,0.12335505336523056,0.014000395312905312,0.022803744301199913,0.9374067783355713,Matryoshka,4,3-level,True,0.01
SPHERICAL,Matryoshka_32,0,75.32762,4.0,6,0.54103078125,0.16943527737944286,0.3764536380767822,0.8287037037037037,0.11980641633272171,0.012210726737976074,0.0196186862885952,0.9371766448020935,Matryoshka,4,3-level,True,0.1
SPHERICAL,Matryoshka_32,1,75.32762,4.0,6,0.54103078125,0.16943527737944286,0.3764536380767822,0.8287037037037037,0.11980641633272171,0.012210726737976074,0.0196186862885952,0.9371766448020935,Matryoshka,4,3-level,True,0.1
SPHERICAL,Matryoshka_32,2,75.32762,4.0,6,0.54103078125,0.16943527737944286,0.3764536380767822,0.8287037037037037,0.11980641633272171,0.012210726737976074,0.0196186862885952,0.9371766448020935,Matryoshka,4,3-level,True,0.1
SPHERICAL,Matryoshka_33,0,75.28409,4.0,25,0.555956953125,0.16925542799605808,0.37474876642227173,0.8287037037037037,0.13332857191562653,0.012255341745913029,0.019577110186219215,0.9371258020401001,Matryoshka,4,4-level,True,0.001
SPHERICAL,Matryoshka_33,1,75.28409,4.0,25,0.555956953125,0.16925542799605808,0.37474876642227173,0.8287037037037037,0.13332857191562653,0.012255341745913029,0.019577110186219215,0.9371258020401001,Matryoshka,4,4-level,True,0.001
SPHERICAL,Matryoshka_33,2,75.28409,4.0,25,0.555956953125,0.16925542799605808,0.37474876642227173,0.8287037037037037,0.13332857191562653,0.012255341745913029,0.019577110186219215,0.9371258020401001,Matryoshka,4,4-level,True,0.001
SPHERICAL,Matryoshka_34,0,75.23701,4.0,24,0.5643359375,0.16669317111712167,0.37226590514183044,0.8425925925925926,0.12696969509124756,0.01233732607215643,0.019451670348644257,0.9371833205223083,Matryoshka,4,4-level,True,0.01
SPHERICAL,Matryoshka_34,1,75.23701,4.0,24,0.5643359375,0.16669317111712167,0.37226590514183044,0.8425925925925926,0.12696969509124756,0.01233732607215643,0.019451670348644257,0.9371833205223083,Matryoshka,4,4-level,True,0.01
SPHERICAL,Matryoshka_34,2,75.23701,4.0,24,0.5643359375,0.16669317111712167,0.37226590514183044,0.8425925925925926,0.12696969509124756,0.01233732607215643,0.019451670348644257,0.9371833205223083,Matryoshka,4,4-level,True,0.01
SPHERICAL,Matryoshka_35,0,75.23915,4.0,32,0.5545006640625,0.16593014128240902,0.3739303946495056,0.8379629629629629,0.10834535956382751,0.012332254089415073,0.019353238865733147,0.9372009634971619,Matryoshka,4,4-level,True,0.1
SPHERICAL,Matryoshka_35,1,75.23915,4.0,32,0.5545006640625,0.16593014128240902,0.3739303946495056,0.8379629629629629,0.10834535956382751,0.012332254089415073,0.019353238865733147,0.9372009634971619,Matryoshka,4,4-level,True,0.1
SPHERICAL,Matryoshka_35,2,75.23915,4.0,32,0.5545006640625,0.16593014128240902,0.3739303946495056,0.8379629629629629,0.10834535956382751,0.012332254089415073,0.019353238865733147,0.9372009634971619,Matryoshka,4,4-level,True,0.1
SPHERICAL,Matryoshka_36,0,75.23571,5.0,2,0.6063987109375,0.17266055608020814,0.3757968246936798,0.8256172839506173,0.10984046012163162,0.013127016834914684,0.020670626312494278,0.9357291460037231,Matryoshka,5,2-level,True,0.001
SPHERICAL,Matryoshka_36,1,75.23571,5.0,2,0.6063987109375,0.17266055608020814,0.3757968246936798,0.8256172839506173,0.10984046012163162,0.013127016834914684,0.020670626312494278,0.9357291460037231,Matryoshka,5,2-level,True,0.001
SPHERICAL,Matryoshka_36,2,75.23571,5.0,2,0.6063987109375,0.17266055608020814,0.3757968246936798,0.8256172839506173,0.10984046012163162,0.013127016834914684,0.020670626312494278,0.9357291460037231,Matryoshka,5,2-level,True,0.001
SPHERICAL,Matryoshka_37,0,75.25531,5.0,14,0.61412921875,0.1789377967939113,0.37374916672706604,0.8117283950617284,0.11021074652671814,0.01472404133528471,0.022778108716011047,0.9359395503997803,Matryoshka,5,2-level,True,0.01
SPHERICAL,Matryoshka_37,1,75.25531,5.0,14,0.61412921875,0.1789377967939113,0.37374916672706604,0.8117283950617284,0.11021074652671814,0.01472404133528471,0.022778108716011047,0.9359395503997803,Matryoshka,5,2-level,True,0.01
SPHERICAL,Matryoshka_37,2,75.25531,5.0,14,0.61412921875,0.1789377967939113,0.37374916672706604,0.8117283950617284,0.11021074652671814,0.01472404133528471,0.022778108716011047,0.9359395503997803,Matryoshka,5,2-level,True,0.01
SPHERICAL,Matryoshka_38,0,75.24476,5.0,5,0.6093893359375,0.17923403405001914,0.37546098232269287,0.8348765432098766,0.11806371808052063,0.014871828258037567,0.023371653631329536,0.9359279870986938,Matryoshka,5,2-level,True,0.1
SPHERICAL,Matryoshka_38,1,75.24476,5.0,5,0.6093893359375,0.17923403405001914,0.37546098232269287,0.8348765432098766,0.11806371808052063,0.014871828258037567,0.023371653631329536,0.9359279870986938,Matryoshka,5,2-level,True,0.1
SPHERICAL,Matryoshka_38,2,75.24476,5.0,5,0.6093893359375,0.17923403405001914,0.37546098232269287,0.8348765432098766,0.11806371808052063,0.014871828258037567,0.023371653631329536,0.9359279870986938,Matryoshka,5,2-level,True,0.1
SPHERICAL,Matryoshka_39,0,75.25148,5.0,4,0.604691640625,0.19098815944634495,0.3697788119316101,0.8240740740740741,0.11842851340770721,0.01442632731050253,0.02267993614077568,0.9358786940574646,Matryoshka,5,3-level,True,0.001
SPHERICAL,Matryoshka_39,1,75.25148,5.0,4,0.604691640625,0.19098815944634495,0.3697788119316101,0.8240740740740741,0.11842851340770721,0.01442632731050253,0.02267993614077568,0.9358786940574646,Matryoshka,5,3-level,True,0.001
SPHERICAL,Matryoshka_39,2,75.25148,5.0,4,0.604691640625,0.19098815944634495,0.3697788119316101,0.8240740740740741,0.11842851340770721,0.01442632731050253,0.02267993614077568,0.9358786940574646,Matryoshka,5,3-level,True,0.001
SPHERICAL,Matryoshka_4,0,75.24717,1.0,80,0.2153198046875,0.03971093630381328,0.39183592796325684,0.8317901234567902,0.12991730868816376,0.0032424721866846085,0.0060507371090352535,0.9407030344009399,Matryoshka,1,3-level,True,0.01
SPHERICAL,Matryoshka_4,1,75.24717,1.0,80,0.2153198046875,0.03971093630381328,0.39183592796325684,0.8317901234567902,0.12991730868816376,0.0032424721866846085,0.0060507371090352535,0.9407030344009399,Matryoshka,1,3-level,True,0.01
SPHERICAL,Matryoshka_4,2,75.24717,1.0,80,0.2153198046875,0.03971093630381328,0.39183592796325684,0.8317901234567902,0.12991730868816376,0.0032424721866846085,0.0060507371090352535,0.9407030344009399,Matryoshka,1,3-level,True,0.01
SPHERICAL,Matryoshka_40,0,75.29547,5.0,5,0.608646953125,0.204225006889311,0.37200406193733215,0.8395061728395061,0.12016795575618744,0.01528343465179205,0.02420618012547493,0.935955822467804,Matryoshka,5,3-level,True,0.01
SPHERICAL,Matryoshka_40,1,75.29547,5.0,5,0.608646953125,0.204225006889311,0.37200406193733215,0.8395061728395061,0.12016795575618744,0.01528343465179205,0.02420618012547493,0.935955822467804,Matryoshka,5,3-level,True,0.01
SPHERICAL,Matryoshka_40,2,75.29547,5.0,5,0.608646953125,0.204225006889311,0.37200406193733215,0.8395061728395061,0.12016795575618744,0.01528343465179205,0.02420618012547493,0.935955822467804,Matryoshka,5,3-level,True,0.01
SPHERICAL,Matryoshka_41,0,75.22733,5.0,2,0.6027721875,0.20200227919871916,0.37037307024002075,0.8271604938271605,0.1211228296160698,0.015027153305709362,0.023793842643499374,0.9359908699989319,Matryoshka,5,3-level,True,0.1
SPHERICAL,Matryoshka_41,1,75.22733,5.0,2,0.6027721875,0.20200227919871916,0.37037307024002075,0.8271604938271605,0.1211228296160698,0.015027153305709362,0.023793842643499374,0.9359908699989319,Matryoshka,5,3-level,True,0.1
SPHERICAL,Matryoshka_41,2,75.22733,5.0,2,0.6027721875,0.20200227919871916,0.37037307024002075,0.8271604938271605,0.1211228296160698,0.015027153305709362,0.023793842643499374,0.9359908699989319,Matryoshka,5,3-level,True,0.1
SPHERICAL,Matryoshka_42,0,75.21838,5.0,27,0.6011736328125,0.20775416080444054,0.36941906809806824,0.8395061728395061,0.11405250430107117,0.014171727001667023,0.02155996859073639,0.9359168410301208,Matryoshka,5,4-level,True,0.001
SPHERICAL,Matryoshka_42,1,75.21838,5.0,27,0.6011736328125,0.20775416080444054,0.36941906809806824,0.8395061728395061,0.11405250430107117,0.014171727001667023,0.02155996859073639,0.9359168410301208,Matryoshka,5,4-level,True,0.001
SPHERICAL,Matryoshka_42,2,75.21838,5.0,27,0.6011736328125,0.20775416080444054,0.36941906809806824,0.8395061728395061,0.11405250430107117,0.014171727001667023,0.02155996859073639,0.9359168410301208,Matryoshka,5,4-level,True,0.001
SPHERICAL,Matryoshka_43,0,75.26974,5.0,29,0.6227965625,0.20429914502219237,0.3694317638874054,0.8348765432098766,0.12265098094940186,0.017538560554385185,0.026077138260006905,0.9362471699714661,Matryoshka,5,4-level,True,0.01
SPHERICAL,Matryoshka_43,1,75.26974,5.0,29,0.6227965625,0.20429914502219237,0.3694317638874054,0.8348765432098766,0.12265098094940186,0.017538560554385185,0.026077138260006905,0.9362471699714661,Matryoshka,5,4-level,True,0.01
SPHERICAL,Matryoshka_43,2,75.26974,5.0,29,0.6227965625,0.20429914502219237,0.3694317638874054,0.8348765432098766,0.12265098094940186,0.017538560554385185,0.026077138260006905,0.9362471699714661,Matryoshka,5,4-level,True,0.01
SPHERICAL,Matryoshka_44,0,75.24337,5.0,27,0.617903046875,0.2158017516211309,0.36920279264450073,0.8256172839506173,0.11459458619356155,0.013877351768314838,0.02198445051908493,0.9358494877815247,Matryoshka,5,4-level,True,0.1
SPHERICAL,Matryoshka_44,1,75.24337,5.0,27,0.617903046875,0.2158017516211309,0.36920279264450073,0.8256172839506173,0.11459458619356155,0.013877351768314838,0.02198445051908493,0.9358494877815247,Matryoshka,5,4-level,True,0.1
SPHERICAL,Matryoshka_44,2,75.24337,5.0,27,0.617903046875,0.2158017516211309,0.36920279264450073,0.8256172839506173,0.11459458619356155,0.013877351768314838,0.02198445051908493,0.9358494877815247,Matryoshka,5,4-level,True,0.1
SPHERICAL,Matryoshka_45,0,75.19384,6.0,1,0.64639015625,0.21658615779042523,0.3713589906692505,0.8348765432098766,0.12157660722732544,0.01862761378288269,0.028675096109509468,0.9349099397659302,Matryoshka,6,2-level,True,0.001
SPHERICAL,Matryoshka_45,1,75.19384,6.0,1,0.64639015625,0.21658615779042523,0.3713589906692505,0.8348765432098766,0.12157660722732544,0.01862761378288269,0.028675096109509468,0.9349099397659302,Matryoshka,6,2-level,True,0.001
SPHERICAL,Matryoshka_45,2,75.19384,6.0,1,0.64639015625,0.21658615779042523,0.3713589906692505,0.8348765432098766,0.12157660722732544,0.01862761378288269,0.028675096109509468,0.9349099397659302,Matryoshka,6,2-level,True,0.001
SPHERICAL,Matryoshka_46,0,75.24622,6.0,7,0.6676646875,0.20579673076172755,0.36899617314338684,0.8379629629629629,0.12147552520036697,0.01978812739253044,0.029035517945885658,0.9349850416183472,Matryoshka,6,2-level,True,0.01
SPHERICAL,Matryoshka_46,1,75.24622,6.0,7,0.6676646875,0.20579673076172755,0.36899617314338684,0.8379629629629629,0.12147552520036697,0.01978812739253044,0.029035517945885658,0.9349850416183472,Matryoshka,6,2-level,True,0.01
SPHERICAL,Matryoshka_46,2,75.24622,6.0,7,0.6676646875,0.20579673076172755,0.36899617314338684,0.8379629629629629,0.12147552520036697,0.01978812739253044,0.029035517945885658,0.9349850416183472,Matryoshka,6,2-level,True,0.01
SPHERICAL,Matryoshka_47,0,75.23782,6.0,7,0.66014328125,0.2148474685673707,0.37316811084747314,0.8518518518518519,0.11876928061246872,0.018245212733745575,0.027763452380895615,0.9348209500312805,Matryoshka,6,2-level,True,0.1
SPHERICAL,Matryoshka_47,1,75.23782,6.0,7,0.66014328125,0.2148474685673707,0.37316811084747314,0.8518518518518519,0.11876928061246872,0.018245212733745575,0.027763452380895615,0.9348209500312805,Matryoshka,6,2-level,True,0.1
SPHERICAL,Matryoshka_47,2,75.23782,6.0,7,0.66014328125,0.2148474685673707,0.37316811084747314,0.8518518518518519,0.11876928061246872,0.018245212733745575,0.027763452380895615,0.9348209500312805,Matryoshka,6,2-level,True,0.1
SPHERICAL,Matryoshka_48,0,75.2703,6.0,4,0.653822890625,0.22624914047281242,0.3657427728176117,0.816358024691358,0.12007922679185867,0.021349096670746803,0.03151528164744377,0.935138463973999,Matryoshka,6,3-level,True,0.001
SPHERICAL,Matryoshka_48,1,75.2703,6.0,4,0.653822890625,0.22624914047281242,0.3657427728176117,0.816358024691358,0.12007922679185867,0.021349096670746803,0.03151528164744377,0.935138463973999,Matryoshka,6,3-level,True,0.001
SPHERICAL,Matryoshka_48,2,75.2703,6.0,4,0.653822890625,0.22624914047281242,0.3657427728176117,0.816358024691358,0.12007922679185867,0.021349096670746803,0.03151528164744377,0.935138463973999,Matryoshka,6,3-level,True,0.001
SPHERICAL,Matryoshka_49,0,75.25766,6.0,3,0.656624375,0.22681877767041836,0.36501070857048035,0.8209876543209876,0.11198215931653976,0.01626170054078102,0.02488510124385357,0.9345701932907104,Matryoshka,6,3-level,True,0.01
SPHERICAL,Matryoshka_49,1,75.25766,6.0,3,0.656624375,0.22681877767041836,0.36501070857048035,0.8209876543209876,0.11198215931653976,0.01626170054078102,0.02488510124385357,0.9345701932907104,Matryoshka,6,3-level,True,0.01
SPHERICAL,Matryoshka_49,2,75.25766,6.0,3,0.656624375,0.22681877767041836,0.36501070857048035,0.8209876543209876,0.11198215931653976,0.01626170054078102,0.02488510124385357,0.9345701932907104,Matryoshka,6,3-level,True,0.01
SPHERICAL,Matryoshka_5,0,75.27376,1.0,158,0.2332854296875,0.03943189077621512,0.37964069843292236,0.8132716049382716,0.09945899248123169,0.00258818082511425,0.0048410361632704735,0.9406782388687134,Matryoshka,1,3-level,True,0.1
SPHERICAL,Matryoshka_5,1,75.27376,1.0,158,0.2332854296875,0.03943189077621512,0.37964069843292236,0.8132716049382716,0.09945899248123169,0.00258818082511425,0.0048410361632704735,0.9406782388687134,Matryoshka,1,3-level,True,0.1
SPHERICAL,Matryoshka_5,2,75.27376,1.0,158,0.2332854296875,0.03943189077621512,0.37964069843292236,0.8132716049382716,0.09945899248123169,0.00258818082511425,0.0048410361632704735,0.9406782388687134,Matryoshka,1,3-level,True,0.1
SPHERICAL,Matryoshka_50,0,75.25719,6.0,4,0.652234609375,0.22563795560339484,0.36429280042648315,0.8148148148148148,0.1103239506483078,0.019032172858715057,0.028347807005047798,0.9348440170288086,Matryoshka,6,3-level,True,0.1
SPHERICAL,Matryoshka_50,1,75.25719,6.0,4,0.652234609375,0.22563795560339484,0.36429280042648315,0.8148148148148148,0.1103239506483078,0.019032172858715057,0.028347807005047798,0.9348440170288086,Matryoshka,6,3-level,True,0.1
SPHERICAL,Matryoshka_50,2,75.25719,6.0,4,0.652234609375,0.22563795560339484,0.36429280042648315,0.8148148148148148,0.1103239506483078,0.019032172858715057,0.028347807005047798,0.9348440170288086,Matryoshka,6,3-level,True,0.1
SPHERICAL,Matryoshka_51,0,75.27222,6.0,17,0.660703671875,0.23695172232140516,0.36779865622520447,0.8194444444444444,0.11482696980237961,0.01516833994537592,0.02271665446460247,0.9343978762626648,Matryoshka,6,4-level,True,0.001
SPHERICAL,Matryoshka_51,1,75.27222,6.0,17,0.660703671875,0.23695172232140516,0.36779865622520447,0.8194444444444444,0.11482696980237961,0.01516833994537592,0.02271665446460247,0.9343978762626648,Matryoshka,6,4-level,True,0.001
SPHERICAL,Matryoshka_51,2,75.27222,6.0,17,0.660703671875,0.23695172232140516,0.36779865622520447,0.8194444444444444,0.11482696980237961,0.01516833994537592,0.02271665446460247,0.9343978762626648,Matryoshka,6,4-level,True,0.001
SPHERICAL,Matryoshka_52,0,75.23126,6.0,19,0.6551473046875,0.24441791252800305,0.36655232310295105,0.8225308641975309,0.10534986108541489,0.017068112269043922,0.024845929816365242,0.934624195098877,Matryoshka,6,4-level,True,0.01
SPHERICAL,Matryoshka_52,1,75.23126,6.0,19,0.6551473046875,0.24441791252800305,0.36655232310295105,0.8225308641975309,0.10534986108541489,0.017068112269043922,0.024845929816365242,0.934624195098877,Matryoshka,6,4-level,True,0.01
SPHERICAL,Matryoshka_52,2,75.23126,6.0,19,0.6551473046875,0.24441791252800305,0.36655232310295105,0.8225308641975309,0.10534986108541489,0.017068112269043922,0.024845929816365242,0.934624195098877,Matryoshka,6,4-level,True,0.01
SPHERICAL,Matryoshka_53,0,75.2815,6.0,10,0.661530625,0.2423840161945322,0.36485931277275085,0.8333333333333334,0.11786174774169922,0.019715072587132454,0.028421975672245026,0.934982180595398,Matryoshka,6,4-level,True,0.1
SPHERICAL,Matryoshka_53,1,75.2815,6.0,10,0.661530625,0.2423840161945322,0.36485931277275085,0.8333333333333334,0.11786174774169922,0.019715072587132454,0.028421975672245026,0.934982180595398,Matryoshka,6,4-level,True,0.1
SPHERICAL,Matryoshka_53,2,75.2815,6.0,10,0.661530625,0.2423840161945322,0.36485931277275085,0.8333333333333334,0.11786174774169922,0.019715072587132454,0.028421975672245026,0.934982180595398,Matryoshka,6,4-level,True,0.1
SPHERICAL,Matryoshka_54,0,75.26526,7.0,5,0.6983821875,0.25010175224976017,0.36895233392715454,0.808641975308642,0.10365314036607742,0.0193466879427433,0.027927836403250694,0.9333969950675964,Matryoshka,7,2-level,True,0.001
SPHERICAL,Matryoshka_54,1,75.26526,7.0,5,0.6983821875,0.25010175224976017,0.36895233392715454,0.808641975308642,0.10365314036607742,0.0193466879427433,0.027927836403250694,0.9333969950675964,Matryoshka,7,2-level,True,0.001
SPHERICAL,Matryoshka_54,2,75.26526,7.0,5,0.6983821875,0.25010175224976017,0.36895233392715454,0.808641975308642,0.10365314036607742,0.0193466879427433,0.027927836403250694,0.9333969950675964,Matryoshka,7,2-level,True,0.001
SPHERICAL,Matryoshka_55,0,75.2511,7.0,4,0.69363953125,0.24518254151680974,0.3654171824455261,0.8148148148148148,0.11019951850175858,0.02091996558010578,0.029675381258130074,0.9335552453994751,Matryoshka,7,2-level,True,0.01
SPHERICAL,Matryoshka_55,1,75.2511,7.0,4,0.69363953125,0.24518254151680974,0.3654171824455261,0.8148148148148148,0.11019951850175858,0.02091996558010578,0.029675381258130074,0.9335552453994751,Matryoshka,7,2-level,True,0.01
SPHERICAL,Matryoshka_55,2,75.2511,7.0,4,0.69363953125,0.24518254151680974,0.3654171824455261,0.8148148148148148,0.11019951850175858,0.02091996558010578,0.029675381258130074,0.9335552453994751,Matryoshka,7,2-level,True,0.01
SPHERICAL,Matryoshka_56,0,75.25555,7.0,6,0.69495140625,0.2518341581862924,0.3667072355747223,0.8194444444444444,0.09616202116012573,0.019098250195384026,0.02713984064757824,0.933336615562439,Matryoshka,7,2-level,True,0.1
SPHERICAL,Matryoshka_56,1,75.25555,7.0,6,0.69495140625,0.2518341581862924,0.3667072355747223,0.8194444444444444,0.09616202116012573,0.019098250195384026,0.02713984064757824,0.933336615562439,Matryoshka,7,2-level,True,0.1
SPHERICAL,Matryoshka_56,2,75.25555,7.0,6,0.69495140625,0.2518341581862924,0.3667072355747223,0.8194444444444444,0.09616202116012573,0.019098250195384026,0.02713984064757824,0.933336615562439,Matryoshka,7,2-level,True,0.1
SPHERICAL,Matryoshka_57,0,75.27458,7.0,5,0.67828140625,0.2595491659837037,0.3645278811454773,0.8209876543209876,0.11012064665555954,0.02220941334962845,0.03199141472578049,0.9336978197097778,Matryoshka,7,3-level,True,0.001
SPHERICAL,Matryoshka_57,1,75.27458,7.0,5,0.67828140625,0.2595491659837037,0.3645278811454773,0.8209876543209876,0.11012064665555954,0.02220941334962845,0.03199141472578049,0.9336978197097778,Matryoshka,7,3-level,True,0.001
SPHERICAL,Matryoshka_57,2,75.27458,7.0,5,0.67828140625,0.2595491659837037,0.3645278811454773,0.8209876543209876,0.11012064665555954,0.02220941334962845,0.03199141472578049,0.9336978197097778,Matryoshka,7,3-level,True,0.001
SPHERICAL,Matryoshka_58,0,75.25486,7.0,7,0.682535,0.2560576135781696,0.36425286531448364,0.8148148148148148,0.10761873424053192,0.01991303265094757,0.028474021703004837,0.9334458708763123,Matryoshka,7,3-level,True,0.01
SPHERICAL,Matryoshka_58,1,75.25486,7.0,7,0.682535,0.2560576135781696,0.36425286531448364,0.8148148148148148,0.10761873424053192,0.01991303265094757,0.028474021703004837,0.9334458708763123,Matryoshka,7,3-level,True,0.01
SPHERICAL,Matryoshka_58,2,75.25486,7.0,7,0.682535,0.2560576135781696,0.36425286531448364,0.8148148148148148,0.10761873424053192,0.01991303265094757,0.028474021703004837,0.9334458708763123,Matryoshka,7,3-level,True,0.01
SPHERICAL,Matryoshka_59,0,75.2709,7.0,7,0.68902921875,0.2597402475304843,0.365080326795578,0.8271604938271605,0.10148239135742188,0.019762711599469185,0.028332307934761047,0.9333813786506653,Matryoshka,7,3-level,True,0.1
SPHERICAL,Matryoshka_59,1,75.2709,7.0,7,0.68902921875,0.2597402475304843,0.365080326795578,0.8271604938271605,0.10148239135742188,0.019762711599469185,0.028332307934761047,0.9333813786506653,Matryoshka,7,3-level,True,0.1
SPHERICAL,Matryoshka_59,2,75.2709,7.0,7,0.68902921875,0.2597402475304843,0.365080326795578,0.8271604938271605,0.10148239135742188,0.019762711599469185,0.028332307934761047,0.9333813786506653,Matryoshka,7,3-level,True,0.1
SPHERICAL,Matryoshka_6,0,75.26128,1.0,62,0.22086775390625,0.03865496293314297,0.3932185173034668,0.8518518518518519,0.11156810820102692,0.002655408810824156,0.004901672247797251,0.9406756162643433,Matryoshka,1,4-level,True,0.001
SPHERICAL,Matryoshka_6,1,75.26128,1.0,62,0.22086775390625,0.03865496293314297,0.3932185173034668,0.8518518518518519,0.11156810820102692,0.002655408810824156,0.004901672247797251,0.9406756162643433,Matryoshka,1,4-level,True,0.001
SPHERICAL,Matryoshka_6,2,75.26128,1.0,62,0.22086775390625,0.03865496293314297,0.3932185173034668,0.8518518518518519,0.11156810820102692,0.002655408810824156,0.004901672247797251,0.9406756162643433,Matryoshka,1,4-level,True,0.001
SPHERICAL,Matryoshka_60,0,75.26139,7.0,12,0.68888671875,0.2752102363904587,0.364695280790329,0.8225308641975309,0.11524608731269836,0.020258132368326187,0.028600504621863365,0.9333755970001221,Matryoshka,7,4-level,True,0.001
SPHERICAL,Matryoshka_60,1,75.26139,7.0,12,0.68888671875,0.2752102363904587,0.364695280790329,0.8225308641975309,0.11524608731269836,0.020258132368326187,0.028600504621863365,0.9333755970001221,Matryoshka,7,4-level,True,0.001
SPHERICAL,Matryoshka_60,2,75.26139,7.0,12,0.68888671875,0.2752102363904587,0.364695280790329,0.8225308641975309,0.11524608731269836,0.020258132368326187,0.028600504621863365,0.9333755970001221,Matryoshka,7,4-level,True,0.001
SPHERICAL,Matryoshka_61,0,75.24115,7.0,9,0.694801171875,0.2712165353504796,0.3600861132144928,0.7870370370370371,0.09976888447999954,0.01993485726416111,0.027853747829794884,0.933475136756897,Matryoshka,7,4-level,True,0.01
SPHERICAL,Matryoshka_61,1,75.24115,7.0,9,0.694801171875,0.2712165353504796,0.3600861132144928,0.7870370370370371,0.09976888447999954,0.01993485726416111,0.027853747829794884,0.933475136756897,Matryoshka,7,4-level,True,0.01
SPHERICAL,Matryoshka_61,2,75.24115,7.0,9,0.694801171875,0.2712165353504796,0.3600861132144928,0.7870370370370371,0.09976888447999954,0.01993485726416111,0.027853747829794884,0.933475136756897,Matryoshka,7,4-level,True,0.01
SPHERICAL,Matryoshka_62,0,75.24066,7.0,14,0.69104625,0.2717747846916192,0.3658301830291748,0.808641975308642,0.12009456008672714,0.02327333390712738,0.032211605459451675,0.9338710308074951,Matryoshka,7,4-level,True,0.1
SPHERICAL,Matryoshka_62,1,75.24066,7.0,14,0.69104625,0.2717747846916192,0.3658301830291748,0.808641975308642,0.12009456008672714,0.02327333390712738,0.032211605459451675,0.9338710308074951,Matryoshka,7,4-level,True,0.1
SPHERICAL,Matryoshka_62,2,75.24066,7.0,14,0.69104625,0.2717747846916192,0.3658301830291748,0.808641975308642,0.12009456008672714,0.02327333390712738,0.032211605459451675,0.9338710308074951,Matryoshka,7,4-level,True,0.1
SPHERICAL,Matryoshka_63,0,75.25116,1.0,166,0.22933580078125,0.036611622266477184,0.3727891147136688,0.808641975308642,0.10128641873598099,0.003475301433354616,0.006387209985405207,0.9408387541770935,Matryoshka,1,2-level,False,0.01
SPHERICAL,Matryoshka_63,1,75.25116,1.0,166,0.22933580078125,0.036611622266477184,0.3727891147136688,0.808641975308642,0.10128641873598099,0.003475301433354616,0.006387209985405207,0.9408387541770935,Matryoshka,1,2-level,False,0.01
SPHERICAL,Matryoshka_63,2,75.25116,1.0,166,0.22933580078125,0.036611622266477184,0.3727891147136688,0.808641975308642,0.10128641873598099,0.003475301433354616,0.006387209985405207,0.9408387541770935,Matryoshka,1,2-level,False,0.01
SPHERICAL,Matryoshka_64,0,75.23787,1.0,150,0.234474453125,0.034616821200988857,0.3763801157474518,0.8225308641975309,0.08914031833410263,0.0021510606165975332,0.004009617492556572,0.9406356811523438,Matryoshka,1,3-level,False,0.01
SPHERICAL,Matryoshka_64,1,75.23787,1.0,150,0.234474453125,0.034616821200988857,0.3763801157474518,0.8225308641975309,0.08914031833410263,0.0021510606165975332,0.004009617492556572,0.9406356811523438,Matryoshka,1,3-level,False,0.01
SPHERICAL,Matryoshka_64,2,75.23787,1.0,150,0.234474453125,0.034616821200988857,0.3763801157474518,0.8225308641975309,0.08914031833410263,0.0021510606165975332,0.004009617492556572,0.9406356811523438,Matryoshka,1,3-level,False,0.01
SPHERICAL,Matryoshka_65,0,75.31377,1.0,79,0.22280798828125,0.04488623936343705,0.392441987991333,0.8549382716049383,0.10943040996789932,0.00436465023085475,0.007816961966454983,0.9408819675445557,Matryoshka,1,4-level,False,0.01
SPHERICAL,Matryoshka_65,1,75.31377,1.0,79,0.22280798828125,0.04488623936343705,0.392441987991333,0.8549382716049383,0.10943040996789932,0.00436465023085475,0.007816961966454983,0.9408819675445557,Matryoshka,1,4-level,False,0.01
SPHERICAL,Matryoshka_65,2,75.31377,1.0,79,0.22280798828125,0.04488623936343705,0.392441987991333,0.8549382716049383,0.10943040996789932,0.00436465023085475,0.007816961966454983,0.9408819675445557,Matryoshka,1,4-level,False,0.01
SPHERICAL,Matryoshka_66,0,75.27377,2.0,24,0.525589765625,-0.0005316461927760141,0.3903547525405884,0.8719135802469136,0.11286544799804688,0.006193528883159161,0.010732087306678295,0.9395567178726196,Matryoshka,2,2-level,False,0.01
SPHERICAL,Matryoshka_66,1,75.27377,2.0,24,0.525589765625,-0.0005316461927760141,0.3903547525405884,0.8719135802469136,0.11286544799804688,0.006193528883159161,0.010732087306678295,0.9395567178726196,Matryoshka,2,2-level,False,0.01
SPHERICAL,Matryoshka_66,2,75.27377,2.0,24,0.525589765625,-0.0005316461927760141,0.3903547525405884,0.8719135802469136,0.11286544799804688,0.006193528883159161,0.010732087306678295,0.9395567178726196,Matryoshka,2,2-level,False,0.01
SPHERICAL,Matryoshka_67,0,75.25979,2.0,23,0.4954575,0.02541379244679276,0.3893403112888336,0.8981481481481481,0.12333596497774124,0.00749812601134181,0.013019759207963943,0.9397330284118652,Matryoshka,2,3-level,False,0.01
SPHERICAL,Matryoshka_67,1,75.25979,2.0,23,0.4954575,0.02541379244679276,0.3893403112888336,0.8981481481481481,0.12333596497774124,0.00749812601134181,0.013019759207963943,0.9397330284118652,Matryoshka,2,3-level,False,0.01
SPHERICAL,Matryoshka_67,2,75.25979,2.0,23,0.4954575,0.02541379244679276,0.3893403112888336,0.8981481481481481,0.12333596497774124,0.00749812601134181,0.013019759207963943,0.9397330284118652,Matryoshka,2,3-level,False,0.01
SPHERICAL,Matryoshka_68,0,75.24396,2.0,18,0.491783828125,0.03892630197436486,0.3898716866970062,0.8641975308641975,0.13430048525333405,0.007058085408061743,0.012304332107305527,0.9396839737892151,Matryoshka,2,4-level,False,0.01
SPHERICAL,Matryoshka_68,1,75.24396,2.0,18,0.491783828125,0.03892630197436486,0.3898716866970062,0.8641975308641975,0.13430048525333405,0.007058085408061743,0.012304332107305527,0.9396839737892151,Matryoshka,2,4-level,False,0.01
SPHERICAL,Matryoshka_68,2,75.24396,2.0,18,0.491783828125,0.03892630197436486,0.3898716866970062,0.8641975308641975,0.13430048525333405,0.007058085408061743,0.012304332107305527,0.9396839737892151,Matryoshka,2,4-level,False,0.01
SPHERICAL,Matryoshka_69,0,75.26729,3.0,14,0.576965390625,0.02483951427311326,0.3822336196899414,0.8672839506172839,0.11259078979492188,0.009719787165522575,0.016242675483226776,0.9384283423423767,Matryoshka,3,2-level,False,0.01
SPHERICAL,Matryoshka_69,1,75.26729,3.0,14,0.576965390625,0.02483951427311326,0.3822336196899414,0.8672839506172839,0.11259078979492188,0.009719787165522575,0.016242675483226776,0.9384283423423767,Matryoshka,3,2-level,False,0.01
SPHERICAL,Matryoshka_69,2,75.26729,3.0,14,0.576965390625,0.02483951427311326,0.3822336196899414,0.8672839506172839,0.11259078979492188,0.009719787165522575,0.016242675483226776,0.9384283423423767,Matryoshka,3,2-level,False,0.01
SPHERICAL,Matryoshka_7,0,75.2472,1.0,95,0.2254476953125,0.04309562751114304,0.3841988742351532,0.8364197530864198,0.11959783732891083,0.003084226045757532,0.0057130237109959126,0.9408368468284607,Matryoshka,1,4-level,True,0.01
SPHERICAL,Matryoshka_7,1,75.2472,1.0,95,0.2254476953125,0.04309562751114304,0.3841988742351532,0.8364197530864198,0.11959783732891083,0.003084226045757532,0.0057130237109959126,0.9408368468284607,Matryoshka,1,4-level,True,0.01
SPHERICAL,Matryoshka_7,2,75.2472,1.0,95,0.2254476953125,0.04309562751114304,0.3841988742351532,0.8364197530864198,0.11959783732891083,0.003084226045757532,0.0057130237109959126,0.9408368468284607,Matryoshka,1,4-level,True,0.01
SPHERICAL,Matryoshka_70,0,75.22045,3.0,23,0.470353203125,0.12151604228166868,0.3799186944961548,0.8425925925925926,0.10883256047964096,0.00858811940997839,0.014540232717990875,0.9383283257484436,Matryoshka,3,3-level,False,0.01
SPHERICAL,Matryoshka_70,1,75.22045,3.0,23,0.470353203125,0.12151604228166868,0.3799186944961548,0.8425925925925926,0.10883256047964096,0.00858811940997839,0.014540232717990875,0.9383283257484436,Matryoshka,3,3-level,False,0.01
SPHERICAL,Matryoshka_70,2,75.22045,3.0,23,0.470353203125,0.12151604228166868,0.3799186944961548,0.8425925925925926,0.10883256047964096,0.00858811940997839,0.014540232717990875,0.9383283257484436,Matryoshka,3,3-level,False,0.01
SPHERICAL,Matryoshka_71,0,75.23848,3.0,50,0.478891640625,0.12781515239730012,0.3796406388282776,0.8317901234567902,0.12306730449199677,0.009763294830918312,0.016232164576649666,0.9384236335754395,Matryoshka,3,4-level,False,0.01
SPHERICAL,Matryoshka_71,1,75.23848,3.0,50,0.478891640625,0.12781515239730012,0.3796406388282776,0.8317901234567902,0.12306730449199677,0.009763294830918312,0.016232164576649666,0.9384236335754395,Matryoshka,3,4-level,False,0.01
SPHERICAL,Matryoshka_71,2,75.23848,3.0,50,0.478891640625,0.12781515239730012,0.3796406388282776,0.8317901234567902,0.12306730449199677,0.009763294830918312,0.016232164576649666,0.9384236335754395,Matryoshka,3,4-level,False,0.01
SPHERICAL,Matryoshka_72,0,75.25619,4.0,8,0.550586484375,0.1355208559934512,0.37824663519859314,0.8194444444444444,0.13421671092510223,0.01447018887847662,0.023573510348796844,0.9374561905860901,Matryoshka,4,2-level,False,0.01
SPHERICAL,Matryoshka_72,1,75.25619,4.0,8,0.550586484375,0.1355208559934512,0.37824663519859314,0.8194444444444444,0.13421671092510223,0.01447018887847662,0.023573510348796844,0.9374561905860901,Matryoshka,4,2-level,False,0.01
SPHERICAL,Matryoshka_72,2,75.25619,4.0,8,0.550586484375,0.1355208559934512,0.37824663519859314,0.8194444444444444,0.13421671092510223,0.01447018887847662,0.023573510348796844,0.9374561905860901,Matryoshka,4,2-level,False,0.01
SPHERICAL,Matryoshka_73,0,75.22918,4.0,11,0.55339734375,0.17185529974845104,0.3757948577404022,0.8271604938271605,0.12459123879671097,0.01302055362612009,0.02081012912094593,0.9372831583023071,Matryoshka,4,3-level,False,0.01
SPHERICAL,Matryoshka_73,1,75.22918,4.0,11,0.55339734375,0.17185529974845104,0.3757948577404022,0.8271604938271605,0.12459123879671097,0.01302055362612009,0.02081012912094593,0.9372831583023071,Matryoshka,4,3-level,False,0.01
SPHERICAL,Matryoshka_73,2,75.22918,4.0,11,0.55339734375,0.17185529974845104,0.3757948577404022,0.8271604938271605,0.12459123879671097,0.01302055362612009,0.02081012912094593,0.9372831583023071,Matryoshka,4,3-level,False,0.01
SPHERICAL,Matryoshka_74,0,75.22044,4.0,34,0.536810546875,0.17066463459748582,0.37435606122016907,0.8564814814814815,0.11504897475242615,0.012810963205993176,0.020610088482499123,0.9373440146446228,Matryoshka,4,4-level,False,0.01
SPHERICAL,Matryoshka_74,1,75.22044,4.0,34,0.536810546875,0.17066463459748582,0.37435606122016907,0.8564814814814815,0.11504897475242615,0.012810963205993176,0.020610088482499123,0.9373440146446228,Matryoshka,4,4-level,False,0.01
SPHERICAL,Matryoshka_74,2,75.22044,4.0,34,0.536810546875,0.17066463459748582,0.37435606122016907,0.8564814814814815,0.11504897475242615,0.012810963205993176,0.020610088482499123,0.9373440146446228,Matryoshka,4,4-level,False,0.01
SPHERICAL,Matryoshka_75,0,75.22813,5.0,7,0.6169603125,0.18650781836123986,0.372782438993454,0.8256172839506173,0.1137218251824379,0.01610569655895233,0.024850070476531982,0.9360978603363037,Matryoshka,5,2-level,False,0.01
SPHERICAL,Matryoshka_75,1,75.22813,5.0,7,0.6169603125,0.18650781836123986,0.372782438993454,0.8256172839506173,0.1137218251824379,0.01610569655895233,0.024850070476531982,0.9360978603363037,Matryoshka,5,2-level,False,0.01
SPHERICAL,Matryoshka_75,2,75.22813,5.0,7,0.6169603125,0.18650781836123986,0.372782438993454,0.8256172839506173,0.1137218251824379,0.01610569655895233,0.024850070476531982,0.9360978603363037,Matryoshka,5,2-level,False,0.01
SPHERICAL,Matryoshka_76,0,75.24379,5.0,3,0.6040312109375,0.19982239185315365,0.3718979060649872,0.8317901234567902,0.112123042345047,0.012609925121068954,0.020158052444458008,0.9356733560562134,Matryoshka,5,3-level,False,0.01
SPHERICAL,Matryoshka_76,1,75.24379,5.0,3,0.6040312109375,0.19982239185315365,0.3718979060649872,0.8317901234567902,0.112123042345047,0.012609925121068954,0.020158052444458008,0.9356733560562134,Matryoshka,5,3-level,False,0.01
SPHERICAL,Matryoshka_76,2,75.24379,5.0,3,0.6040312109375,0.19982239185315365,0.3718979060649872,0.8317901234567902,0.112123042345047,0.012609925121068954,0.020158052444458008,0.9356733560562134,Matryoshka,5,3-level,False,0.01
SPHERICAL,Matryoshka_77,0,75.24538,5.0,17,0.6060230078125,0.21196330067196978,0.3704758584499359,0.8395061728395061,0.12425889074802399,0.0157957561314106,0.024106353521347046,0.9360451698303223,Matryoshka,5,4-level,False,0.01
SPHERICAL,Matryoshka_77,1,75.24538,5.0,17,0.6060230078125,0.21196330067196978,0.3704758584499359,0.8395061728395061,0.12425889074802399,0.0157957561314106,0.024106353521347046,0.9360451698303223,Matryoshka,5,4-level,False,0.01
SPHERICAL,Matryoshka_77,2,75.24538,5.0,17,0.6060230078125,0.21196330067196978,0.3704758584499359,0.8395061728395061,0.12425889074802399,0.0157957561314106,0.024106353521347046,0.9360451698303223,Matryoshka,5,4-level,False,0.01
SPHERICAL,Matryoshka_78,0,75.24456,6.0,3,0.65642140625,0.2157025903386769,0.3741909861564636,0.8348765432098766,0.11906097829341888,0.015427730977535248,0.023550977930426598,0.9344337582588196,Matryoshka,6,2-level,False,0.01
SPHERICAL,Matryoshka_78,1,75.24456,6.0,3,0.65642140625,0.2157025903386769,0.3741909861564636,0.8348765432098766,0.11906097829341888,0.015427730977535248,0.023550977930426598,0.9344337582588196,Matryoshka,6,2-level,False,0.01
SPHERICAL,Matryoshka_78,2,75.24456,6.0,3,0.65642140625,0.2157025903386769,0.3741909861564636,0.8348765432098766,0.11906097829341888,0.015427730977535248,0.023550977930426598,0.9344337582588196,Matryoshka,6,2-level,False,0.01
SPHERICAL,Matryoshka_79,0,75.2618,6.0,5,0.64970515625,0.23872692623721103,0.36778923869132996,0.8287037037037037,0.10486984252929688,0.01597888208925724,0.02350381389260292,0.9345002174377441,Matryoshka,6,3-level,False,0.01
SPHERICAL,Matryoshka_79,1,75.2618,6.0,5,0.64970515625,0.23872692623721103,0.36778923869132996,0.8287037037037037,0.10486984252929688,0.01597888208925724,0.02350381389260292,0.9345002174377441,Matryoshka,6,3-level,False,0.01
SPHERICAL,Matryoshka_79,2,75.2618,6.0,5,0.64970515625,0.23872692623721103,0.36778923869132996,0.8287037037037037,0.10486984252929688,0.01597888208925724,0.02350381389260292,0.9345002174377441,Matryoshka,6,3-level,False,0.01
SPHERICAL,Matryoshka_8,0,75.24772,1.0,114,0.22404703125,0.036096851180227096,0.3805822730064392,0.8379629629629629,0.09776650369167328,0.0029618171975016594,0.005381415132433176,0.9407134652137756,Matryoshka,1,4-level,True,0.1
SPHERICAL,Matryoshka_8,1,75.24772,1.0,114,0.22404703125,0.036096851180227096,0.3805822730064392,0.8379629629629629,0.09776650369167328,0.0029618171975016594,0.005381415132433176,0.9407134652137756,Matryoshka,1,4-level,True,0.1
SPHERICAL,Matryoshka_8,2,75.24772,1.0,114,0.22404703125,0.036096851180227096,0.3805822730064392,0.8379629629629629,0.09776650369167328,0.0029618171975016594,0.005381415132433176,0.9407134652137756,Matryoshka,1,4-level,True,0.1
SPHERICAL,Matryoshka_80,0,75.21968,6.0,14,0.652766640625,0.2404129318312057,0.3654751479625702,0.7962962962962963,0.12026991695165634,0.021032258868217468,0.030019573867321014,0.9351367950439453,Matryoshka,6,4-level,False,0.01
SPHERICAL,Matryoshka_80,1,75.21968,6.0,14,0.652766640625,0.2404129318312057,0.3654751479625702,0.7962962962962963,0.12026991695165634,0.021032258868217468,0.030019573867321014,0.9351367950439453,Matryoshka,6,4-level,False,0.01
SPHERICAL,Matryoshka_80,2,75.21968,6.0,14,0.652766640625,0.2404129318312057,0.3654751479625702,0.7962962962962963,0.12026991695165634,0.021032258868217468,0.030019573867321014,0.9351367950439453,Matryoshka,6,4-level,False,0.01
SPHERICAL,Matryoshka_81,0,75.24057,7.0,11,0.6832965625,0.24537850482869428,0.3655100166797638,0.7901234567901234,0.1165202334523201,0.020046906545758247,0.028983771800994873,0.9334406852722168,Matryoshka,7,2-level,False,0.01
SPHERICAL,Matryoshka_81,1,75.24057,7.0,11,0.6832965625,0.24537850482869428,0.3655100166797638,0.7901234567901234,0.1165202334523201,0.020046906545758247,0.028983771800994873,0.9334406852722168,Matryoshka,7,2-level,False,0.01
SPHERICAL,Matryoshka_81,2,75.24057,7.0,11,0.6832965625,0.24537850482869428,0.3655100166797638,0.7901234567901234,0.1165202334523201,0.020046906545758247,0.028983771800994873,0.9334406852722168,Matryoshka,7,2-level,False,0.01
SPHERICAL,Matryoshka_82,0,75.23668,7.0,7,0.68265078125,0.2660179628076075,0.3621653616428375,0.8256172839506173,0.1030755564570427,0.018048536032438278,0.02610226906836033,0.9331936240196228,Matryoshka,7,3-level,False,0.01
SPHERICAL,Matryoshka_82,1,75.23668,7.0,7,0.68265078125,0.2660179628076075,0.3621653616428375,0.8256172839506173,0.1030755564570427,0.018048536032438278,0.02610226906836033,0.9331936240196228,Matryoshka,7,3-level,False,0.01
SPHERICAL,Matryoshka_82,2,75.23668,7.0,7,0.68265078125,0.2660179628076075,0.3621653616428375,0.8256172839506173,0.1030755564570427,0.018048536032438278,0.02610226906836033,0.9331936240196228,Matryoshka,7,3-level,False,0.01
SPHERICAL,Matryoshka_83,0,75.27143,7.0,13,0.67418609375,0.26897705607593436,0.36246025562286377,0.8117283950617284,0.11267340928316116,0.020748471841216087,0.029202239587903023,0.9335505962371826,Matryoshka,7,4-level,False,0.01
SPHERICAL,Matryoshka_83,1,75.27143,7.0,13,0.67418609375,0.26897705607593436,0.36246025562286377,0.8117283950617284,0.11267340928316116,0.020748471841216087,0.029202239587903023,0.9335505962371826,Matryoshka,7,4-level,False,0.01
SPHERICAL,Matryoshka_83,2,75.27143,7.0,13,0.67418609375,0.26897705607593436,0.36246025562286377,0.8117283950617284,0.11267340928316116,0.020748471841216087,0.029202239587903023,0.9335505962371826,Matryoshka,7,4-level,False,0.01
SPHERICAL,Matryoshka_9,0,75.23631,2.0,63,0.382545234375,0.04964356659366942,0.3828243315219879,0.845679012345679,0.12643900513648987,0.0063773938454687595,0.011193354614078999,0.9395729303359985,Matryoshka,2,2-level,True,0.001
SPHERICAL,Matryoshka_9,1,75.23631,2.0,63,0.382545234375,0.04964356659366942,0.3828243315219879,0.845679012345679,0.12643900513648987,0.0063773938454687595,0.011193354614078999,0.9395729303359985,Matryoshka,2,2-level,True,0.001
SPHERICAL,Matryoshka_9,2,75.23631,2.0,63,0.382545234375,0.04964356659366942,0.3828243315219879,0.845679012345679,0.12643900513648987,0.0063773938454687595,0.011193354614078999,0.9395729303359985,Matryoshka,2,2-level,True,0.001
TORUS,Matryoshka_0,0,1.56074,1.0,85,0.5171862039759997,0.5035678443227849,0.7041778564453125,0.9259259259259259,0.37936484813690186,0.4479615390300751,0.3736211657524109,0.9983324408531189,Matryoshka,1,2-level,True,0.001
TORUS,Matryoshka_0,1,1.56074,1.0,85,0.5171862039759997,0.5035678443227849,0.7041778564453125,0.9259259259259259,0.37936484813690186,0.4479615390300751,0.3736211657524109,0.9983324408531189,Matryoshka,1,2-level,True,0.001
TORUS,Matryoshka_0,2,1.56074,1.0,85,0.5171862039759997,0.5035678443227849,0.7041778564453125,0.9259259259259259,0.37936484813690186,0.4479615390300751,0.3736211657524109,0.9983324408531189,Matryoshka,1,2-level,True,0.001
TORUS,Matryoshka_1,0,1.5592,1.0,116,0.5160121612139463,0.49667828797705493,0.6801815032958984,0.9027777777777778,0.34154561161994934,0.42686232924461365,0.34893831610679626,0.9982825517654419,Matryoshka,1,2-level,True,0.01
TORUS,Matryoshka_1,1,1.5592,1.0,116,0.5160121612139463,0.49667828797705493,0.6801815032958984,0.9027777777777778,0.34154561161994934,0.42686232924461365,0.34893831610679626,0.9982825517654419,Matryoshka,1,2-level,True,0.01
TORUS,Matryoshka_1,2,1.5592,1.0,116,0.5160121612139463,0.49667828797705493,0.6801815032958984,0.9027777777777778,0.34154561161994934,0.42686232924461365,0.34893831610679626,0.9982825517654419,Matryoshka,1,2-level,True,0.01
TORUS,Matryoshka_10,0,1.56161,2.0,1,0.5875186232207843,0.6039856551751623,0.8466327786445618,0.9969135802469136,0.5505935549736023,0.578522264957428,0.5402964949607849,0.9971047043800354,Matryoshka,2,2-level,True,0.01
TORUS,Matryoshka_10,1,1.56161,2.0,1,0.5875186232207843,0.6039856551751623,0.8466327786445618,0.9969135802469136,0.5505935549736023,0.578522264957428,0.5402964949607849,0.9971047043800354,Matryoshka,2,2-level,True,0.01
TORUS,Matryoshka_10,2,1.56161,2.0,1,0.5875186232207843,0.6039856551751623,0.8466327786445618,0.9969135802469136,0.5505935549736023,0.578522264957428,0.5402964949607849,0.9971047043800354,Matryoshka,2,2-level,True,0.01
TORUS,Matryoshka_11,0,1.56358,2.0,0,0.6040656647274294,0.606090120834737,0.8427440524101257,1.0,0.550439178943634,0.5785070061683655,0.5408543348312378,0.9971032738685608,Matryoshka,2,2-level,True,0.1
TORUS,Matryoshka_11,1,1.56358,2.0,0,0.6040656647274294,0.606090120834737,0.8427440524101257,1.0,0.550439178943634,0.5785070061683655,0.5408543348312378,0.9971032738685608,Matryoshka,2,2-level,True,0.1
TORUS,Matryoshka_11,2,1.56358,2.0,0,0.6040656647274294,0.606090120834737,0.8427440524101257,1.0,0.550439178943634,0.5785070061683655,0.5408543348312378,0.9971032738685608,Matryoshka,2,2-level,True,0.1
TORUS,Matryoshka_12,0,1.56009,2.0,2,0.61623468001705,0.6005386387906901,0.8469452857971191,0.9969135802469136,0.5512175559997559,0.5811389088630676,0.5424206256866455,0.9971089363098145,Matryoshka,2,3-level,True,0.001
TORUS,Matryoshka_12,1,1.56009,2.0,2,0.61623468001705,0.6005386387906901,0.8469452857971191,0.9969135802469136,0.5512175559997559,0.5811389088630676,0.5424206256866455,0.9971089363098145,Matryoshka,2,3-level,True,0.001
TORUS,Matryoshka_12,2,1.56009,2.0,2,0.61623468001705,0.6005386387906901,0.8469452857971191,0.9969135802469136,0.5512175559997559,0.5811389088630676,0.5424206256866455,0.9971089363098145,Matryoshka,2,3-level,True,0.001
TORUS,Matryoshka_13,0,1.56459,2.0,0,0.5947848021679488,0.6030907879085666,0.850633442401886,0.9984567901234568,0.5592936873435974,0.5835080742835999,0.5467085838317871,0.9971168637275696,Matryoshka,2,3-level,True,0.01
TORUS,Matryoshka_13,1,1.56459,2.0,0,0.5947848021679488,0.6030907879085666,0.850633442401886,0.9984567901234568,0.5592936873435974,0.5835080742835999,0.5467085838317871,0.9971168637275696,Matryoshka,2,3-level,True,0.01
TORUS,Matryoshka_13,2,1.56459,2.0,0,0.5947848021679488,0.6030907879085666,0.850633442401886,0.9984567901234568,0.5592936873435974,0.5835080742835999,0.5467085838317871,0.9971168637275696,Matryoshka,2,3-level,True,0.01
TORUS,Matryoshka_14,0,1.55881,2.0,0,0.5896515564852655,0.6030879955214664,0.8485568761825562,0.9984567901234568,0.5526949763298035,0.5786593556404114,0.5415560007095337,0.9971027970314026,Matryoshka,2,3-level,True,0.1
TORUS,Matryoshka_14,1,1.55881,2.0,0,0.5896515564852655,0.6030879955214664,0.8485568761825562,0.9984567901234568,0.5526949763298035,0.5786593556404114,0.5415560007095337,0.9971027970314026,Matryoshka,2,3-level,True,0.1
TORUS,Matryoshka_14,2,1.55881,2.0,0,0.5896515564852655,0.6030879955214664,0.8485568761825562,0.9984567901234568,0.5526949763298035,0.5786593556404114,0.5415560007095337,0.9971027970314026,Matryoshka,2,3-level,True,0.1
TORUS,Matryoshka_15,0,1.55969,2.0,1,0.5793551492143211,0.6405047440109646,0.7980716228485107,0.9799382716049383,0.4253385663032532,0.6345224976539612,0.4681658446788788,0.9972376823425293,Matryoshka,2,4-level,True,0.001
TORUS,Matryoshka_15,1,1.55969,2.0,1,0.5793551492143211,0.6405047440109646,0.7980716228485107,0.9799382716049383,0.4253385663032532,0.6345224976539612,0.4681658446788788,0.9972376823425293,Matryoshka,2,4-level,True,0.001
TORUS,Matryoshka_15,2,1.55969,2.0,1,0.5793551492143211,0.6405047440109646,0.7980716228485107,0.9799382716049383,0.4253385663032532,0.6345224976539612,0.4681658446788788,0.9972376823425293,Matryoshka,2,4-level,True,0.001
TORUS,Matryoshka_16,0,1.56145,2.0,0,0.5990447570298012,0.6383681829503212,0.8303616642951965,0.9984567901234568,0.3969298005104065,0.6622243523597717,0.4586286246776581,0.9973069429397583,Matryoshka,2,4-level,True,0.01
TORUS,Matryoshka_16,1,1.56145,2.0,0,0.5990447570298012,0.6383681829503212,0.8303616642951965,0.9984567901234568,0.3969298005104065,0.6622243523597717,0.4586286246776581,0.9973069429397583,Matryoshka,2,4-level,True,0.01
TORUS,Matryoshka_16,2,1.56145,2.0,0,0.5990447570298012,0.6383681829503212,0.8303616642951965,0.9984567901234568,0.3969298005104065,0.6622243523597717,0.4586286246776581,0.9973069429397583,Matryoshka,2,4-level,True,0.01
TORUS,Matryoshka_17,0,1.5604,2.0,1,0.6123497090293966,0.6036727381028535,0.8494343757629395,0.9969135802469136,0.5561129450798035,0.586181640625,0.5464075803756714,0.9971227049827576,Matryoshka,2,4-level,True,0.1
TORUS,Matryoshka_17,1,1.5604,2.0,1,0.6123497090293966,0.6036727381028535,0.8494343757629395,0.9969135802469136,0.5561129450798035,0.586181640625,0.5464075803756714,0.9971227049827576,Matryoshka,2,4-level,True,0.1
TORUS,Matryoshka_17,2,1.5604,2.0,1,0.6123497090293966,0.6036727381028535,0.8494343757629395,0.9969135802469136,0.5561129450798035,0.586181640625,0.5464075803756714,0.9971227049827576,Matryoshka,2,4-level,True,0.1
TORUS,Matryoshka_18,0,1.55864,3.0,0,0.5965786783225646,0.65526635543837,0.7975356578826904,0.9876543209876543,0.3865610361099243,0.6258032321929932,0.436601847410202,0.9956731796264648,Matryoshka,3,2-level,True,0.001
TORUS,Matryoshka_18,1,1.55864,3.0,0,0.5965786783225646,0.65526635543837,0.7975356578826904,0.9876543209876543,0.3865610361099243,0.6258032321929932,0.436601847410202,0.9956731796264648,Matryoshka,3,2-level,True,0.001
TORUS,Matryoshka_18,2,1.55864,3.0,0,0.5965786783225646,0.65526635543837,0.7975356578826904,0.9876543209876543,0.3865610361099243,0.6258032321929932,0.436601847410202,0.9956731796264648,Matryoshka,3,2-level,True,0.001
TORUS,Matryoshka_19,0,1.56217,3.0,0,0.592417063605325,0.6554133673687704,0.8020076155662537,0.9830246913580247,0.3967222571372986,0.6323871612548828,0.4438724219799042,0.9956884384155273,Matryoshka,3,2-level,True,0.01
TORUS,Matryoshka_19,1,1.56217,3.0,0,0.592417063605325,0.6554133673687704,0.8020076155662537,0.9830246913580247,0.3967222571372986,0.6323871612548828,0.4438724219799042,0.9956884384155273,Matryoshka,3,2-level,True,0.01
TORUS,Matryoshka_19,2,1.56217,3.0,0,0.592417063605325,0.6554133673687704,0.8020076155662537,0.9830246913580247,0.3967222571372986,0.6323871612548828,0.4438724219799042,0.9956884384155273,Matryoshka,3,2-level,True,0.01
TORUS,Matryoshka_2,0,1.56365,1.0,148,0.4942156497080811,0.49407832987668276,0.6749332547187805,0.904320987654321,0.3327687084674835,0.4233764708042145,0.34754323959350586,0.9982746243476868,Matryoshka,1,2-level,True,0.1
TORUS,Matryoshka_2,1,1.56365,1.0,148,0.4942156497080811,0.49407832987668276,0.6749332547187805,0.904320987654321,0.3327687084674835,0.4233764708042145,0.34754323959350586,0.9982746243476868,Matryoshka,1,2-level,True,0.1
TORUS,Matryoshka_2,2,1.56365,1.0,148,0.4942156497080811,0.49407832987668276,0.6749332547187805,0.904320987654321,0.3327687084674835,0.4233764708042145,0.34754323959350586,0.9982746243476868,Matryoshka,1,2-level,True,0.1
TORUS,Matryoshka_20,0,1.56105,3.0,24,0.550445723719662,0.6413766931740835,0.698000431060791,0.9444444444444444,0.3046484589576721,0.5733447074890137,0.34360912442207336,0.9955452680587769,Matryoshka,3,2-level,True,0.1
TORUS,Matryoshka_20,1,1.56105,3.0,24,0.550445723719662,0.6413766931740835,0.698000431060791,0.9444444444444444,0.3046484589576721,0.5733447074890137,0.34360912442207336,0.9955452680587769,Matryoshka,3,2-level,True,0.1
TORUS,Matryoshka_20,2,1.56105,3.0,24,0.550445723719662,0.6413766931740835,0.698000431060791,0.9444444444444444,0.3046484589576721,0.5733447074890137,0.34360912442207336,0.9955452680587769,Matryoshka,3,2-level,True,0.1
TORUS,Matryoshka_21,0,1.5592,3.0,3,0.5795708113314295,0.6663526540679285,0.7554630637168884,0.9567901234567902,0.3560252785682678,0.6341927647590637,0.415939599275589,0.995694637298584,Matryoshka,3,3-level,True,0.001
TORUS,Matryoshka_21,1,1.5592,3.0,3,0.5795708113314295,0.6663526540679285,0.7554630637168884,0.9567901234567902,0.3560252785682678,0.6341927647590637,0.415939599275589,0.995694637298584,Matryoshka,3,3-level,True,0.001
TORUS,Matryoshka_21,2,1.5592,3.0,3,0.5795708113314295,0.6663526540679285,0.7554630637168884,0.9567901234567902,0.3560252785682678,0.6341927647590637,0.415939599275589,0.995694637298584,Matryoshka,3,3-level,True,0.001
TORUS,Matryoshka_22,0,1.56199,3.0,0,0.590131333666832,0.6691044849271198,0.7917936444282532,0.9783950617283951,0.34972241520881653,0.6570013165473938,0.41481027007102966,0.9957520365715027,Matryoshka,3,3-level,True,0.01
TORUS,Matryoshka_22,1,1.56199,3.0,0,0.590131333666832,0.6691044849271198,0.7917936444282532,0.9783950617283951,0.34972241520881653,0.6570013165473938,0.41481027007102966,0.9957520365715027,Matryoshka,3,3-level,True,0.01
TORUS,Matryoshka_22,2,1.56199,3.0,0,0.590131333666832,0.6691044849271198,0.7917936444282532,0.9783950617283951,0.34972241520881653,0.6570013165473938,0.41481027007102966,0.9957520365715027,Matryoshka,3,3-level,True,0.01
TORUS,Matryoshka_23,0,1.56352,3.0,0,0.6093728967446318,0.6674328471686651,0.7862048745155334,0.9753086419753086,0.35442259907722473,0.6588757038116455,0.4131428301334381,0.9957570433616638,Matryoshka,3,3-level,True,0.1
TORUS,Matryoshka_23,1,1.56352,3.0,0,0.6093728967446318,0.6674328471686651,0.7862048745155334,0.9753086419753086,0.35442259907722473,0.6588757038116455,0.4131428301334381,0.9957570433616638,Matryoshka,3,3-level,True,0.1
TORUS,Matryoshka_23,2,1.56352,3.0,0,0.6093728967446318,0.6674328471686651,0.7862048745155334,0.9753086419753086,0.35442259907722473,0.6588757038116455,0.4131428301334381,0.9957570433616638,Matryoshka,3,3-level,True,0.1
TORUS,Matryoshka_24,0,1.56397,3.0,1,0.5845990747620278,0.6654639287703221,0.7549323439598083,0.9598765432098766,0.3585197925567627,0.6438261270523071,0.41889581084251404,0.9957184195518494,Matryoshka,3,4-level,True,0.001
TORUS,Matryoshka_24,1,1.56397,3.0,1,0.5845990747620278,0.6654639287703221,0.7549323439598083,0.9598765432098766,0.3585197925567627,0.6438261270523071,0.41889581084251404,0.9957184195518494,Matryoshka,3,4-level,True,0.001
TORUS,Matryoshka_24,2,1.56397,3.0,1,0.5845990747620278,0.6654639287703221,0.7549323439598083,0.9598765432098766,0.3585197925567627,0.6438261270523071,0.41889581084251404,0.9957184195518494,Matryoshka,3,4-level,True,0.001
TORUS,Matryoshka_25,0,1.56429,3.0,2,0.5920149632728838,0.6643218149493157,0.7567930817604065,0.9691358024691358,0.3648252487182617,0.644863486289978,0.42275747656822205,0.995721161365509,Matryoshka,3,4-level,True,0.01
TORUS,Matryoshka_25,1,1.56429,3.0,2,0.5920149632728838,0.6643218149493157,0.7567930817604065,0.9691358024691358,0.3648252487182617,0.644863486289978,0.42275747656822205,0.995721161365509,Matryoshka,3,4-level,True,0.01
TORUS,Matryoshka_25,2,1.56429,3.0,2,0.5920149632728838,0.6643218149493157,0.7567930817604065,0.9691358024691358,0.3648252487182617,0.644863486289978,0.42275747656822205,0.995721161365509,Matryoshka,3,4-level,True,0.01
TORUS,Matryoshka_26,0,1.56401,3.0,1,0.6028930299979542,0.6645486953451277,0.758968710899353,0.9691358024691358,0.3608386516571045,0.6486785411834717,0.42060691118240356,0.9957283735275269,Matryoshka,3,4-level,True,0.1
TORUS,Matryoshka_26,1,1.56401,3.0,1,0.6028930299979542,0.6645486953451277,0.758968710899353,0.9691358024691358,0.3608386516571045,0.6486785411834717,0.42060691118240356,0.9957283735275269,Matryoshka,3,4-level,True,0.1
TORUS,Matryoshka_26,2,1.56401,3.0,1,0.6028930299979542,0.6645486953451277,0.758968710899353,0.9691358024691358,0.3608386516571045,0.6486785411834717,0.42060691118240356,0.9957283735275269,Matryoshka,3,4-level,True,0.1
TORUS,Matryoshka_27,0,1.56082,4.0,0,0.5979110585477505,0.6829987553464512,0.7768046855926514,0.9722222222222222,0.33188435435295105,0.6461019515991211,0.39980340003967285,0.9941796064376831,Matryoshka,4,2-level,True,0.001
TORUS,Matryoshka_27,1,1.56082,4.0,0,0.5979110585477505,0.6829987553464512,0.7768046855926514,0.9722222222222222,0.33188435435295105,0.6461019515991211,0.39980340003967285,0.9941796064376831,Matryoshka,4,2-level,True,0.001
TORUS,Matryoshka_27,2,1.56082,4.0,0,0.5979110585477505,0.6829987553464512,0.7768046855926514,0.9722222222222222,0.33188435435295105,0.6461019515991211,0.39980340003967285,0.9941796064376831,Matryoshka,4,2-level,True,0.001
TORUS,Matryoshka_28,0,1.56108,4.0,0,0.6186178123213111,0.698557416856421,0.7663146257400513,0.9753086419753086,0.29552948474884033,0.6643421649932861,0.3745286762714386,0.9942246675491333,Matryoshka,4,2-level,True,0.01
TORUS,Matryoshka_28,1,1.56108,4.0,0,0.6186178123213111,0.698557416856421,0.7663146257400513,0.9753086419753086,0.29552948474884033,0.6643421649932861,0.3745286762714386,0.9942246675491333,Matryoshka,4,2-level,True,0.01
TORUS,Matryoshka_28,2,1.56108,4.0,0,0.6186178123213111,0.698557416856421,0.7663146257400513,0.9753086419753086,0.29552948474884033,0.6643421649932861,0.3745286762714386,0.9942246675491333,Matryoshka,4,2-level,True,0.01
TORUS,Matryoshka_29,0,1.5639,4.0,1,0.5872308880987258,0.6933882571370729,0.7413531541824341,0.9552469135802469,0.31615206599235535,0.6519673466682434,0.3821028769016266,0.9941926002502441,Matryoshka,4,2-level,True,0.1
TORUS,Matryoshka_29,1,1.5639,4.0,1,0.5872308880987258,0.6933882571370729,0.7413531541824341,0.9552469135802469,0.31615206599235535,0.6519673466682434,0.3821028769016266,0.9941926002502441,Matryoshka,4,2-level,True,0.1
TORUS,Matryoshka_29,2,1.5639,4.0,1,0.5872308880987258,0.6933882571370729,0.7413531541824341,0.9552469135802469,0.31615206599235535,0.6519673466682434,0.3821028769016266,0.9941926002502441,Matryoshka,4,2-level,True,0.1
TORUS,Matryoshka_3,0,1.56411,1.0,124,0.49116009951333484,0.5008607516025934,0.6943081617355347,0.9135802469135802,0.3603127896785736,0.4432260990142822,0.36866748332977295,0.9983218908309937,Matryoshka,1,3-level,True,0.001
TORUS,Matryoshka_3,1,1.56411,1.0,124,0.49116009951333484,0.5008607516025934,0.6943081617355347,0.9135802469135802,0.3603127896785736,0.4432260990142822,0.36866748332977295,0.9983218908309937,Matryoshka,1,3-level,True,0.001
TORUS,Matryoshka_3,2,1.56411,1.0,124,0.49116009951333484,0.5008607516025934,0.6943081617355347,0.9135802469135802,0.3603127896785736,0.4432260990142822,0.36866748332977295,0.9983218908309937,Matryoshka,1,3-level,True,0.001
TORUS,Matryoshka_30,0,1.56018,4.0,1,0.6030914077145597,0.6892985967156695,0.7421953082084656,0.9521604938271605,0.3311174809932709,0.6436300277709961,0.4021816551685333,0.994171679019928,Matryoshka,4,3-level,True,0.001
TORUS,Matryoshka_30,1,1.56018,4.0,1,0.6030914077145597,0.6892985967156695,0.7421953082084656,0.9521604938271605,0.3311174809932709,0.6436300277709961,0.4021816551685333,0.994171679019928,Matryoshka,4,3-level,True,0.001
TORUS,Matryoshka_30,2,1.56018,4.0,1,0.6030914077145597,0.6892985967156695,0.7421953082084656,0.9521604938271605,0.3311174809932709,0.6436300277709961,0.4021816551685333,0.994171679019928,Matryoshka,4,3-level,True,0.001
TORUS,Matryoshka_31,0,1.55801,4.0,1,0.6087739866030979,0.6888967898909012,0.7454280853271484,0.9645061728395061,0.3159424364566803,0.6428723931312561,0.3921779692173004,0.9941719770431519,Matryoshka,4,3-level,True,0.01
TORUS,Matryoshka_31,1,1.55801,4.0,1,0.6087739866030979,0.6888967898909012,0.7454280853271484,0.9645061728395061,0.3159424364566803,0.6428723931312561,0.3921779692173004,0.9941719770431519,Matryoshka,4,3-level,True,0.01
TORUS,Matryoshka_31,2,1.55801,4.0,1,0.6087739866030979,0.6888967898909012,0.7454280853271484,0.9645061728395061,0.3159424364566803,0.6428723931312561,0.3921779692173004,0.9941719770431519,Matryoshka,4,3-level,True,0.01
TORUS,Matryoshka_32,0,1.55994,4.0,0,0.6017656170710114,0.6890461334537568,0.7443914413452148,0.9567901234567902,0.3280419707298279,0.6444136500358582,0.39806997776031494,0.9941750764846802,Matryoshka,4,3-level,True,0.1
TORUS,Matryoshka_32,1,1.55994,4.0,0,0.6017656170710114,0.6890461334537568,0.7443914413452148,0.9567901234567902,0.3280419707298279,0.6444136500358582,0.39806997776031494,0.9941750764846802,Matryoshka,4,3-level,True,0.1
TORUS,Matryoshka_32,2,1.55994,4.0,0,0.6017656170710114,0.6890461334537568,0.7443914413452148,0.9567901234567902,0.3280419707298279,0.6444136500358582,0.39806997776031494,0.9941750764846802,Matryoshka,4,3-level,True,0.1
TORUS,Matryoshka_33,0,1.55929,4.0,0,0.6006606530065831,0.6834806086117461,0.7388574481010437,0.9567901234567902,0.3451044261455536,0.6576799750328064,0.40795794129371643,0.9942073225975037,Matryoshka,4,4-level,True,0.001
TORUS,Matryoshka_33,1,1.55929,4.0,0,0.6006606530065831,0.6834806086117461,0.7388574481010437,0.9567901234567902,0.3451044261455536,0.6576799750328064,0.40795794129371643,0.9942073225975037,Matryoshka,4,4-level,True,0.001
TORUS,Matryoshka_33,2,1.55929,4.0,0,0.6006606530065831,0.6834806086117461,0.7388574481010437,0.9567901234567902,0.3451044261455536,0.6576799750328064,0.40795794129371643,0.9942073225975037,Matryoshka,4,4-level,True,0.001
TORUS,Matryoshka_34,0,1.55945,4.0,0,0.6022413950692901,0.6858795319428794,0.7302579283714294,0.9629629629629629,0.33333855867385864,0.6538926959037781,0.39918097853660583,0.9942006468772888,Matryoshka,4,4-level,True,0.01
TORUS,Matryoshka_34,1,1.55945,4.0,0,0.6022413950692901,0.6858795319428794,0.7302579283714294,0.9629629629629629,0.33333855867385864,0.6538926959037781,0.39918097853660583,0.9942006468772888,Matryoshka,4,4-level,True,0.01
TORUS,Matryoshka_34,2,1.55945,4.0,0,0.6022413950692901,0.6858795319428794,0.7302579283714294,0.9629629629629629,0.33333855867385864,0.6538926959037781,0.39918097853660583,0.9942006468772888,Matryoshka,4,4-level,True,0.01
TORUS,Matryoshka_35,0,1.56308,4.0,0,0.6104984864269716,0.684041863411204,0.7345337867736816,0.9583333333333334,0.3256312310695648,0.6480075716972351,0.39460423588752747,0.9941878318786621,Matryoshka,4,4-level,True,0.1
TORUS,Matryoshka_35,1,1.56308,4.0,0,0.6104984864269716,0.684041863411204,0.7345337867736816,0.9583333333333334,0.3256312310695648,0.6480075716972351,0.39460423588752747,0.9941878318786621,Matryoshka,4,4-level,True,0.1
TORUS,Matryoshka_35,2,1.56308,4.0,0,0.6104984864269716,0.684041863411204,0.7345337867736816,0.9583333333333334,0.3256312310695648,0.6480075716972351,0.39460423588752747,0.9941878318786621,Matryoshka,4,4-level,True,0.1
TORUS,Matryoshka_36,0,1.56347,5.0,0,0.599979688997663,0.7142387511232275,0.7310601472854614,0.9583333333333334,0.2977241277694702,0.6608543992042542,0.37390586733818054,0.9926725625991821,Matryoshka,5,2-level,True,0.001
TORUS,Matryoshka_36,1,1.56347,5.0,0,0.599979688997663,0.7142387511232275,0.7310601472854614,0.9583333333333334,0.2977241277694702,0.6608543992042542,0.37390586733818054,0.9926725625991821,Matryoshka,5,2-level,True,0.001
TORUS,Matryoshka_36,2,1.56347,5.0,0,0.599979688997663,0.7142387511232275,0.7310601472854614,0.9583333333333334,0.2977241277694702,0.6608543992042542,0.37390586733818054,0.9926725625991821,Matryoshka,5,2-level,True,0.001
TORUS,Matryoshka_37,0,1.56471,5.0,4,0.596816202114033,0.7112403669120984,0.7236313819885254,0.933641975308642,0.2896806597709656,0.6405643224716187,0.3635348677635193,0.9926260709762573,Matryoshka,5,2-level,True,0.01
TORUS,Matryoshka_37,1,1.56471,5.0,4,0.596816202114033,0.7112403669120984,0.7236313819885254,0.933641975308642,0.2896806597709656,0.6405643224716187,0.3635348677635193,0.9926260709762573,Matryoshka,5,2-level,True,0.01
TORUS,Matryoshka_37,2,1.56471,5.0,4,0.596816202114033,0.7112403669120984,0.7236313819885254,0.933641975308642,0.2896806597709656,0.6405643224716187,0.3635348677635193,0.9926260709762573,Matryoshka,5,2-level,True,0.01
TORUS,Matryoshka_38,0,1.56162,5.0,0,0.6028311850815349,0.7149765969963515,0.7401211261749268,0.9598765432098766,0.29952704906463623,0.6646389961242676,0.37801384925842285,0.9926819801330566,Matryoshka,5,2-level,True,0.1
TORUS,Matryoshka_38,1,1.56162,5.0,0,0.6028311850815349,0.7149765969963515,0.7401211261749268,0.9598765432098766,0.29952704906463623,0.6646389961242676,0.37801384925842285,0.9926819801330566,Matryoshka,5,2-level,True,0.1
TORUS,Matryoshka_38,2,1.56162,5.0,0,0.6028311850815349,0.7149765969963515,0.7401211261749268,0.9598765432098766,0.29952704906463623,0.6646389961242676,0.37801384925842285,0.9926819801330566,Matryoshka,5,2-level,True,0.1
TORUS,Matryoshka_39,0,1.56027,5.0,0,0.6276288389313677,0.7060131232468225,0.7171711921691895,0.9382716049382716,0.3061455488204956,0.6296291351318359,0.3806611895561218,0.9925957322120667,Matryoshka,5,3-level,True,0.001
TORUS,Matryoshka_39,1,1.56027,5.0,0,0.6276288389313677,0.7060131232468225,0.7171711921691895,0.9382716049382716,0.3061455488204956,0.6296291351318359,0.3806611895561218,0.9925957322120667,Matryoshka,5,3-level,True,0.001
TORUS,Matryoshka_39,2,1.56027,5.0,0,0.6276288389313677,0.7060131232468225,0.7171711921691895,0.9382716049382716,0.3061455488204956,0.6296291351318359,0.3806611895561218,0.9925957322120667,Matryoshka,5,3-level,True,0.001
TORUS,Matryoshka_4,0,1.56201,1.0,27,0.5510329065673153,0.5716509619421037,0.8166064023971558,0.9783950617283951,0.5144724249839783,0.5509656071662903,0.5067856311798096,0.9985812306404114,Matryoshka,1,3-level,True,0.01
TORUS,Matryoshka_4,1,1.56201,1.0,27,0.5510329065673153,0.5716509619421037,0.8166064023971558,0.9783950617283951,0.5144724249839783,0.5509656071662903,0.5067856311798096,0.9985812306404114,Matryoshka,1,3-level,True,0.01
TORUS,Matryoshka_4,2,1.56201,1.0,27,0.5510329065673153,0.5716509619421037,0.8166064023971558,0.9783950617283951,0.5144724249839783,0.5509656071662903,0.5067856311798096,0.9985812306404114,Matryoshka,1,3-level,True,0.01
TORUS,Matryoshka_40,0,1.56397,5.0,0,0.6105368235892852,0.7054597801745861,0.7233802676200867,0.9475308641975309,0.31009575724601746,0.635511577129364,0.38504570722579956,0.9926102161407471,Matryoshka,5,3-level,True,0.01
TORUS,Matryoshka_40,1,1.56397,5.0,0,0.6105368235892852,0.7054597801745861,0.7233802676200867,0.9475308641975309,0.31009575724601746,0.635511577129364,0.38504570722579956,0.9926102161407471,Matryoshka,5,3-level,True,0.01
TORUS,Matryoshka_40,2,1.56397,5.0,0,0.6105368235892852,0.7054597801745861,0.7233802676200867,0.9475308641975309,0.31009575724601746,0.635511577129364,0.38504570722579956,0.9926102161407471,Matryoshka,5,3-level,True,0.01
TORUS,Matryoshka_41,0,1.55903,5.0,0,0.6046578939734913,0.7052202121920004,0.7221577167510986,0.9459876543209876,0.31201502680778503,0.643608570098877,0.38596877455711365,0.9926319122314453,Matryoshka,5,3-level,True,0.1
TORUS,Matryoshka_41,1,1.55903,5.0,0,0.6046578939734913,0.7052202121920004,0.7221577167510986,0.9459876543209876,0.31201502680778503,0.643608570098877,0.38596877455711365,0.9926319122314453,Matryoshka,5,3-level,True,0.1
TORUS,Matryoshka_41,2,1.55903,5.0,0,0.6046578939734913,0.7052202121920004,0.7221577167510986,0.9459876543209876,0.31201502680778503,0.643608570098877,0.38596877455711365,0.9926319122314453,Matryoshka,5,3-level,True,0.1
TORUS,Matryoshka_42,0,1.56147,5.0,1,0.6013722960744603,0.6998794230789676,0.7104543447494507,0.9290123456790124,0.3166446387767792,0.6454100012779236,0.3846156597137451,0.9926338791847229,Matryoshka,5,4-level,True,0.001
TORUS,Matryoshka_42,1,1.56147,5.0,1,0.6013722960744603,0.6998794230789676,0.7104543447494507,0.9290123456790124,0.3166446387767792,0.6454100012779236,0.3846156597137451,0.9926338791847229,Matryoshka,5,4-level,True,0.001
TORUS,Matryoshka_42,2,1.56147,5.0,1,0.6013722960744603,0.6998794230789676,0.7104543447494507,0.9290123456790124,0.3166446387767792,0.6454100012779236,0.3846156597137451,0.9926338791847229,Matryoshka,5,4-level,True,0.001
TORUS,Matryoshka_43,0,1.56316,5.0,0,0.6113316826814258,0.7009355250755173,0.7108193039894104,0.9429012345679012,0.31971463561058044,0.6477438807487488,0.385299414396286,0.992639422416687,Matryoshka,5,4-level,True,0.01
TORUS,Matryoshka_43,1,1.56316,5.0,0,0.6113316826814258,0.7009355250755173,0.7108193039894104,0.9429012345679012,0.31971463561058044,0.6477438807487488,0.385299414396286,0.992639422416687,Matryoshka,5,4-level,True,0.01
TORUS,Matryoshka_43,2,1.56316,5.0,0,0.6113316826814258,0.7009355250755173,0.7108193039894104,0.9429012345679012,0.31971463561058044,0.6477438807487488,0.385299414396286,0.992639422416687,Matryoshka,5,4-level,True,0.01
TORUS,Matryoshka_44,0,1.56105,5.0,2,0.602951271957002,0.7000969166046312,0.7142831087112427,0.9490740740740741,0.3131457567214966,0.6455103754997253,0.38277965784072876,0.9926378130912781,Matryoshka,5,4-level,True,0.1
TORUS,Matryoshka_44,1,1.56105,5.0,2,0.602951271957002,0.7000969166046312,0.7142831087112427,0.9490740740740741,0.3131457567214966,0.6455103754997253,0.38277965784072876,0.9926378130912781,Matryoshka,5,4-level,True,0.1
TORUS,Matryoshka_44,2,1.56105,5.0,2,0.602951271957002,0.7000969166046312,0.7142831087112427,0.9490740740740741,0.3131457567214966,0.6455103754997253,0.38277965784072876,0.9926378130912781,Matryoshka,5,4-level,True,0.1
TORUS,Matryoshka_45,0,1.5625,6.0,0,0.6106918591650232,0.7287643383050846,0.7180471420288086,0.941358024691358,0.2967914640903473,0.6571189165115356,0.37171345949172974,0.9911212921142578,Matryoshka,6,2-level,True,0.001
TORUS,Matryoshka_45,1,1.5625,6.0,0,0.6106918591650232,0.7287643383050846,0.7180471420288086,0.941358024691358,0.2967914640903473,0.6571189165115356,0.37171345949172974,0.9911212921142578,Matryoshka,6,2-level,True,0.001
TORUS,Matryoshka_45,2,1.5625,6.0,0,0.6106918591650232,0.7287643383050846,0.7180471420288086,0.941358024691358,0.2967914640903473,0.6571189165115356,0.37171345949172974,0.9911212921142578,Matryoshka,6,2-level,True,0.001
TORUS,Matryoshka_46,0,1.56268,6.0,2,0.6136171258119594,0.7262833726926682,0.7096192240715027,0.9367283950617284,0.28391045331954956,0.6495083570480347,0.3631611466407776,0.9911033511161804,Matryoshka,6,2-level,True,0.01
TORUS,Matryoshka_46,1,1.56268,6.0,2,0.6136171258119594,0.7262833726926682,0.7096192240715027,0.9367283950617284,0.28391045331954956,0.6495083570480347,0.3631611466407776,0.9911033511161804,Matryoshka,6,2-level,True,0.01
TORUS,Matryoshka_46,2,1.56268,6.0,2,0.6136171258119594,0.7262833726926682,0.7096192240715027,0.9367283950617284,0.28391045331954956,0.6495083570480347,0.3631611466407776,0.9911033511161804,Matryoshka,6,2-level,True,0.01
TORUS,Matryoshka_47,0,1.56149,6.0,3,0.6096132167715381,0.7273147107026107,0.7094783186912537,0.9552469135802469,0.2862517833709717,0.6539793610572815,0.36309364438056946,0.9911122918128967,Matryoshka,6,2-level,True,0.1
TORUS,Matryoshka_47,1,1.56149,6.0,3,0.6096132167715381,0.7273147107026107,0.7094783186912537,0.9552469135802469,0.2862517833709717,0.6539793610572815,0.36309364438056946,0.9911122918128967,Matryoshka,6,2-level,True,0.1
TORUS,Matryoshka_47,2,1.56149,6.0,3,0.6096132167715381,0.7273147107026107,0.7094783186912537,0.9552469135802469,0.2862517833709717,0.6539793610572815,0.36309364438056946,0.9911122918128967,Matryoshka,6,2-level,True,0.1
TORUS,Matryoshka_48,0,1.56435,6.0,1,0.6143884063139197,0.7207082499090216,0.6951174736022949,0.9320987654320988,0.2945536971092224,0.6281748414039612,0.3692641258239746,0.9910492897033691,Matryoshka,6,3-level,True,0.001
TORUS,Matryoshka_48,1,1.56435,6.0,1,0.6143884063139197,0.7207082499090216,0.6951174736022949,0.9320987654320988,0.2945536971092224,0.6281748414039612,0.3692641258239746,0.9910492897033691,Matryoshka,6,3-level,True,0.001
TORUS,Matryoshka_48,2,1.56435,6.0,1,0.6143884063139197,0.7207082499090216,0.6951174736022949,0.9320987654320988,0.2945536971092224,0.6281748414039612,0.3692641258239746,0.9910492897033691,Matryoshka,6,3-level,True,0.001
TORUS,Matryoshka_49,0,1.55809,6.0,0,0.615435721572141,0.7212839230220143,0.6950121521949768,0.9290123456790124,0.2957565486431122,0.626653790473938,0.3707541823387146,0.9910456538200378,Matryoshka,6,3-level,True,0.01
TORUS,Matryoshka_49,1,1.55809,6.0,0,0.615435721572141,0.7212839230220143,0.6950121521949768,0.9290123456790124,0.2957565486431122,0.626653790473938,0.3707541823387146,0.9910456538200378,Matryoshka,6,3-level,True,0.01
TORUS,Matryoshka_49,2,1.55809,6.0,0,0.615435721572141,0.7212839230220143,0.6950121521949768,0.9290123456790124,0.2957565486431122,0.626653790473938,0.3707541823387146,0.9910456538200378,Matryoshka,6,3-level,True,0.01
TORUS,Matryoshka_5,0,1.55848,1.0,79,0.5331970525844201,0.5266859382841187,0.7349390983581543,0.9475308641975309,0.42007431387901306,0.47921743988990784,0.4153869152069092,0.9984109997749329,Matryoshka,1,3-level,True,0.1
TORUS,Matryoshka_5,1,1.55848,1.0,79,0.5331970525844201,0.5266859382841187,0.7349390983581543,0.9475308641975309,0.42007431387901306,0.47921743988990784,0.4153869152069092,0.9984109997749329,Matryoshka,1,3-level,True,0.1
TORUS,Matryoshka_5,2,1.55848,1.0,79,0.5331970525844201,0.5266859382841187,0.7349390983581543,0.9475308641975309,0.42007431387901306,0.47921743988990784,0.4153869152069092,0.9984109997749329,Matryoshka,1,3-level,True,0.1
TORUS,Matryoshka_50,0,1.56062,6.0,2,0.6129411842005952,0.7190525694816341,0.6886011362075806,0.9259259259259259,0.3021756112575531,0.6215590238571167,0.3707764744758606,0.9910341501235962,Matryoshka,6,3-level,True,0.1
TORUS,Matryoshka_50,1,1.56062,6.0,2,0.6129411842005952,0.7190525694816341,0.6886011362075806,0.9259259259259259,0.3021756112575531,0.6215590238571167,0.3707764744758606,0.9910341501235962,Matryoshka,6,3-level,True,0.1
TORUS,Matryoshka_50,2,1.56062,6.0,2,0.6129411842005952,0.7190525694816341,0.6886011362075806,0.9259259259259259,0.3021756112575531,0.6215590238571167,0.3707764744758606,0.9910341501235962,Matryoshka,6,3-level,True,0.1
TORUS,Matryoshka_51,0,1.56181,6.0,0,0.6112676848052045,0.7153570133429622,0.6917604207992554,0.9459876543209876,0.3001961410045624,0.640408992767334,0.3721659481525421,0.9910799860954285,Matryoshka,6,4-level,True,0.001
TORUS,Matryoshka_51,1,1.56181,6.0,0,0.6112676848052045,0.7153570133429622,0.6917604207992554,0.9459876543209876,0.3001961410045624,0.640408992767334,0.3721659481525421,0.9910799860954285,Matryoshka,6,4-level,True,0.001
TORUS,Matryoshka_51,2,1.56181,6.0,0,0.6112676848052045,0.7153570133429622,0.6917604207992554,0.9459876543209876,0.3001961410045624,0.640408992767334,0.3721659481525421,0.9910799860954285,Matryoshka,6,4-level,True,0.001
TORUS,Matryoshka_52,0,1.56145,6.0,2,0.6249245730294704,0.7162059880397573,0.6948227286338806,0.941358024691358,0.29551321268081665,0.6375258564949036,0.36885255575180054,0.9910739064216614,Matryoshka,6,4-level,True,0.01
TORUS,Matryoshka_52,1,1.56145,6.0,2,0.6249245730294704,0.7162059880397573,0.6948227286338806,0.941358024691358,0.29551321268081665,0.6375258564949036,0.36885255575180054,0.9910739064216614,Matryoshka,6,4-level,True,0.01
TORUS,Matryoshka_52,2,1.56145,6.0,2,0.6249245730294704,0.7162059880397573,0.6948227286338806,0.941358024691358,0.29551321268081665,0.6375258564949036,0.36885255575180054,0.9910739064216614,Matryoshka,6,4-level,True,0.01
TORUS,Matryoshka_53,0,1.55825,6.0,1,0.6199973746566859,0.7169402818553814,0.6938677430152893,0.9290123456790124,0.2966257333755493,0.6476497054100037,0.37077897787094116,0.9910951852798462,Matryoshka,6,4-level,True,0.1
TORUS,Matryoshka_53,1,1.55825,6.0,1,0.6199973746566859,0.7169402818553814,0.6938677430152893,0.9290123456790124,0.2966257333755493,0.6476497054100037,0.37077897787094116,0.9910951852798462,Matryoshka,6,4-level,True,0.1
TORUS,Matryoshka_53,2,1.55825,6.0,1,0.6199973746566859,0.7169402818553814,0.6938677430152893,0.9290123456790124,0.2966257333755493,0.6476497054100037,0.37077897787094116,0.9910951852798462,Matryoshka,6,4-level,True,0.1
TORUS,Matryoshka_54,0,1.55681,7.0,1,0.632936408994361,0.739198653547958,0.6902788281440735,0.9367283950617284,0.2806985676288605,0.6486722230911255,0.35509347915649414,0.9895526170730591,Matryoshka,7,2-level,True,0.001
TORUS,Matryoshka_54,1,1.55681,7.0,1,0.632936408994361,0.739198653547958,0.6902788281440735,0.9367283950617284,0.2806985676288605,0.6486722230911255,0.35509347915649414,0.9895526170730591,Matryoshka,7,2-level,True,0.001
TORUS,Matryoshka_54,2,1.55681,7.0,1,0.632936408994361,0.739198653547958,0.6902788281440735,0.9367283950617284,0.2806985676288605,0.6486722230911255,0.35509347915649414,0.9895526170730591,Matryoshka,7,2-level,True,0.001
TORUS,Matryoshka_55,0,1.5633,7.0,2,0.6220493251755028,0.7390339929911836,0.6861651539802551,0.9290123456790124,0.28097888827323914,0.6378078460693359,0.35575899481773376,0.9895303845405579,Matryoshka,7,2-level,True,0.01
TORUS,Matryoshka_55,1,1.5633,7.0,2,0.6220493251755028,0.7390339929911836,0.6861651539802551,0.9290123456790124,0.28097888827323914,0.6378078460693359,0.35575899481773376,0.9895303845405579,Matryoshka,7,2-level,True,0.01
TORUS,Matryoshka_55,2,1.5633,7.0,2,0.6220493251755028,0.7390339929911836,0.6861651539802551,0.9290123456790124,0.28097888827323914,0.6378078460693359,0.35575899481773376,0.9895303845405579,Matryoshka,7,2-level,True,0.01
TORUS,Matryoshka_56,0,1.55746,7.0,3,0.6233485234154056,0.7388291917554158,0.6823869347572327,0.9290123456790124,0.27557289600372314,0.6403452754020691,0.3519846498966217,0.9895337820053101,Matryoshka,7,2-level,True,0.1
TORUS,Matryoshka_56,1,1.55746,7.0,3,0.6233485234154056,0.7388291917554158,0.6823869347572327,0.9290123456790124,0.27557289600372314,0.6403452754020691,0.3519846498966217,0.9895337820053101,Matryoshka,7,2-level,True,0.1
TORUS,Matryoshka_56,2,1.55746,7.0,3,0.6233485234154056,0.7388291917554158,0.6823869347572327,0.9290123456790124,0.27557289600372314,0.6403452754020691,0.3519846498966217,0.9895337820053101,Matryoshka,7,2-level,True,0.1
TORUS,Matryoshka_57,0,1.56253,7.0,4,0.642688696706835,0.7308248737017666,0.6661360263824463,0.9166666666666666,0.2867613434791565,0.6093530654907227,0.3573113977909088,0.9894607663154602,Matryoshka,7,3-level,True,0.001
TORUS,Matryoshka_57,1,1.56253,7.0,4,0.642688696706835,0.7308248737017666,0.6661360263824463,0.9166666666666666,0.2867613434791565,0.6093530654907227,0.3573113977909088,0.9894607663154602,Matryoshka,7,3-level,True,0.001
TORUS,Matryoshka_57,2,1.56253,7.0,4,0.642688696706835,0.7308248737017666,0.6661360263824463,0.9166666666666666,0.2867613434791565,0.6093530654907227,0.3573113977909088,0.9894607663154602,Matryoshka,7,3-level,True,0.001
TORUS,Matryoshka_58,0,1.56222,7.0,3,0.6273612412998039,0.7334962735256729,0.6741587519645691,0.9182098765432098,0.2876419126987457,0.6216356158256531,0.35992592573165894,0.9894908666610718,Matryoshka,7,3-level,True,0.01
TORUS,Matryoshka_58,1,1.56222,7.0,3,0.6273612412998039,0.7334962735256729,0.6741587519645691,0.9182098765432098,0.2876419126987457,0.6216356158256531,0.35992592573165894,0.9894908666610718,Matryoshka,7,3-level,True,0.01
TORUS,Matryoshka_58,2,1.56222,7.0,3,0.6273612412998039,0.7334962735256729,0.6741587519645691,0.9182098765432098,0.2876419126987457,0.6216356158256531,0.35992592573165894,0.9894908666610718,Matryoshka,7,3-level,True,0.01
TORUS,Matryoshka_59,0,1.55755,7.0,4,0.6337002380688813,0.7333016397237059,0.6734450459480286,0.9367283950617284,0.2808847725391388,0.6182564496994019,0.3565112352371216,0.9894822835922241,Matryoshka,7,3-level,True,0.1
TORUS,Matryoshka_59,1,1.55755,7.0,4,0.6337002380688813,0.7333016397237059,0.6734450459480286,0.9367283950617284,0.2808847725391388,0.6182564496994019,0.3565112352371216,0.9894822835922241,Matryoshka,7,3-level,True,0.1
TORUS,Matryoshka_59,2,1.55755,7.0,4,0.6337002380688813,0.7333016397237059,0.6734450459480286,0.9367283950617284,0.2808847725391388,0.6182564496994019,0.3565112352371216,0.9894822835922241,Matryoshka,7,3-level,True,0.1
TORUS,Matryoshka_6,0,1.56655,1.0,4,0.5700077556020525,0.5882462191421267,0.8454175591468811,0.9922839506172839,0.5623382925987244,0.5796231627464294,0.5445716977119446,0.9986483454704285,Matryoshka,1,4-level,True,0.001
TORUS,Matryoshka_6,1,1.56655,1.0,4,0.5700077556020525,0.5882462191421267,0.8454175591468811,0.9922839506172839,0.5623382925987244,0.5796231627464294,0.5445716977119446,0.9986483454704285,Matryoshka,1,4-level,True,0.001
TORUS,Matryoshka_6,2,1.56655,1.0,4,0.5700077556020525,0.5882462191421267,0.8454175591468811,0.9922839506172839,0.5623382925987244,0.5796231627464294,0.5445716977119446,0.9986483454704285,Matryoshka,1,4-level,True,0.001
TORUS,Matryoshka_60,0,1.56037,7.0,2,0.6343420163795614,0.7300560785897963,0.6727075576782227,0.9367283950617284,0.28358277678489685,0.6344105005264282,0.3582858443260193,0.98952317237854,Matryoshka,7,4-level,True,0.001
TORUS,Matryoshka_60,1,1.56037,7.0,2,0.6343420163795614,0.7300560785897963,0.6727075576782227,0.9367283950617284,0.28358277678489685,0.6344105005264282,0.3582858443260193,0.98952317237854,Matryoshka,7,4-level,True,0.001
TORUS,Matryoshka_60,2,1.56037,7.0,2,0.6343420163795614,0.7300560785897963,0.6727075576782227,0.9367283950617284,0.28358277678489685,0.6344105005264282,0.3582858443260193,0.98952317237854,Matryoshka,7,4-level,True,0.001
TORUS,Matryoshka_61,0,1.5618,7.0,2,0.6310021561597249,0.7284765524785459,0.6686028242111206,0.9104938271604939,0.2928544878959656,0.6254820823669434,0.3619127571582794,0.9894998073577881,Matryoshka,7,4-level,True,0.01
TORUS,Matryoshka_61,1,1.5618,7.0,2,0.6310021561597249,0.7284765524785459,0.6686028242111206,0.9104938271604939,0.2928544878959656,0.6254820823669434,0.3619127571582794,0.9894998073577881,Matryoshka,7,4-level,True,0.01
TORUS,Matryoshka_61,2,1.5618,7.0,2,0.6310021561597249,0.7284765524785459,0.6686028242111206,0.9104938271604939,0.2928544878959656,0.6254820823669434,0.3619127571582794,0.9894998073577881,Matryoshka,7,4-level,True,0.01
TORUS,Matryoshka_62,0,1.56056,7.0,2,0.6349188785099577,0.7295323696397211,0.6727882027626038,0.9135802469135802,0.2871370017528534,0.6206995248794556,0.36006686091423035,0.9894894957542419,Matryoshka,7,4-level,True,0.1
TORUS,Matryoshka_62,1,1.56056,7.0,2,0.6349188785099577,0.7295323696397211,0.6727882027626038,0.9135802469135802,0.2871370017528534,0.6206995248794556,0.36006686091423035,0.9894894957542419,Matryoshka,7,4-level,True,0.1
TORUS,Matryoshka_62,2,1.56056,7.0,2,0.6349188785099577,0.7295323696397211,0.6727882027626038,0.9135802469135802,0.2871370017528534,0.6206995248794556,0.36006686091423035,0.9894894957542419,Matryoshka,7,4-level,True,0.1
TORUS,Matryoshka_63,0,1.56356,1.0,91,0.5069607916370567,0.5164407712825949,0.7093124985694885,0.9135802469135802,0.3746746778488159,0.45823249220848083,0.3841034770011902,0.9983589053153992,Matryoshka,1,2-level,False,0.01
TORUS,Matryoshka_63,1,1.56356,1.0,91,0.5069607916370567,0.5164407712825949,0.7093124985694885,0.9135802469135802,0.3746746778488159,0.45823249220848083,0.3841034770011902,0.9983589053153992,Matryoshka,1,2-level,False,0.01
TORUS,Matryoshka_63,2,1.56356,1.0,91,0.5069607916370567,0.5164407712825949,0.7093124985694885,0.9135802469135802,0.3746746778488159,0.45823249220848083,0.3841034770011902,0.9983589053153992,Matryoshka,1,2-level,False,0.01
TORUS,Matryoshka_64,0,1.5597,1.0,73,0.5174682034038584,0.5357868075828207,0.7515431046485901,0.9459876543209876,0.42602768540382385,0.49357637763023376,0.4329795837402344,0.9984439611434937,Matryoshka,1,3-level,False,0.01
TORUS,Matryoshka_64,1,1.5597,1.0,73,0.5174682034038584,0.5357868075828207,0.7515431046485901,0.9459876543209876,0.42602768540382385,0.49357637763023376,0.4329795837402344,0.9984439611434937,Matryoshka,1,3-level,False,0.01
TORUS,Matryoshka_64,2,1.5597,1.0,73,0.5174682034038584,0.5357868075828207,0.7515431046485901,0.9459876543209876,0.42602768540382385,0.49357637763023376,0.4329795837402344,0.9984439611434937,Matryoshka,1,3-level,False,0.01
TORUS,Matryoshka_65,0,1.56335,1.0,25,0.5713822041609683,0.5748559546169738,0.8286210298538208,0.9814814814814815,0.5467516779899597,0.5668652653694153,0.5283024311065674,0.9986216425895691,Matryoshka,1,4-level,False,0.01
TORUS,Matryoshka_65,1,1.56335,1.0,25,0.5713822041609683,0.5748559546169738,0.8286210298538208,0.9814814814814815,0.5467516779899597,0.5668652653694153,0.5283024311065674,0.9986216425895691,Matryoshka,1,4-level,False,0.01
TORUS,Matryoshka_65,2,1.56335,1.0,25,0.5713822041609683,0.5748559546169738,0.8286210298538208,0.9814814814814815,0.5467516779899597,0.5668652653694153,0.5283024311065674,0.9986216425895691,Matryoshka,1,4-level,False,0.01
TORUS,Matryoshka_66,0,1.55824,2.0,0,0.601699522964577,0.606452650441998,0.8439612984657288,1.0,0.5434218049049377,0.577014684677124,0.5375787019729614,0.9970998167991638,Matryoshka,2,2-level,False,0.01
TORUS,Matryoshka_66,1,1.55824,2.0,0,0.601699522964577,0.606452650441998,0.8439612984657288,1.0,0.5434218049049377,0.577014684677124,0.5375787019729614,0.9970998167991638,Matryoshka,2,2-level,False,0.01
TORUS,Matryoshka_66,2,1.55824,2.0,0,0.601699522964577,0.606452650441998,0.8439612984657288,1.0,0.5434218049049377,0.577014684677124,0.5375787019729614,0.9970998167991638,Matryoshka,2,2-level,False,0.01
TORUS,Matryoshka_67,0,1.56334,2.0,0,0.6015722495508483,0.6028302864769195,0.8462929725646973,0.9969135802469136,0.5591174960136414,0.5833801627159119,0.5462533831596375,0.9971151351928711,Matryoshka,2,3-level,False,0.01
TORUS,Matryoshka_67,1,1.56334,2.0,0,0.6015722495508483,0.6028302864769195,0.8462929725646973,0.9969135802469136,0.5591174960136414,0.5833801627159119,0.5462533831596375,0.9971151351928711,Matryoshka,2,3-level,False,0.01
TORUS,Matryoshka_67,2,1.56334,2.0,0,0.6015722495508483,0.6028302864769195,0.8462929725646973,0.9969135802469136,0.5591174960136414,0.5833801627159119,0.5462533831596375,0.9971151351928711,Matryoshka,2,3-level,False,0.01
TORUS,Matryoshka_68,0,1.56013,2.0,1,0.6010321083925126,0.6025845734477691,0.8458152413368225,0.9938271604938271,0.5628936886787415,0.5898474454879761,0.5526745319366455,0.9971321225166321,Matryoshka,2,4-level,False,0.01
TORUS,Matryoshka_68,1,1.56013,2.0,1,0.6010321083925126,0.6025845734477691,0.8458152413368225,0.9938271604938271,0.5628936886787415,0.5898474454879761,0.5526745319366455,0.9971321225166321,Matryoshka,2,4-level,False,0.01
TORUS,Matryoshka_68,2,1.56013,2.0,1,0.6010321083925126,0.6025845734477691,0.8458152413368225,0.9938271604938271,0.5628936886787415,0.5898474454879761,0.5526745319366455,0.9971321225166321,Matryoshka,2,4-level,False,0.01
TORUS,Matryoshka_69,0,1.56049,3.0,2,0.5914055183743986,0.6528655784530208,0.7904578447341919,0.9783950617283951,0.37822502851486206,0.620586633682251,0.43182072043418884,0.9956620931625366,Matryoshka,3,2-level,False,0.01
TORUS,Matryoshka_69,1,1.56049,3.0,2,0.5914055183743986,0.6528655784530208,0.7904578447341919,0.9783950617283951,0.37822502851486206,0.620586633682251,0.43182072043418884,0.9956620931625366,Matryoshka,3,2-level,False,0.01
TORUS,Matryoshka_69,2,1.56049,3.0,2,0.5914055183743986,0.6528655784530208,0.7904578447341919,0.9783950617283951,0.37822502851486206,0.620586633682251,0.43182072043418884,0.9956620931625366,Matryoshka,3,2-level,False,0.01
TORUS,Matryoshka_7,0,1.56269,1.0,52,0.5478227116923541,0.5503072906464335,0.7816790342330933,0.9614197530864198,0.46841204166412354,0.51999831199646,0.46519356966018677,0.9985077381134033,Matryoshka,1,4-level,True,0.01
TORUS,Matryoshka_7,1,1.56269,1.0,52,0.5478227116923541,0.5503072906464335,0.7816790342330933,0.9614197530864198,0.46841204166412354,0.51999831199646,0.46519356966018677,0.9985077381134033,Matryoshka,1,4-level,True,0.01
TORUS,Matryoshka_7,2,1.56269,1.0,52,0.5478227116923541,0.5503072906464335,0.7816790342330933,0.9614197530864198,0.46841204166412354,0.51999831199646,0.46519356966018677,0.9985077381134033,Matryoshka,1,4-level,True,0.01
TORUS,Matryoshka_70,0,1.56245,3.0,3,0.5872644673870937,0.666901981012038,0.761568546295166,0.9737654320987654,0.36642685532569885,0.6378571391105652,0.42223960161209106,0.9957042932510376,Matryoshka,3,3-level,False,0.01
TORUS,Matryoshka_70,1,1.56245,3.0,3,0.5872644673870937,0.666901981012038,0.761568546295166,0.9737654320987654,0.36642685532569885,0.6378571391105652,0.42223960161209106,0.9957042932510376,Matryoshka,3,3-level,False,0.01
TORUS,Matryoshka_70,2,1.56245,3.0,3,0.5872644673870937,0.666901981012038,0.761568546295166,0.9737654320987654,0.36642685532569885,0.6378571391105652,0.42223960161209106,0.9957042932510376,Matryoshka,3,3-level,False,0.01
TORUS,Matryoshka_71,0,1.56084,3.0,1,0.6152994490300668,0.6622247783823835,0.7620577216148376,0.9691358024691358,0.35588234663009644,0.6440996527671814,0.42002829909324646,0.9957165122032166,Matryoshka,3,4-level,False,0.01
TORUS,Matryoshka_71,1,1.56084,3.0,1,0.6152994490300668,0.6622247783823835,0.7620577216148376,0.9691358024691358,0.35588234663009644,0.6440996527671814,0.42002829909324646,0.9957165122032166,Matryoshka,3,4-level,False,0.01
TORUS,Matryoshka_71,2,1.56084,3.0,1,0.6152994490300668,0.6622247783823835,0.7620577216148376,0.9691358024691358,0.35588234663009644,0.6440996527671814,0.42002829909324646,0.9957165122032166,Matryoshka,3,4-level,False,0.01
TORUS,Matryoshka_72,0,1.55871,4.0,3,0.5920278992948863,0.6946194638738955,0.7505848407745361,0.9737654320987654,0.3138197064399719,0.654345691204071,0.3853537142276764,0.9941976070404053,Matryoshka,4,2-level,False,0.01
TORUS,Matryoshka_72,1,1.55871,4.0,3,0.5920278992948863,0.6946194638738955,0.7505848407745361,0.9737654320987654,0.3138197064399719,0.654345691204071,0.3853537142276764,0.9941976070404053,Matryoshka,4,2-level,False,0.01
TORUS,Matryoshka_72,2,1.55871,4.0,3,0.5920278992948863,0.6946194638738955,0.7505848407745361,0.9737654320987654,0.3138197064399719,0.654345691204071,0.3853537142276764,0.9941976070404053,Matryoshka,4,2-level,False,0.01
TORUS,Matryoshka_73,0,1.55448,4.0,1,0.6048110190196861,0.6884524875693416,0.7400126457214355,0.9830246913580247,0.31520646810531616,0.6411338448524475,0.3884841203689575,0.9941660761833191,Matryoshka,4,3-level,False,0.01
TORUS,Matryoshka_73,1,1.55448,4.0,1,0.6048110190196861,0.6884524875693416,0.7400126457214355,0.9830246913580247,0.31520646810531616,0.6411338448524475,0.3884841203689575,0.9941660761833191,Matryoshka,4,3-level,False,0.01
TORUS,Matryoshka_73,2,1.55448,4.0,1,0.6048110190196861,0.6884524875693416,0.7400126457214355,0.9830246913580247,0.31520646810531616,0.6411338448524475,0.3884841203689575,0.9941660761833191,Matryoshka,4,3-level,False,0.01
TORUS,Matryoshka_74,0,1.56116,4.0,3,0.6022685228865646,0.680576354834435,0.7304346561431885,0.9429012345679012,0.3338645398616791,0.6522244811058044,0.39961573481559753,0.994195818901062,Matryoshka,4,4-level,False,0.01
TORUS,Matryoshka_74,1,1.56116,4.0,3,0.6022685228865646,0.680576354834435,0.7304346561431885,0.9429012345679012,0.3338645398616791,0.6522244811058044,0.39961573481559753,0.994195818901062,Matryoshka,4,4-level,False,0.01
TORUS,Matryoshka_74,2,1.56116,4.0,3,0.6022685228865646,0.680576354834435,0.7304346561431885,0.9429012345679012,0.3338645398616791,0.6522244811058044,0.39961573481559753,0.994195818901062,Matryoshka,4,4-level,False,0.01
TORUS,Matryoshka_75,0,1.55845,5.0,1,0.6092966701112706,0.7139807768366405,0.7354088425636292,0.9691358024691358,0.29679766297340393,0.6622098088264465,0.3744595944881439,0.9926750063896179,Matryoshka,5,2-level,False,0.01
TORUS,Matryoshka_75,1,1.55845,5.0,1,0.6092966701112706,0.7139807768366405,0.7354088425636292,0.9691358024691358,0.29679766297340393,0.6622098088264465,0.3744595944881439,0.9926750063896179,Matryoshka,5,2-level,False,0.01
TORUS,Matryoshka_75,2,1.55845,5.0,1,0.6092966701112706,0.7139807768366405,0.7354088425636292,0.9691358024691358,0.29679766297340393,0.6622098088264465,0.3744595944881439,0.9926750063896179,Matryoshka,5,2-level,False,0.01
TORUS,Matryoshka_76,0,1.56114,5.0,2,0.5973014002805812,0.7062453782535028,0.7186527848243713,0.9552469135802469,0.3140918016433716,0.6387456059455872,0.3861810564994812,0.9926208853721619,Matryoshka,5,3-level,False,0.01
TORUS,Matryoshka_76,1,1.56114,5.0,2,0.5973014002805812,0.7062453782535028,0.7186527848243713,0.9552469135802469,0.3140918016433716,0.6387456059455872,0.3861810564994812,0.9926208853721619,Matryoshka,5,3-level,False,0.01
TORUS,Matryoshka_76,2,1.56114,5.0,2,0.5973014002805812,0.7062453782535028,0.7186527848243713,0.9552469135802469,0.3140918016433716,0.6387456059455872,0.3861810564994812,0.9926208853721619,Matryoshka,5,3-level,False,0.01
TORUS,Matryoshka_77,0,1.563,5.0,0,0.5983628181619763,0.7007197106491296,0.7144761085510254,0.9429012345679012,0.31291908025741577,0.6462643146514893,0.3839417099952698,0.9926352500915527,Matryoshka,5,4-level,False,0.01
TORUS,Matryoshka_77,1,1.563,5.0,0,0.5983628181619763,0.7007197106491296,0.7144761085510254,0.9429012345679012,0.31291908025741577,0.6462643146514893,0.3839417099952698,0.9926352500915527,Matryoshka,5,4-level,False,0.01
TORUS,Matryoshka_77,2,1.563,5.0,0,0.5983628181619763,0.7007197106491296,0.7144761085510254,0.9429012345679012,0.31291908025741577,0.6462643146514893,0.3839417099952698,0.9926352500915527,Matryoshka,5,4-level,False,0.01
TORUS,Matryoshka_78,0,1.55738,6.0,1,0.6153344773765675,0.7262393700709812,0.7088567614555359,0.9444444444444444,0.28670182824134827,0.6551602482795715,0.36294516921043396,0.9911125302314758,Matryoshka,6,2-level,False,0.01
TORUS,Matryoshka_78,1,1.55738,6.0,1,0.6153344773765675,0.7262393700709812,0.7088567614555359,0.9444444444444444,0.28670182824134827,0.6551602482795715,0.36294516921043396,0.9911125302314758,Matryoshka,6,2-level,False,0.01
TORUS,Matryoshka_78,2,1.55738,6.0,1,0.6153344773765675,0.7262393700709812,0.7088567614555359,0.9444444444444444,0.28670182824134827,0.6551602482795715,0.36294516921043396,0.9911125302314758,Matryoshka,6,2-level,False,0.01
TORUS,Matryoshka_79,0,1.56028,6.0,3,0.6271683467198533,0.7200069299950702,0.6965124607086182,0.9305555555555556,0.29544368386268616,0.6204990148544312,0.3698684275150299,0.991030752658844,Matryoshka,6,3-level,False,0.01
TORUS,Matryoshka_79,1,1.56028,6.0,3,0.6271683467198533,0.7200069299950702,0.6965124607086182,0.9305555555555556,0.29544368386268616,0.6204990148544312,0.3698684275150299,0.991030752658844,Matryoshka,6,3-level,False,0.01
TORUS,Matryoshka_79,2,1.56028,6.0,3,0.6271683467198533,0.7200069299950702,0.6965124607086182,0.9305555555555556,0.29544368386268616,0.6204990148544312,0.3698684275150299,0.991030752658844,Matryoshka,6,3-level,False,0.01
TORUS,Matryoshka_8,0,1.56169,1.0,47,0.5613158487198292,0.5529106796923049,0.7835919260978699,0.9583333333333334,0.48747000098228455,0.5238287448883057,0.47458526492118835,0.9985155463218689,Matryoshka,1,4-level,True,0.1
TORUS,Matryoshka_8,1,1.56169,1.0,47,0.5613158487198292,0.5529106796923049,0.7835919260978699,0.9583333333333334,0.48747000098228455,0.5238287448883057,0.47458526492118835,0.9985155463218689,Matryoshka,1,4-level,True,0.1
TORUS,Matryoshka_8,2,1.56169,1.0,47,0.5613158487198292,0.5529106796923049,0.7835919260978699,0.9583333333333334,0.48747000098228455,0.5238287448883057,0.47458526492118835,0.9985155463218689,Matryoshka,1,4-level,True,0.1
TORUS,Matryoshka_80,0,1.56063,6.0,2,0.6151889926317717,0.7136972545261534,0.6912685036659241,0.9212962962962963,0.29912054538726807,0.6394714713096619,0.3695409595966339,0.9910770058631897,Matryoshka,6,4-level,False,0.01
TORUS,Matryoshka_80,1,1.56063,6.0,2,0.6151889926317717,0.7136972545261534,0.6912685036659241,0.9212962962962963,0.29912054538726807,0.6394714713096619,0.3695409595966339,0.9910770058631897,Matryoshka,6,4-level,False,0.01
TORUS,Matryoshka_80,2,1.56063,6.0,2,0.6151889926317717,0.7136972545261534,0.6912685036659241,0.9212962962962963,0.29912054538726807,0.6394714713096619,0.3695409595966339,0.9910770058631897,Matryoshka,6,4-level,False,0.01
TORUS,Matryoshka_81,0,1.56016,7.0,4,0.6330832656313997,0.7353260502183687,0.6780126094818115,0.9259259259259259,0.2745347321033478,0.6303339600563049,0.34448790550231934,0.9895099401473999,Matryoshka,7,2-level,False,0.01
TORUS,Matryoshka_81,1,1.56016,7.0,4,0.6330832656313997,0.7353260502183687,0.6780126094818115,0.9259259259259259,0.2745347321033478,0.6303339600563049,0.34448790550231934,0.9895099401473999,Matryoshka,7,2-level,False,0.01
TORUS,Matryoshka_81,2,1.56016,7.0,4,0.6330832656313997,0.7353260502183687,0.6780126094818115,0.9259259259259259,0.2745347321033478,0.6303339600563049,0.34448790550231934,0.9895099401473999,Matryoshka,7,2-level,False,0.01
TORUS,Matryoshka_82,0,1.56097,7.0,1,0.6294291033721181,0.7318352861367556,0.6635521054267883,0.9290123456790124,0.2790296971797943,0.6174355149269104,0.35341864824295044,0.9894832968711853,Matryoshka,7,3-level,False,0.01
TORUS,Matryoshka_82,1,1.56097,7.0,1,0.6294291033721181,0.7318352861367556,0.6635521054267883,0.9290123456790124,0.2790296971797943,0.6174355149269104,0.35341864824295044,0.9894832968711853,Matryoshka,7,3-level,False,0.01
TORUS,Matryoshka_82,2,1.56097,7.0,1,0.6294291033721181,0.7318352861367556,0.6635521054267883,0.9290123456790124,0.2790296971797943,0.6174355149269104,0.35341864824295044,0.9894832968711853,Matryoshka,7,3-level,False,0.01
TORUS,Matryoshka_83,0,1.56102,7.0,2,0.6261355622203219,0.7295290281229188,0.6707211136817932,0.9274691358024691,0.29544079303741455,0.627267599105835,0.3658311665058136,0.9895036220550537,Matryoshka,7,4-level,False,0.01
TORUS,Matryoshka_83,1,1.56102,7.0,2,0.6261355622203219,0.7295290281229188,0.6707211136817932,0.9274691358024691,0.29544079303741455,0.627267599105835,0.3658311665058136,0.9895036220550537,Matryoshka,7,4-level,False,0.01
TORUS,Matryoshka_83,2,1.56102,7.0,2,0.6261355622203219,0.7295290281229188,0.6707211136817932,0.9274691358024691,0.29544079303741455,0.627267599105835,0.3658311665058136,0.9895036220550537,Matryoshka,7,4-level,False,0.01
TORUS,Matryoshka_9,0,1.56635,2.0,7,0.5724828491940434,0.6369027465073462,0.7781476378440857,0.970679012345679,0.397104948759079,0.6072307825088501,0.4335068166255951,0.997174084186554,Matryoshka,2,2-level,True,0.001
TORUS,Matryoshka_9,1,1.56635,2.0,7,0.5724828491940434,0.6369027465073462,0.7781476378440857,0.970679012345679,0.397104948759079,0.6072307825088501,0.4335068166255951,0.997174084186554,Matryoshka,2,2-level,True,0.001
TORUS,Matryoshka_9,2,1.56635,2.0,7,0.5724828491940434,0.6369027465073462,0.7781476378440857,0.970679012345679,0.397104948759079,0.6072307825088501,0.4335068166255951,0.997174084186554,Matryoshka,2,2-level,True,0.001
