benchmark,sae,seed,true_l0,sae_l0,dead_latents,shrinkage,explained_variance,mcc,uniqueness,precision,recall,f1_score,accuracy,sae_type,k,widths,aux_loss,topk_threshold_lr
CORRELATED_PAIRS,Matryoshka_0,0,4.76809,1.0,55,0.3620841447248703,0.2140520936854331,0.5984189510345459,0.9274691358024691,0.5028396248817444,0.29102057218551636,0.3425876200199127,0.9943974018096924,Matryoshka,1,2-level,True,0.001
CORRELATED_PAIRS,Matryoshka_0,1,4.76809,1.0,55,0.3620841447248703,0.2140520936854331,0.5984189510345459,0.9274691358024691,0.5028396248817444,0.29102057218551636,0.3425876200199127,0.9943974018096924,Matryoshka,1,2-level,True,0.001
CORRELATED_PAIRS,Matryoshka_0,2,4.76809,1.0,55,0.3620841447248703,0.2140520936854331,0.5984189510345459,0.9274691358024691,0.5028396248817444,0.29102057218551636,0.3425876200199127,0.9943974018096924,Matryoshka,1,2-level,True,0.001
CORRELATED_PAIRS,Matryoshka_1,0,4.76547,1.0,59,0.36651321060639763,0.2154779414943967,0.594818651676178,0.9089506172839507,0.501725435256958,0.28486934304237366,0.3342268168926239,0.9934632778167725,Matryoshka,1,2-level,True,0.01
CORRELATED_PAIRS,Matryoshka_1,1,4.76547,1.0,59,0.36651321060639763,0.2154779414943967,0.594818651676178,0.9089506172839507,0.501725435256958,0.28486934304237366,0.3342268168926239,0.9934632778167725,Matryoshka,1,2-level,True,0.01
CORRELATED_PAIRS,Matryoshka_1,2,4.76547,1.0,59,0.36651321060639763,0.2154779414943967,0.594818651676178,0.9089506172839507,0.501725435256958,0.28486934304237366,0.3342268168926239,0.9934632778167725,Matryoshka,1,2-level,True,0.01
CORRELATED_PAIRS,Matryoshka_10,0,4.75121,2.0,1,0.45045880302524577,0.29626620645717683,0.5777672529220581,0.9351851851851852,0.36565089225769043,0.35755228996276855,0.32465267181396484,0.9956014156341553,Matryoshka,2,2-level,True,0.01
CORRELATED_PAIRS,Matryoshka_10,1,4.75121,2.0,1,0.45045880302524577,0.29626620645717683,0.5777672529220581,0.9351851851851852,0.36565089225769043,0.35755228996276855,0.32465267181396484,0.9956014156341553,Matryoshka,2,2-level,True,0.01
CORRELATED_PAIRS,Matryoshka_10,2,4.75121,2.0,1,0.45045880302524577,0.29626620645717683,0.5777672529220581,0.9351851851851852,0.36565089225769043,0.35755228996276855,0.32465267181396484,0.9956014156341553,Matryoshka,2,2-level,True,0.01
CORRELATED_PAIRS,Matryoshka_11,0,4.77115,2.0,2,0.4475261983807511,0.30113317718127564,0.5769422054290771,0.9367283950617284,0.36868175864219666,0.3585463762283325,0.3229740262031555,0.9958593845367432,Matryoshka,2,2-level,True,0.1
CORRELATED_PAIRS,Matryoshka_11,1,4.77115,2.0,2,0.4475261983807511,0.30113317718127564,0.5769422054290771,0.9367283950617284,0.36868175864219666,0.3585463762283325,0.3229740262031555,0.9958593845367432,Matryoshka,2,2-level,True,0.1
CORRELATED_PAIRS,Matryoshka_11,2,4.77115,2.0,2,0.4475261983807511,0.30113317718127564,0.5769422054290771,0.9367283950617284,0.36868175864219666,0.3585463762283325,0.3229740262031555,0.9958593845367432,Matryoshka,2,2-level,True,0.1
CORRELATED_PAIRS,Matryoshka_12,0,4.77285,2.0,1,0.44694948716295485,0.28898948724418017,0.5657075643539429,0.9228395061728395,0.35397961735725403,0.3440995514392853,0.30845746397972107,0.9956012964248657,Matryoshka,2,3-level,True,0.001
CORRELATED_PAIRS,Matryoshka_12,1,4.77285,2.0,1,0.44694948716295485,0.28898948724418017,0.5657075643539429,0.9228395061728395,0.35397961735725403,0.3440995514392853,0.30845746397972107,0.9956012964248657,Matryoshka,2,3-level,True,0.001
CORRELATED_PAIRS,Matryoshka_12,2,4.77285,2.0,1,0.44694948716295485,0.28898948724418017,0.5657075643539429,0.9228395061728395,0.35397961735725403,0.3440995514392853,0.30845746397972107,0.9956012964248657,Matryoshka,2,3-level,True,0.001
CORRELATED_PAIRS,Matryoshka_13,0,4.76548,2.0,0,0.451083389138785,0.28429032871538806,0.5608784556388855,0.9120370370370371,0.37098830938339233,0.33137258887290955,0.3093075156211853,0.9954527616500854,Matryoshka,2,3-level,True,0.01
CORRELATED_PAIRS,Matryoshka_13,1,4.76548,2.0,0,0.451083389138785,0.28429032871538806,0.5608784556388855,0.9120370370370371,0.37098830938339233,0.33137258887290955,0.3093075156211853,0.9954527616500854,Matryoshka,2,3-level,True,0.01
CORRELATED_PAIRS,Matryoshka_13,2,4.76548,2.0,0,0.451083389138785,0.28429032871538806,0.5608784556388855,0.9120370370370371,0.37098830938339233,0.33137258887290955,0.3093075156211853,0.9954527616500854,Matryoshka,2,3-level,True,0.01
CORRELATED_PAIRS,Matryoshka_14,0,4.77004,2.0,2,0.4515588821144377,0.28709156584378503,0.5681849122047424,0.9320987654320988,0.384221613407135,0.34082934260368347,0.31906768679618835,0.995519757270813,Matryoshka,2,3-level,True,0.1
CORRELATED_PAIRS,Matryoshka_14,1,4.77004,2.0,2,0.4515588821144377,0.28709156584378503,0.5681849122047424,0.9320987654320988,0.384221613407135,0.34082934260368347,0.31906768679618835,0.995519757270813,Matryoshka,2,3-level,True,0.1
CORRELATED_PAIRS,Matryoshka_14,2,4.77004,2.0,2,0.4515588821144377,0.28709156584378503,0.5681849122047424,0.9320987654320988,0.384221613407135,0.34082934260368347,0.31906768679618835,0.995519757270813,Matryoshka,2,3-level,True,0.1
CORRELATED_PAIRS,Matryoshka_15,0,4.76763,2.0,5,0.44561872541982184,0.2899899631926198,0.5640958547592163,0.9120370370370371,0.34884247183799744,0.33857735991477966,0.3018687069416046,0.9956892728805542,Matryoshka,2,4-level,True,0.001
CORRELATED_PAIRS,Matryoshka_15,1,4.76763,2.0,5,0.44561872541982184,0.2899899631926198,0.5640958547592163,0.9120370370370371,0.34884247183799744,0.33857735991477966,0.3018687069416046,0.9956892728805542,Matryoshka,2,4-level,True,0.001
CORRELATED_PAIRS,Matryoshka_15,2,4.76763,2.0,5,0.44561872541982184,0.2899899631926198,0.5640958547592163,0.9120370370370371,0.34884247183799744,0.33857735991477966,0.3018687069416046,0.9956892728805542,Matryoshka,2,4-level,True,0.001
CORRELATED_PAIRS,Matryoshka_16,0,4.76405,2.0,3,0.45223335726637476,0.2952578008815475,0.5616330504417419,0.9182098765432098,0.3531244099140167,0.33947888016700745,0.3055681884288788,0.9958013892173767,Matryoshka,2,4-level,True,0.01
CORRELATED_PAIRS,Matryoshka_16,1,4.76405,2.0,3,0.45223335726637476,0.2952578008815475,0.5616330504417419,0.9182098765432098,0.3531244099140167,0.33947888016700745,0.3055681884288788,0.9958013892173767,Matryoshka,2,4-level,True,0.01
CORRELATED_PAIRS,Matryoshka_16,2,4.76405,2.0,3,0.45223335726637476,0.2952578008815475,0.5616330504417419,0.9182098765432098,0.3531244099140167,0.33947888016700745,0.3055681884288788,0.9958013892173767,Matryoshka,2,4-level,True,0.01
CORRELATED_PAIRS,Matryoshka_17,0,4.7655,2.0,6,0.44888791659508676,0.29343511653981336,0.5620229244232178,0.9120370370370371,0.35280850529670715,0.34476032853126526,0.3072115182876587,0.995245099067688,Matryoshka,2,4-level,True,0.1
CORRELATED_PAIRS,Matryoshka_17,1,4.7655,2.0,6,0.44888791659508676,0.29343511653981336,0.5620229244232178,0.9120370370370371,0.35280850529670715,0.34476032853126526,0.3072115182876587,0.995245099067688,Matryoshka,2,4-level,True,0.1
CORRELATED_PAIRS,Matryoshka_17,2,4.7655,2.0,6,0.44888791659508676,0.29343511653981336,0.5620229244232178,0.9120370370370371,0.35280850529670715,0.34476032853126526,0.3072115182876587,0.995245099067688,Matryoshka,2,4-level,True,0.1
CORRELATED_PAIRS,Matryoshka_18,0,4.76192,3.0,0,0.5073063623855297,0.345737884363465,0.5388004779815674,0.8780864197530864,0.3331924378871918,0.32937899231910706,0.2916848361492157,0.9933385252952576,Matryoshka,3,2-level,True,0.001
CORRELATED_PAIRS,Matryoshka_18,1,4.76192,3.0,0,0.5073063623855297,0.345737884363465,0.5388004779815674,0.8780864197530864,0.3331924378871918,0.32937899231910706,0.2916848361492157,0.9933385252952576,Matryoshka,3,2-level,True,0.001
CORRELATED_PAIRS,Matryoshka_18,2,4.76192,3.0,0,0.5073063623855297,0.345737884363465,0.5388004779815674,0.8780864197530864,0.3331924378871918,0.32937899231910706,0.2916848361492157,0.9933385252952576,Matryoshka,3,2-level,True,0.001
CORRELATED_PAIRS,Matryoshka_19,0,4.77494,3.0,0,0.5039268763845757,0.34345004042436034,0.5320689082145691,0.8765432098765432,0.3339857757091522,0.33661597967147827,0.2948360741138458,0.9938669204711914,Matryoshka,3,2-level,True,0.01
CORRELATED_PAIRS,Matryoshka_19,1,4.77494,3.0,0,0.5039268763845757,0.34345004042436034,0.5320689082145691,0.8765432098765432,0.3339857757091522,0.33661597967147827,0.2948360741138458,0.9938669204711914,Matryoshka,3,2-level,True,0.01
CORRELATED_PAIRS,Matryoshka_19,2,4.77494,3.0,0,0.5039268763845757,0.34345004042436034,0.5320689082145691,0.8765432098765432,0.3339857757091522,0.33661597967147827,0.2948360741138458,0.9938669204711914,Matryoshka,3,2-level,True,0.01
CORRELATED_PAIRS,Matryoshka_2,0,4.77074,1.0,62,0.3778515688190035,0.21002056449068507,0.5956931710243225,0.9104938271604939,0.48239871859550476,0.28162217140197754,0.3296731412410736,0.9940310716629028,Matryoshka,1,2-level,True,0.1
CORRELATED_PAIRS,Matryoshka_2,1,4.77074,1.0,62,0.3778515688190035,0.21002056449068507,0.5956931710243225,0.9104938271604939,0.48239871859550476,0.28162217140197754,0.3296731412410736,0.9940310716629028,Matryoshka,1,2-level,True,0.1
CORRELATED_PAIRS,Matryoshka_2,2,4.77074,1.0,62,0.3778515688190035,0.21002056449068507,0.5956931710243225,0.9104938271604939,0.48239871859550476,0.28162217140197754,0.3296731412410736,0.9940310716629028,Matryoshka,1,2-level,True,0.1
CORRELATED_PAIRS,Matryoshka_20,0,4.78334,3.0,1,0.5086005791774039,0.3418521908494889,0.5363980531692505,0.8811728395061729,0.3338486850261688,0.34044986963272095,0.2910781800746918,0.9940500855445862,Matryoshka,3,2-level,True,0.1
CORRELATED_PAIRS,Matryoshka_20,1,4.78334,3.0,1,0.5086005791774039,0.3418521908494889,0.5363980531692505,0.8811728395061729,0.3338486850261688,0.34044986963272095,0.2910781800746918,0.9940500855445862,Matryoshka,3,2-level,True,0.1
CORRELATED_PAIRS,Matryoshka_20,2,4.78334,3.0,1,0.5086005791774039,0.3418521908494889,0.5363980531692505,0.8811728395061729,0.3338486850261688,0.34044986963272095,0.2910781800746918,0.9940500855445862,Matryoshka,3,2-level,True,0.1
CORRELATED_PAIRS,Matryoshka_21,0,4.77019,3.0,0,0.5036020084366217,0.3249489838856394,0.5286401510238647,0.8796296296296297,0.33855104446411133,0.323676735162735,0.28799667954444885,0.9929941296577454,Matryoshka,3,3-level,True,0.001
CORRELATED_PAIRS,Matryoshka_21,1,4.77019,3.0,0,0.5036020084366217,0.3249489838856394,0.5286401510238647,0.8796296296296297,0.33855104446411133,0.323676735162735,0.28799667954444885,0.9929941296577454,Matryoshka,3,3-level,True,0.001
CORRELATED_PAIRS,Matryoshka_21,2,4.77019,3.0,0,0.5036020084366217,0.3249489838856394,0.5286401510238647,0.8796296296296297,0.33855104446411133,0.323676735162735,0.28799667954444885,0.9929941296577454,Matryoshka,3,3-level,True,0.001
CORRELATED_PAIRS,Matryoshka_22,0,4.76374,3.0,0,0.5041710523988112,0.33526093725535444,0.5292553305625916,0.8688271604938271,0.33682981133461,0.32186853885650635,0.28763100504875183,0.9933599829673767,Matryoshka,3,3-level,True,0.01
CORRELATED_PAIRS,Matryoshka_22,1,4.76374,3.0,0,0.5041710523988112,0.33526093725535444,0.5292553305625916,0.8688271604938271,0.33682981133461,0.32186853885650635,0.28763100504875183,0.9933599829673767,Matryoshka,3,3-level,True,0.01
CORRELATED_PAIRS,Matryoshka_22,2,4.76374,3.0,0,0.5041710523988112,0.33526093725535444,0.5292553305625916,0.8688271604938271,0.33682981133461,0.32186853885650635,0.28763100504875183,0.9933599829673767,Matryoshka,3,3-level,True,0.01
CORRELATED_PAIRS,Matryoshka_23,0,4.76066,3.0,0,0.5089805360501092,0.3273261332344505,0.5264360308647156,0.8641975308641975,0.33952608704566956,0.33472368121147156,0.2913016676902771,0.9938761591911316,Matryoshka,3,3-level,True,0.1
CORRELATED_PAIRS,Matryoshka_23,1,4.76066,3.0,0,0.5089805360501092,0.3273261332344505,0.5264360308647156,0.8641975308641975,0.33952608704566956,0.33472368121147156,0.2913016676902771,0.9938761591911316,Matryoshka,3,3-level,True,0.1
CORRELATED_PAIRS,Matryoshka_23,2,4.76066,3.0,0,0.5089805360501092,0.3273261332344505,0.5264360308647156,0.8641975308641975,0.33952608704566956,0.33472368121147156,0.2913016676902771,0.9938761591911316,Matryoshka,3,3-level,True,0.1
CORRELATED_PAIRS,Matryoshka_24,0,4.7856,3.0,4,0.521644432892608,0.33969106362855195,0.5239050388336182,0.8719135802469136,0.32744941115379333,0.31318074464797974,0.27796369791030884,0.9939086437225342,Matryoshka,3,4-level,True,0.001
CORRELATED_PAIRS,Matryoshka_24,1,4.7856,3.0,4,0.521644432892608,0.33969106362855195,0.5239050388336182,0.8719135802469136,0.32744941115379333,0.31318074464797974,0.27796369791030884,0.9939086437225342,Matryoshka,3,4-level,True,0.001
CORRELATED_PAIRS,Matryoshka_24,2,4.7856,3.0,4,0.521644432892608,0.33969106362855195,0.5239050388336182,0.8719135802469136,0.32744941115379333,0.31318074464797974,0.27796369791030884,0.9939086437225342,Matryoshka,3,4-level,True,0.001
CORRELATED_PAIRS,Matryoshka_25,0,4.77115,3.0,2,0.5173044841009049,0.34442716603035184,0.5242695808410645,0.8564814814814815,0.3371492326259613,0.31307893991470337,0.279801607131958,0.9939362406730652,Matryoshka,3,4-level,True,0.01
CORRELATED_PAIRS,Matryoshka_25,1,4.77115,3.0,2,0.5173044841009049,0.34442716603035184,0.5242695808410645,0.8564814814814815,0.3371492326259613,0.31307893991470337,0.279801607131958,0.9939362406730652,Matryoshka,3,4-level,True,0.01
CORRELATED_PAIRS,Matryoshka_25,2,4.77115,3.0,2,0.5173044841009049,0.34442716603035184,0.5242695808410645,0.8564814814814815,0.3371492326259613,0.31307893991470337,0.279801607131958,0.9939362406730652,Matryoshka,3,4-level,True,0.01
CORRELATED_PAIRS,Matryoshka_26,0,4.78075,3.0,0,0.5115311047466276,0.3287221748133722,0.5290781259536743,0.8765432098765432,0.3214264512062073,0.3209589421749115,0.27720949053764343,0.9933080077171326,Matryoshka,3,4-level,True,0.1
CORRELATED_PAIRS,Matryoshka_26,1,4.78075,3.0,0,0.5115311047466276,0.3287221748133722,0.5290781259536743,0.8765432098765432,0.3214264512062073,0.3209589421749115,0.27720949053764343,0.9933080077171326,Matryoshka,3,4-level,True,0.1
CORRELATED_PAIRS,Matryoshka_26,2,4.78075,3.0,0,0.5115311047466276,0.3287221748133722,0.5290781259536743,0.8765432098765432,0.3214264512062073,0.3209589421749115,0.27720949053764343,0.9933080077171326,Matryoshka,3,4-level,True,0.1
CORRELATED_PAIRS,Matryoshka_27,0,4.77515,4.0,0,0.55511976871551,0.38291828273957407,0.5026797652244568,0.8287037037037037,0.32013776898384094,0.30409616231918335,0.2685677707195282,0.9909900426864624,Matryoshka,4,2-level,True,0.001
CORRELATED_PAIRS,Matryoshka_27,1,4.77515,4.0,0,0.55511976871551,0.38291828273957407,0.5026797652244568,0.8287037037037037,0.32013776898384094,0.30409616231918335,0.2685677707195282,0.9909900426864624,Matryoshka,4,2-level,True,0.001
CORRELATED_PAIRS,Matryoshka_27,2,4.77515,4.0,0,0.55511976871551,0.38291828273957407,0.5026797652244568,0.8287037037037037,0.32013776898384094,0.30409616231918335,0.2685677707195282,0.9909900426864624,Matryoshka,4,2-level,True,0.001
CORRELATED_PAIRS,Matryoshka_28,0,4.76852,4.0,0,0.5524449500277975,0.3830337149307874,0.4971955418586731,0.8287037037037037,0.3237302899360657,0.3011426329612732,0.27407798171043396,0.991980254650116,Matryoshka,4,2-level,True,0.01
CORRELATED_PAIRS,Matryoshka_28,1,4.76852,4.0,0,0.5524449500277975,0.3830337149307874,0.4971955418586731,0.8287037037037037,0.3237302899360657,0.3011426329612732,0.27407798171043396,0.991980254650116,Matryoshka,4,2-level,True,0.01
CORRELATED_PAIRS,Matryoshka_28,2,4.76852,4.0,0,0.5524449500277975,0.3830337149307874,0.4971955418586731,0.8287037037037037,0.3237302899360657,0.3011426329612732,0.27407798171043396,0.991980254650116,Matryoshka,4,2-level,True,0.01
CORRELATED_PAIRS,Matryoshka_29,0,4.77125,4.0,1,0.554180937623157,0.3820419600551189,0.500704288482666,0.8240740740740741,0.3261556029319763,0.30237913131713867,0.27125683426856995,0.9916502237319946,Matryoshka,4,2-level,True,0.1
CORRELATED_PAIRS,Matryoshka_29,1,4.77125,4.0,1,0.554180937623157,0.3820419600551189,0.500704288482666,0.8240740740740741,0.3261556029319763,0.30237913131713867,0.27125683426856995,0.9916502237319946,Matryoshka,4,2-level,True,0.1
CORRELATED_PAIRS,Matryoshka_29,2,4.77125,4.0,1,0.554180937623157,0.3820419600551189,0.500704288482666,0.8240740740740741,0.3261556029319763,0.30237913131713867,0.27125683426856995,0.9916502237319946,Matryoshka,4,2-level,True,0.1
CORRELATED_PAIRS,Matryoshka_3,0,4.78998,1.0,64,0.3516535660962226,0.20987002171212266,0.5923575162887573,0.9166666666666666,0.4756081700325012,0.2972865104675293,0.33760368824005127,0.9951371550559998,Matryoshka,1,3-level,True,0.001
CORRELATED_PAIRS,Matryoshka_3,1,4.78998,1.0,64,0.3516535660962226,0.20987002171212266,0.5923575162887573,0.9166666666666666,0.4756081700325012,0.2972865104675293,0.33760368824005127,0.9951371550559998,Matryoshka,1,3-level,True,0.001
CORRELATED_PAIRS,Matryoshka_3,2,4.78998,1.0,64,0.3516535660962226,0.20987002171212266,0.5923575162887573,0.9166666666666666,0.4756081700325012,0.2972865104675293,0.33760368824005127,0.9951371550559998,Matryoshka,1,3-level,True,0.001
CORRELATED_PAIRS,Matryoshka_30,0,4.77355,4.0,1,0.5708571016465461,0.37579007386785446,0.4984990358352661,0.8549382716049383,0.33254942297935486,0.29245898127555847,0.272935152053833,0.9922351837158203,Matryoshka,4,3-level,True,0.001
CORRELATED_PAIRS,Matryoshka_30,1,4.77355,4.0,1,0.5708571016465461,0.37579007386785446,0.4984990358352661,0.8549382716049383,0.33254942297935486,0.29245898127555847,0.272935152053833,0.9922351837158203,Matryoshka,4,3-level,True,0.001
CORRELATED_PAIRS,Matryoshka_30,2,4.77355,4.0,1,0.5708571016465461,0.37579007386785446,0.4984990358352661,0.8549382716049383,0.33254942297935486,0.29245898127555847,0.272935152053833,0.9922351837158203,Matryoshka,4,3-level,True,0.001
CORRELATED_PAIRS,Matryoshka_31,0,4.77456,4.0,1,0.563947697212052,0.37233660413343184,0.49997392296791077,0.8487654320987654,0.32587695121765137,0.3078254461288452,0.272799015045166,0.9920068383216858,Matryoshka,4,3-level,True,0.01
CORRELATED_PAIRS,Matryoshka_31,1,4.77456,4.0,1,0.563947697212052,0.37233660413343184,0.49997392296791077,0.8487654320987654,0.32587695121765137,0.3078254461288452,0.272799015045166,0.9920068383216858,Matryoshka,4,3-level,True,0.01
CORRELATED_PAIRS,Matryoshka_31,2,4.77456,4.0,1,0.563947697212052,0.37233660413343184,0.49997392296791077,0.8487654320987654,0.32587695121765137,0.3078254461288452,0.272799015045166,0.9920068383216858,Matryoshka,4,3-level,True,0.01
CORRELATED_PAIRS,Matryoshka_32,0,4.77997,4.0,0,0.5448736323961733,0.35873671686311215,0.5004783272743225,0.8333333333333334,0.31289002299308777,0.29041212797164917,0.25799956917762756,0.9913581609725952,Matryoshka,4,3-level,True,0.1
CORRELATED_PAIRS,Matryoshka_32,1,4.77997,4.0,0,0.5448736323961733,0.35873671686311215,0.5004783272743225,0.8333333333333334,0.31289002299308777,0.29041212797164917,0.25799956917762756,0.9913581609725952,Matryoshka,4,3-level,True,0.1
CORRELATED_PAIRS,Matryoshka_32,2,4.77997,4.0,0,0.5448736323961733,0.35873671686311215,0.5004783272743225,0.8333333333333334,0.31289002299308777,0.29041212797164917,0.25799956917762756,0.9913581609725952,Matryoshka,4,3-level,True,0.1
CORRELATED_PAIRS,Matryoshka_33,0,4.7656,4.0,1,0.5526392976707022,0.38063325412908355,0.4998343586921692,0.8333333333333334,0.3049980401992798,0.28862932324409485,0.25048455595970154,0.9915142059326172,Matryoshka,4,4-level,True,0.001
CORRELATED_PAIRS,Matryoshka_33,1,4.7656,4.0,1,0.5526392976707022,0.38063325412908355,0.4998343586921692,0.8333333333333334,0.3049980401992798,0.28862932324409485,0.25048455595970154,0.9915142059326172,Matryoshka,4,4-level,True,0.001
CORRELATED_PAIRS,Matryoshka_33,2,4.7656,4.0,1,0.5526392976707022,0.38063325412908355,0.4998343586921692,0.8333333333333334,0.3049980401992798,0.28862932324409485,0.25048455595970154,0.9915142059326172,Matryoshka,4,4-level,True,0.001
CORRELATED_PAIRS,Matryoshka_34,0,4.7689,4.0,2,0.5481978133718461,0.3716856837003135,0.4971626102924347,0.8364197530864198,0.3120352625846863,0.28061771392822266,0.25208860635757446,0.9921401143074036,Matryoshka,4,4-level,True,0.01
CORRELATED_PAIRS,Matryoshka_34,1,4.7689,4.0,2,0.5481978133718461,0.3716856837003135,0.4971626102924347,0.8364197530864198,0.3120352625846863,0.28061771392822266,0.25208860635757446,0.9921401143074036,Matryoshka,4,4-level,True,0.01
CORRELATED_PAIRS,Matryoshka_34,2,4.7689,4.0,2,0.5481978133718461,0.3716856837003135,0.4971626102924347,0.8364197530864198,0.3120352625846863,0.28061771392822266,0.25208860635757446,0.9921401143074036,Matryoshka,4,4-level,True,0.01
CORRELATED_PAIRS,Matryoshka_35,0,4.76396,4.0,0,0.5446950154987409,0.37036638830800483,0.49707409739494324,0.8302469135802469,0.30511513352394104,0.298689067363739,0.2529040277004242,0.992391049861908,Matryoshka,4,4-level,True,0.1
CORRELATED_PAIRS,Matryoshka_35,1,4.76396,4.0,0,0.5446950154987409,0.37036638830800483,0.49707409739494324,0.8302469135802469,0.30511513352394104,0.298689067363739,0.2529040277004242,0.992391049861908,Matryoshka,4,4-level,True,0.1
CORRELATED_PAIRS,Matryoshka_35,2,4.76396,4.0,0,0.5446950154987409,0.37036638830800483,0.49707409739494324,0.8302469135802469,0.30511513352394104,0.298689067363739,0.2529040277004242,0.992391049861908,Matryoshka,4,4-level,True,0.1
CORRELATED_PAIRS,Matryoshka_36,0,4.76723,5.0,1,0.6046077416036477,0.423217449302263,0.4791429936885834,0.8024691358024691,0.3315907418727875,0.26178231835365295,0.25346702337265015,0.9903056621551514,Matryoshka,5,2-level,True,0.001
CORRELATED_PAIRS,Matryoshka_36,1,4.76723,5.0,1,0.6046077416036477,0.423217449302263,0.4791429936885834,0.8024691358024691,0.3315907418727875,0.26178231835365295,0.25346702337265015,0.9903056621551514,Matryoshka,5,2-level,True,0.001
CORRELATED_PAIRS,Matryoshka_36,2,4.76723,5.0,1,0.6046077416036477,0.423217449302263,0.4791429936885834,0.8024691358024691,0.3315907418727875,0.26178231835365295,0.25346702337265015,0.9903056621551514,Matryoshka,5,2-level,True,0.001
CORRELATED_PAIRS,Matryoshka_37,0,4.76775,5.0,2,0.5898358502871703,0.4189024245696322,0.48110198974609375,0.7947530864197531,0.3267552852630615,0.26348939538002014,0.2505626976490021,0.9887034893035889,Matryoshka,5,2-level,True,0.01
CORRELATED_PAIRS,Matryoshka_37,1,4.76775,5.0,2,0.5898358502871703,0.4189024245696322,0.48110198974609375,0.7947530864197531,0.3267552852630615,0.26348939538002014,0.2505626976490021,0.9887034893035889,Matryoshka,5,2-level,True,0.01
CORRELATED_PAIRS,Matryoshka_37,2,4.76775,5.0,2,0.5898358502871703,0.4189024245696322,0.48110198974609375,0.7947530864197531,0.3267552852630615,0.26348939538002014,0.2505626976490021,0.9887034893035889,Matryoshka,5,2-level,True,0.01
CORRELATED_PAIRS,Matryoshka_38,0,4.77517,5.0,0,0.587835382347885,0.42070763268278943,0.4839438498020172,0.8179012345679012,0.32435014843940735,0.27015459537506104,0.25259435176849365,0.989831268787384,Matryoshka,5,2-level,True,0.1
CORRELATED_PAIRS,Matryoshka_38,1,4.77517,5.0,0,0.587835382347885,0.42070763268278943,0.4839438498020172,0.8179012345679012,0.32435014843940735,0.27015459537506104,0.25259435176849365,0.989831268787384,Matryoshka,5,2-level,True,0.1
CORRELATED_PAIRS,Matryoshka_38,2,4.77517,5.0,0,0.587835382347885,0.42070763268278943,0.4839438498020172,0.8179012345679012,0.32435014843940735,0.27015459537506104,0.25259435176849365,0.989831268787384,Matryoshka,5,2-level,True,0.1
CORRELATED_PAIRS,Matryoshka_39,0,4.77294,5.0,1,0.587429968714937,0.4045583957901363,0.4759967625141144,0.8194444444444444,0.3403072655200958,0.2650027871131897,0.25489476323127747,0.9899547100067139,Matryoshka,5,3-level,True,0.001
CORRELATED_PAIRS,Matryoshka_39,1,4.77294,5.0,1,0.587429968714937,0.4045583957901363,0.4759967625141144,0.8194444444444444,0.3403072655200958,0.2650027871131897,0.25489476323127747,0.9899547100067139,Matryoshka,5,3-level,True,0.001
CORRELATED_PAIRS,Matryoshka_39,2,4.77294,5.0,1,0.587429968714937,0.4045583957901363,0.4759967625141144,0.8194444444444444,0.3403072655200958,0.2650027871131897,0.25489476323127747,0.9899547100067139,Matryoshka,5,3-level,True,0.001
CORRELATED_PAIRS,Matryoshka_4,0,4.76939,1.0,59,0.3669662612016448,0.21084269789394705,0.5939284563064575,0.9320987654320988,0.480848491191864,0.2962445020675659,0.3389874994754791,0.9944868683815002,Matryoshka,1,3-level,True,0.01
CORRELATED_PAIRS,Matryoshka_4,1,4.76939,1.0,59,0.3669662612016448,0.21084269789394705,0.5939284563064575,0.9320987654320988,0.480848491191864,0.2962445020675659,0.3389874994754791,0.9944868683815002,Matryoshka,1,3-level,True,0.01
CORRELATED_PAIRS,Matryoshka_4,2,4.76939,1.0,59,0.3669662612016448,0.21084269789394705,0.5939284563064575,0.9320987654320988,0.480848491191864,0.2962445020675659,0.3389874994754791,0.9944868683815002,Matryoshka,1,3-level,True,0.01
CORRELATED_PAIRS,Matryoshka_40,0,4.76851,5.0,1,0.5891721366418778,0.39504318417540973,0.4786284565925598,0.8240740740740741,0.32844874262809753,0.2677820324897766,0.25158968567848206,0.9906114935874939,Matryoshka,5,3-level,True,0.01
CORRELATED_PAIRS,Matryoshka_40,1,4.76851,5.0,1,0.5891721366418778,0.39504318417540973,0.4786284565925598,0.8240740740740741,0.32844874262809753,0.2677820324897766,0.25158968567848206,0.9906114935874939,Matryoshka,5,3-level,True,0.01
CORRELATED_PAIRS,Matryoshka_40,2,4.76851,5.0,1,0.5891721366418778,0.39504318417540973,0.4786284565925598,0.8240740740740741,0.32844874262809753,0.2677820324897766,0.25158968567848206,0.9906114935874939,Matryoshka,5,3-level,True,0.01
CORRELATED_PAIRS,Matryoshka_41,0,4.78641,5.0,0,0.5793606609809449,0.394180592223234,0.4771886467933655,0.8024691358024691,0.3141310214996338,0.2697265148162842,0.24185140430927277,0.9898608326911926,Matryoshka,5,3-level,True,0.1
CORRELATED_PAIRS,Matryoshka_41,1,4.78641,5.0,0,0.5793606609809449,0.394180592223234,0.4771886467933655,0.8024691358024691,0.3141310214996338,0.2697265148162842,0.24185140430927277,0.9898608326911926,Matryoshka,5,3-level,True,0.1
CORRELATED_PAIRS,Matryoshka_41,2,4.78641,5.0,0,0.5793606609809449,0.394180592223234,0.4771886467933655,0.8024691358024691,0.3141310214996338,0.2697265148162842,0.24185140430927277,0.9898608326911926,Matryoshka,5,3-level,True,0.1
CORRELATED_PAIRS,Matryoshka_42,0,4.77699,5.0,0,0.5894350050530571,0.41842411952114045,0.48109784722328186,0.816358024691358,0.3177337944507599,0.2625519931316376,0.2370092123746872,0.9900532364845276,Matryoshka,5,4-level,True,0.001
CORRELATED_PAIRS,Matryoshka_42,1,4.77699,5.0,0,0.5894350050530571,0.41842411952114045,0.48109784722328186,0.816358024691358,0.3177337944507599,0.2625519931316376,0.2370092123746872,0.9900532364845276,Matryoshka,5,4-level,True,0.001
CORRELATED_PAIRS,Matryoshka_42,2,4.77699,5.0,0,0.5894350050530571,0.41842411952114045,0.48109784722328186,0.816358024691358,0.3177337944507599,0.2625519931316376,0.2370092123746872,0.9900532364845276,Matryoshka,5,4-level,True,0.001
CORRELATED_PAIRS,Matryoshka_43,0,4.75792,5.0,1,0.6044400077862719,0.42068852928862677,0.4756011962890625,0.8024691358024691,0.30989450216293335,0.25736647844314575,0.23629309237003326,0.9896203279495239,Matryoshka,5,4-level,True,0.01
CORRELATED_PAIRS,Matryoshka_43,1,4.75792,5.0,1,0.6044400077862719,0.42068852928862677,0.4756011962890625,0.8024691358024691,0.30989450216293335,0.25736647844314575,0.23629309237003326,0.9896203279495239,Matryoshka,5,4-level,True,0.01
CORRELATED_PAIRS,Matryoshka_43,2,4.75792,5.0,1,0.6044400077862719,0.42068852928862677,0.4756011962890625,0.8024691358024691,0.30989450216293335,0.25736647844314575,0.23629309237003326,0.9896203279495239,Matryoshka,5,4-level,True,0.01
CORRELATED_PAIRS,Matryoshka_44,0,4.76741,5.0,2,0.5999381520283924,0.41604134029060846,0.4745756983757019,0.8194444444444444,0.32100269198417664,0.25675973296165466,0.2367555797100067,0.9903523921966553,Matryoshka,5,4-level,True,0.1
CORRELATED_PAIRS,Matryoshka_44,1,4.76741,5.0,2,0.5999381520283924,0.41604134029060846,0.4745756983757019,0.8194444444444444,0.32100269198417664,0.25675973296165466,0.2367555797100067,0.9903523921966553,Matryoshka,5,4-level,True,0.1
CORRELATED_PAIRS,Matryoshka_44,2,4.76741,5.0,2,0.5999381520283924,0.41604134029060846,0.4745756983757019,0.8194444444444444,0.32100269198417664,0.25675973296165466,0.2367555797100067,0.9903523921966553,Matryoshka,5,4-level,True,0.1
CORRELATED_PAIRS,Matryoshka_45,0,4.77492,6.0,1,0.6335726637261143,0.45887367444497973,0.4635451138019562,0.7731481481481481,0.32503247261047363,0.23365281522274017,0.2252710908651352,0.9883184432983398,Matryoshka,6,2-level,True,0.001
CORRELATED_PAIRS,Matryoshka_45,1,4.77492,6.0,1,0.6335726637261143,0.45887367444497973,0.4635451138019562,0.7731481481481481,0.32503247261047363,0.23365281522274017,0.2252710908651352,0.9883184432983398,Matryoshka,6,2-level,True,0.001
CORRELATED_PAIRS,Matryoshka_45,2,4.77492,6.0,1,0.6335726637261143,0.45887367444497973,0.4635451138019562,0.7731481481481481,0.32503247261047363,0.23365281522274017,0.2252710908651352,0.9883184432983398,Matryoshka,6,2-level,True,0.001
CORRELATED_PAIRS,Matryoshka_46,0,4.78112,6.0,1,0.6303301273793647,0.45673338405517006,0.4658359885215759,0.7839506172839507,0.3137715756893158,0.2443046271800995,0.22819173336029053,0.9883270263671875,Matryoshka,6,2-level,True,0.01
CORRELATED_PAIRS,Matryoshka_46,1,4.78112,6.0,1,0.6303301273793647,0.45673338405517006,0.4658359885215759,0.7839506172839507,0.3137715756893158,0.2443046271800995,0.22819173336029053,0.9883270263671875,Matryoshka,6,2-level,True,0.01
CORRELATED_PAIRS,Matryoshka_46,2,4.78112,6.0,1,0.6303301273793647,0.45673338405517006,0.4658359885215759,0.7839506172839507,0.3137715756893158,0.2443046271800995,0.22819173336029053,0.9883270263671875,Matryoshka,6,2-level,True,0.01
CORRELATED_PAIRS,Matryoshka_47,0,4.76371,6.0,1,0.6219686182900576,0.45245114751186344,0.4603729844093323,0.7808641975308642,0.31543564796447754,0.2324874848127365,0.221580371260643,0.9881513714790344,Matryoshka,6,2-level,True,0.1
CORRELATED_PAIRS,Matryoshka_47,1,4.76371,6.0,1,0.6219686182900576,0.45245114751186344,0.4603729844093323,0.7808641975308642,0.31543564796447754,0.2324874848127365,0.221580371260643,0.9881513714790344,Matryoshka,6,2-level,True,0.1
CORRELATED_PAIRS,Matryoshka_47,2,4.76371,6.0,1,0.6219686182900576,0.45245114751186344,0.4603729844093323,0.7808641975308642,0.31543564796447754,0.2324874848127365,0.221580371260643,0.9881513714790344,Matryoshka,6,2-level,True,0.1
CORRELATED_PAIRS,Matryoshka_48,0,4.76128,6.0,0,0.622920062032545,0.43674652744887454,0.46183109283447266,0.7870370370370371,0.3177846372127533,0.24367734789848328,0.22905726730823517,0.9875360131263733,Matryoshka,6,3-level,True,0.001
CORRELATED_PAIRS,Matryoshka_48,1,4.76128,6.0,0,0.622920062032545,0.43674652744887454,0.46183109283447266,0.7870370370370371,0.3177846372127533,0.24367734789848328,0.22905726730823517,0.9875360131263733,Matryoshka,6,3-level,True,0.001
CORRELATED_PAIRS,Matryoshka_48,2,4.76128,6.0,0,0.622920062032545,0.43674652744887454,0.46183109283447266,0.7870370370370371,0.3177846372127533,0.24367734789848328,0.22905726730823517,0.9875360131263733,Matryoshka,6,3-level,True,0.001
CORRELATED_PAIRS,Matryoshka_49,0,4.76334,6.0,0,0.6480998833752601,0.4539547430501992,0.46191689372062683,0.7824074074074074,0.3328709900379181,0.22574332356452942,0.22586281597614288,0.9876405596733093,Matryoshka,6,3-level,True,0.01
CORRELATED_PAIRS,Matryoshka_49,1,4.76334,6.0,0,0.6480998833752601,0.4539547430501992,0.46191689372062683,0.7824074074074074,0.3328709900379181,0.22574332356452942,0.22586281597614288,0.9876405596733093,Matryoshka,6,3-level,True,0.01
CORRELATED_PAIRS,Matryoshka_49,2,4.76334,6.0,0,0.6480998833752601,0.4539547430501992,0.46191689372062683,0.7824074074074074,0.3328709900379181,0.22574332356452942,0.22586281597614288,0.9876405596733093,Matryoshka,6,3-level,True,0.01
CORRELATED_PAIRS,Matryoshka_5,0,4.77557,1.0,66,0.3587724260916358,0.21123498005130803,0.5906712412834167,0.9089506172839507,0.47599831223487854,0.2870478928089142,0.3319070041179657,0.9947399497032166,Matryoshka,1,3-level,True,0.1
CORRELATED_PAIRS,Matryoshka_5,1,4.77557,1.0,66,0.3587724260916358,0.21123498005130803,0.5906712412834167,0.9089506172839507,0.47599831223487854,0.2870478928089142,0.3319070041179657,0.9947399497032166,Matryoshka,1,3-level,True,0.1
CORRELATED_PAIRS,Matryoshka_5,2,4.77557,1.0,66,0.3587724260916358,0.21123498005130803,0.5906712412834167,0.9089506172839507,0.47599831223487854,0.2870478928089142,0.3319070041179657,0.9947399497032166,Matryoshka,1,3-level,True,0.1
CORRELATED_PAIRS,Matryoshka_50,0,4.7786,6.0,0,0.6258832383463548,0.42671997805704787,0.45914822816848755,0.8148148148148148,0.3190014362335205,0.2362862378358841,0.22481483221054077,0.988752007484436,Matryoshka,6,3-level,True,0.1
CORRELATED_PAIRS,Matryoshka_50,1,4.7786,6.0,0,0.6258832383463548,0.42671997805704787,0.45914822816848755,0.8148148148148148,0.3190014362335205,0.2362862378358841,0.22481483221054077,0.988752007484436,Matryoshka,6,3-level,True,0.1
CORRELATED_PAIRS,Matryoshka_50,2,4.7786,6.0,0,0.6258832383463548,0.42671997805704787,0.45914822816848755,0.8148148148148148,0.3190014362335205,0.2362862378358841,0.22481483221054077,0.988752007484436,Matryoshka,6,3-level,True,0.1
CORRELATED_PAIRS,Matryoshka_51,0,4.77487,6.0,0,0.620192520207123,0.44543564608825637,0.4609072804450989,0.7808641975308642,0.3053071200847626,0.22960029542446136,0.2092348039150238,0.9874152541160583,Matryoshka,6,4-level,True,0.001
CORRELATED_PAIRS,Matryoshka_51,1,4.77487,6.0,0,0.620192520207123,0.44543564608825637,0.4609072804450989,0.7808641975308642,0.3053071200847626,0.22960029542446136,0.2092348039150238,0.9874152541160583,Matryoshka,6,4-level,True,0.001
CORRELATED_PAIRS,Matryoshka_51,2,4.77487,6.0,0,0.620192520207123,0.44543564608825637,0.4609072804450989,0.7808641975308642,0.3053071200847626,0.22960029542446136,0.2092348039150238,0.9874152541160583,Matryoshka,6,4-level,True,0.001
CORRELATED_PAIRS,Matryoshka_52,0,4.76714,6.0,1,0.6288768387368996,0.44904578858942557,0.4602004587650299,0.7854938271604939,0.31766030192375183,0.22058327496051788,0.21246559917926788,0.987842321395874,Matryoshka,6,4-level,True,0.01
CORRELATED_PAIRS,Matryoshka_52,1,4.76714,6.0,1,0.6288768387368996,0.44904578858942557,0.4602004587650299,0.7854938271604939,0.31766030192375183,0.22058327496051788,0.21246559917926788,0.987842321395874,Matryoshka,6,4-level,True,0.01
CORRELATED_PAIRS,Matryoshka_52,2,4.76714,6.0,1,0.6288768387368996,0.44904578858942557,0.4602004587650299,0.7854938271604939,0.31766030192375183,0.22058327496051788,0.21246559917926788,0.987842321395874,Matryoshka,6,4-level,True,0.01
CORRELATED_PAIRS,Matryoshka_53,0,4.7678,6.0,1,0.6400379011012904,0.45089610174513894,0.4598925709724426,0.7932098765432098,0.3223330080509186,0.2257823646068573,0.21564985811710358,0.9872612953186035,Matryoshka,6,4-level,True,0.1
CORRELATED_PAIRS,Matryoshka_53,1,4.7678,6.0,1,0.6400379011012904,0.45089610174513894,0.4598925709724426,0.7932098765432098,0.3223330080509186,0.2257823646068573,0.21564985811710358,0.9872612953186035,Matryoshka,6,4-level,True,0.1
CORRELATED_PAIRS,Matryoshka_53,2,4.7678,6.0,1,0.6400379011012904,0.45089610174513894,0.4598925709724426,0.7932098765432098,0.3223330080509186,0.2257823646068573,0.21564985811710358,0.9872612953186035,Matryoshka,6,4-level,True,0.1
CORRELATED_PAIRS,Matryoshka_54,0,4.76249,7.0,1,0.6605200455244027,0.49139502080136777,0.4550633728504181,0.7530864197530864,0.2828502058982849,0.22005274891853333,0.20046599209308624,0.9839834570884705,Matryoshka,7,2-level,True,0.001
CORRELATED_PAIRS,Matryoshka_54,1,4.76249,7.0,1,0.6605200455244027,0.49139502080136777,0.4550633728504181,0.7530864197530864,0.2828502058982849,0.22005274891853333,0.20046599209308624,0.9839834570884705,Matryoshka,7,2-level,True,0.001
CORRELATED_PAIRS,Matryoshka_54,2,4.76249,7.0,1,0.6605200455244027,0.49139502080136777,0.4550633728504181,0.7530864197530864,0.2828502058982849,0.22005274891853333,0.20046599209308624,0.9839834570884705,Matryoshka,7,2-level,True,0.001
CORRELATED_PAIRS,Matryoshka_55,0,4.77397,7.0,0,0.666361962418598,0.4954717752412048,0.4518962502479553,0.7669753086419753,0.32256078720092773,0.21897177398204803,0.20960178971290588,0.9870204329490662,Matryoshka,7,2-level,True,0.01
CORRELATED_PAIRS,Matryoshka_55,1,4.77397,7.0,0,0.666361962418598,0.4954717752412048,0.4518962502479553,0.7669753086419753,0.32256078720092773,0.21897177398204803,0.20960178971290588,0.9870204329490662,Matryoshka,7,2-level,True,0.01
CORRELATED_PAIRS,Matryoshka_55,2,4.77397,7.0,0,0.666361962418598,0.4954717752412048,0.4518962502479553,0.7669753086419753,0.32256078720092773,0.21897177398204803,0.20960178971290588,0.9870204329490662,Matryoshka,7,2-level,True,0.01
CORRELATED_PAIRS,Matryoshka_56,0,4.76748,7.0,1,0.6647791598014737,0.4882253473716184,0.44927141070365906,0.7469135802469136,0.2819633185863495,0.20207946002483368,0.18956193327903748,0.9871087074279785,Matryoshka,7,2-level,True,0.1
CORRELATED_PAIRS,Matryoshka_56,1,4.76748,7.0,1,0.6647791598014737,0.4882253473716184,0.44927141070365906,0.7469135802469136,0.2819633185863495,0.20207946002483368,0.18956193327903748,0.9871087074279785,Matryoshka,7,2-level,True,0.1
CORRELATED_PAIRS,Matryoshka_56,2,4.76748,7.0,1,0.6647791598014737,0.4882253473716184,0.44927141070365906,0.7469135802469136,0.2819633185863495,0.20207946002483368,0.18956193327903748,0.9871087074279785,Matryoshka,7,2-level,True,0.1
CORRELATED_PAIRS,Matryoshka_57,0,4.76468,7.0,1,0.6464630552607641,0.47012169696089845,0.4419107735157013,0.7515432098765432,0.2806442379951477,0.187742680311203,0.1741524636745453,0.9860178828239441,Matryoshka,7,3-level,True,0.001
CORRELATED_PAIRS,Matryoshka_57,1,4.76468,7.0,1,0.6464630552607641,0.47012169696089845,0.4419107735157013,0.7515432098765432,0.2806442379951477,0.187742680311203,0.1741524636745453,0.9860178828239441,Matryoshka,7,3-level,True,0.001
CORRELATED_PAIRS,Matryoshka_57,2,4.76468,7.0,1,0.6464630552607641,0.47012169696089845,0.4419107735157013,0.7515432098765432,0.2806442379951477,0.187742680311203,0.1741524636745453,0.9860178828239441,Matryoshka,7,3-level,True,0.001
CORRELATED_PAIRS,Matryoshka_58,0,4.76015,7.0,0,0.6436842636263048,0.45549010710414495,0.4452051818370819,0.7638888888888888,0.30372434854507446,0.2065671682357788,0.19708645343780518,0.9865182042121887,Matryoshka,7,3-level,True,0.01
CORRELATED_PAIRS,Matryoshka_58,1,4.76015,7.0,0,0.6436842636263048,0.45549010710414495,0.4452051818370819,0.7638888888888888,0.30372434854507446,0.2065671682357788,0.19708645343780518,0.9865182042121887,Matryoshka,7,3-level,True,0.01
CORRELATED_PAIRS,Matryoshka_58,2,4.76015,7.0,0,0.6436842636263048,0.45549010710414495,0.4452051818370819,0.7638888888888888,0.30372434854507446,0.2065671682357788,0.19708645343780518,0.9865182042121887,Matryoshka,7,3-level,True,0.01
CORRELATED_PAIRS,Matryoshka_59,0,4.77247,7.0,0,0.6402324918134683,0.4607879576613303,0.44503384828567505,0.7391975308641975,0.29478719830513,0.2070339173078537,0.19387270510196686,0.9868719577789307,Matryoshka,7,3-level,True,0.1
CORRELATED_PAIRS,Matryoshka_59,1,4.77247,7.0,0,0.6402324918134683,0.4607879576613303,0.44503384828567505,0.7391975308641975,0.29478719830513,0.2070339173078537,0.19387270510196686,0.9868719577789307,Matryoshka,7,3-level,True,0.1
CORRELATED_PAIRS,Matryoshka_59,2,4.77247,7.0,0,0.6402324918134683,0.4607879576613303,0.44503384828567505,0.7391975308641975,0.29478719830513,0.2070339173078537,0.19387270510196686,0.9868719577789307,Matryoshka,7,3-level,True,0.1
CORRELATED_PAIRS,Matryoshka_6,0,4.76922,1.0,64,0.35754111077273787,0.21075907489376355,0.5929288268089294,0.9243827160493827,0.46548017859458923,0.297446072101593,0.3372260630130768,0.9951608180999756,Matryoshka,1,4-level,True,0.001
CORRELATED_PAIRS,Matryoshka_6,1,4.76922,1.0,64,0.35754111077273787,0.21075907489376355,0.5929288268089294,0.9243827160493827,0.46548017859458923,0.297446072101593,0.3372260630130768,0.9951608180999756,Matryoshka,1,4-level,True,0.001
CORRELATED_PAIRS,Matryoshka_6,2,4.76922,1.0,64,0.35754111077273787,0.21075907489376355,0.5929288268089294,0.9243827160493827,0.46548017859458923,0.297446072101593,0.3372260630130768,0.9951608180999756,Matryoshka,1,4-level,True,0.001
CORRELATED_PAIRS,Matryoshka_60,0,4.76131,7.0,6,0.6623820385357623,0.48176113187176195,0.4472506642341614,0.7608024691358025,0.2983497083187103,0.180046945810318,0.16848787665367126,0.9867366552352905,Matryoshka,7,4-level,True,0.001
CORRELATED_PAIRS,Matryoshka_60,1,4.76131,7.0,6,0.6623820385357623,0.48176113187176195,0.4472506642341614,0.7608024691358025,0.2983497083187103,0.180046945810318,0.16848787665367126,0.9867366552352905,Matryoshka,7,4-level,True,0.001
CORRELATED_PAIRS,Matryoshka_60,2,4.76131,7.0,6,0.6623820385357623,0.48176113187176195,0.4472506642341614,0.7608024691358025,0.2983497083187103,0.180046945810318,0.16848787665367126,0.9867366552352905,Matryoshka,7,4-level,True,0.001
CORRELATED_PAIRS,Matryoshka_61,0,4.77342,7.0,2,0.657148872642177,0.4868947417138443,0.4404795169830322,0.7330246913580247,0.32680392265319824,0.18447580933570862,0.17715927958488464,0.9864795804023743,Matryoshka,7,4-level,True,0.01
CORRELATED_PAIRS,Matryoshka_61,1,4.77342,7.0,2,0.657148872642177,0.4868947417138443,0.4404795169830322,0.7330246913580247,0.32680392265319824,0.18447580933570862,0.17715927958488464,0.9864795804023743,Matryoshka,7,4-level,True,0.01
CORRELATED_PAIRS,Matryoshka_61,2,4.77342,7.0,2,0.657148872642177,0.4868947417138443,0.4404795169830322,0.7330246913580247,0.32680392265319824,0.18447580933570862,0.17715927958488464,0.9864795804023743,Matryoshka,7,4-level,True,0.01
CORRELATED_PAIRS,Matryoshka_62,0,4.77378,7.0,3,0.6489217523964569,0.4776106397475052,0.44758331775665283,0.7530864197530864,0.30471503734588623,0.18598608672618866,0.17803335189819336,0.9852638840675354,Matryoshka,7,4-level,True,0.1
CORRELATED_PAIRS,Matryoshka_62,1,4.77378,7.0,3,0.6489217523964569,0.4776106397475052,0.44758331775665283,0.7530864197530864,0.30471503734588623,0.18598608672618866,0.17803335189819336,0.9852638840675354,Matryoshka,7,4-level,True,0.1
CORRELATED_PAIRS,Matryoshka_62,2,4.77378,7.0,3,0.6489217523964569,0.4776106397475052,0.44758331775665283,0.7530864197530864,0.30471503734588623,0.18598608672618866,0.17803335189819336,0.9852638840675354,Matryoshka,7,4-level,True,0.1
CORRELATED_PAIRS,Matryoshka_63,0,4.78003,1.0,66,0.3665093332423636,0.21662822206132182,0.5937676429748535,0.9243827160493827,0.4834599792957306,0.29251351952552795,0.3389113247394562,0.9946148991584778,Matryoshka,1,2-level,False,0.01
CORRELATED_PAIRS,Matryoshka_63,1,4.78003,1.0,66,0.3665093332423636,0.21662822206132182,0.5937676429748535,0.9243827160493827,0.4834599792957306,0.29251351952552795,0.3389113247394562,0.9946148991584778,Matryoshka,1,2-level,False,0.01
CORRELATED_PAIRS,Matryoshka_63,2,4.78003,1.0,66,0.3665093332423636,0.21662822206132182,0.5937676429748535,0.9243827160493827,0.4834599792957306,0.29251351952552795,0.3389113247394562,0.9946148991584778,Matryoshka,1,2-level,False,0.01
CORRELATED_PAIRS,Matryoshka_64,0,4.7603,1.0,64,0.37936373802684414,0.2171511563258619,0.5946416258811951,0.9151234567901234,0.4883599877357483,0.2905826270580292,0.3379775583744049,0.994406521320343,Matryoshka,1,3-level,False,0.01
CORRELATED_PAIRS,Matryoshka_64,1,4.7603,1.0,64,0.37936373802684414,0.2171511563258619,0.5946416258811951,0.9151234567901234,0.4883599877357483,0.2905826270580292,0.3379775583744049,0.994406521320343,Matryoshka,1,3-level,False,0.01
CORRELATED_PAIRS,Matryoshka_64,2,4.7603,1.0,64,0.37936373802684414,0.2171511563258619,0.5946416258811951,0.9151234567901234,0.4883599877357483,0.2905826270580292,0.3379775583744049,0.994406521320343,Matryoshka,1,3-level,False,0.01
CORRELATED_PAIRS,Matryoshka_65,0,4.77149,1.0,61,0.36246355167054184,0.20978987892456258,0.5911341309547424,0.9243827160493827,0.4742944836616516,0.297865092754364,0.33997029066085815,0.9947054982185364,Matryoshka,1,4-level,False,0.01
CORRELATED_PAIRS,Matryoshka_65,1,4.77149,1.0,61,0.36246355167054184,0.20978987892456258,0.5911341309547424,0.9243827160493827,0.4742944836616516,0.297865092754364,0.33997029066085815,0.9947054982185364,Matryoshka,1,4-level,False,0.01
CORRELATED_PAIRS,Matryoshka_65,2,4.77149,1.0,61,0.36246355167054184,0.20978987892456258,0.5911341309547424,0.9243827160493827,0.4742944836616516,0.297865092754364,0.33997029066085815,0.9947054982185364,Matryoshka,1,4-level,False,0.01
CORRELATED_PAIRS,Matryoshka_66,0,4.7657,2.0,1,0.44242073064403625,0.29976996300613157,0.5764528512954712,0.9351851851851852,0.35913440585136414,0.35859715938568115,0.32092413306236267,0.9953818321228027,Matryoshka,2,2-level,False,0.01
CORRELATED_PAIRS,Matryoshka_66,1,4.7657,2.0,1,0.44242073064403625,0.29976996300613157,0.5764528512954712,0.9351851851851852,0.35913440585136414,0.35859715938568115,0.32092413306236267,0.9953818321228027,Matryoshka,2,2-level,False,0.01
CORRELATED_PAIRS,Matryoshka_66,2,4.7657,2.0,1,0.44242073064403625,0.29976996300613157,0.5764528512954712,0.9351851851851852,0.35913440585136414,0.35859715938568115,0.32092413306236267,0.9953818321228027,Matryoshka,2,2-level,False,0.01
CORRELATED_PAIRS,Matryoshka_67,0,4.76428,2.0,2,0.44372879123627984,0.2864892329022687,0.5717164278030396,0.9243827160493827,0.3403293788433075,0.34468767046928406,0.30311569571495056,0.9951493144035339,Matryoshka,2,3-level,False,0.01
CORRELATED_PAIRS,Matryoshka_67,1,4.76428,2.0,2,0.44372879123627984,0.2864892329022687,0.5717164278030396,0.9243827160493827,0.3403293788433075,0.34468767046928406,0.30311569571495056,0.9951493144035339,Matryoshka,2,3-level,False,0.01
CORRELATED_PAIRS,Matryoshka_67,2,4.76428,2.0,2,0.44372879123627984,0.2864892329022687,0.5717164278030396,0.9243827160493827,0.3403293788433075,0.34468767046928406,0.30311569571495056,0.9951493144035339,Matryoshka,2,3-level,False,0.01
CORRELATED_PAIRS,Matryoshka_68,0,4.77963,2.0,2,0.4315044789560162,0.28763941615167143,0.56326824426651,0.9104938271604939,0.3468027114868164,0.33718806505203247,0.30226150155067444,0.9953452944755554,Matryoshka,2,4-level,False,0.01
CORRELATED_PAIRS,Matryoshka_68,1,4.77963,2.0,2,0.4315044789560162,0.28763941615167143,0.56326824426651,0.9104938271604939,0.3468027114868164,0.33718806505203247,0.30226150155067444,0.9953452944755554,Matryoshka,2,4-level,False,0.01
CORRELATED_PAIRS,Matryoshka_68,2,4.77963,2.0,2,0.4315044789560162,0.28763941615167143,0.56326824426651,0.9104938271604939,0.3468027114868164,0.33718806505203247,0.30226150155067444,0.9953452944755554,Matryoshka,2,4-level,False,0.01
CORRELATED_PAIRS,Matryoshka_69,0,4.76888,3.0,0,0.4999411542797347,0.34028161001960844,0.5299642086029053,0.8564814814814815,0.33065375685691833,0.3360251784324646,0.2908327281475067,0.9941012263298035,Matryoshka,3,2-level,False,0.01
CORRELATED_PAIRS,Matryoshka_69,1,4.76888,3.0,0,0.4999411542797347,0.34028161001960844,0.5299642086029053,0.8564814814814815,0.33065375685691833,0.3360251784324646,0.2908327281475067,0.9941012263298035,Matryoshka,3,2-level,False,0.01
CORRELATED_PAIRS,Matryoshka_69,2,4.76888,3.0,0,0.4999411542797347,0.34028161001960844,0.5299642086029053,0.8564814814814815,0.33065375685691833,0.3360251784324646,0.2908327281475067,0.9941012263298035,Matryoshka,3,2-level,False,0.01
CORRELATED_PAIRS,Matryoshka_7,0,4.77169,1.0,66,0.35489318484076177,0.2126459814689894,0.5891215801239014,0.9228395061728395,0.4690818190574646,0.29511260986328125,0.3356100618839264,0.9944067001342773,Matryoshka,1,4-level,True,0.01
CORRELATED_PAIRS,Matryoshka_7,1,4.77169,1.0,66,0.35489318484076177,0.2126459814689894,0.5891215801239014,0.9228395061728395,0.4690818190574646,0.29511260986328125,0.3356100618839264,0.9944067001342773,Matryoshka,1,4-level,True,0.01
CORRELATED_PAIRS,Matryoshka_7,2,4.77169,1.0,66,0.35489318484076177,0.2126459814689894,0.5891215801239014,0.9228395061728395,0.4690818190574646,0.29511260986328125,0.3356100618839264,0.9944067001342773,Matryoshka,1,4-level,True,0.01
CORRELATED_PAIRS,Matryoshka_70,0,4.7785,3.0,0,0.5078748717825634,0.32729474276515014,0.5274151563644409,0.8873456790123457,0.3296961188316345,0.3214952349662781,0.28722307085990906,0.9941387176513672,Matryoshka,3,3-level,False,0.01
CORRELATED_PAIRS,Matryoshka_70,1,4.7785,3.0,0,0.5078748717825634,0.32729474276515014,0.5274151563644409,0.8873456790123457,0.3296961188316345,0.3214952349662781,0.28722307085990906,0.9941387176513672,Matryoshka,3,3-level,False,0.01
CORRELATED_PAIRS,Matryoshka_70,2,4.7785,3.0,0,0.5078748717825634,0.32729474276515014,0.5274151563644409,0.8873456790123457,0.3296961188316345,0.3214952349662781,0.28722307085990906,0.9941387176513672,Matryoshka,3,3-level,False,0.01
CORRELATED_PAIRS,Matryoshka_71,0,4.76928,3.0,1,0.5102855553884801,0.34007026864242496,0.5247069001197815,0.8611111111111112,0.3348759412765503,0.3167504072189331,0.2799345552921295,0.9936427474021912,Matryoshka,3,4-level,False,0.01
CORRELATED_PAIRS,Matryoshka_71,1,4.76928,3.0,1,0.5102855553884801,0.34007026864242496,0.5247069001197815,0.8611111111111112,0.3348759412765503,0.3167504072189331,0.2799345552921295,0.9936427474021912,Matryoshka,3,4-level,False,0.01
CORRELATED_PAIRS,Matryoshka_71,2,4.76928,3.0,1,0.5102855553884801,0.34007026864242496,0.5247069001197815,0.8611111111111112,0.3348759412765503,0.3167504072189331,0.2799345552921295,0.9936427474021912,Matryoshka,3,4-level,False,0.01
CORRELATED_PAIRS,Matryoshka_72,0,4.75636,4.0,0,0.5455523759594091,0.3797152623280251,0.5015649795532227,0.8256172839506173,0.3174053132534027,0.297235906124115,0.2679887115955353,0.9919452667236328,Matryoshka,4,2-level,False,0.01
CORRELATED_PAIRS,Matryoshka_72,1,4.75636,4.0,0,0.5455523759594091,0.3797152623280251,0.5015649795532227,0.8256172839506173,0.3174053132534027,0.297235906124115,0.2679887115955353,0.9919452667236328,Matryoshka,4,2-level,False,0.01
CORRELATED_PAIRS,Matryoshka_72,2,4.75636,4.0,0,0.5455523759594091,0.3797152623280251,0.5015649795532227,0.8256172839506173,0.3174053132534027,0.297235906124115,0.2679887115955353,0.9919452667236328,Matryoshka,4,2-level,False,0.01
CORRELATED_PAIRS,Matryoshka_73,0,4.77947,4.0,0,0.5526340238242105,0.3609641922039135,0.49635258316993713,0.8240740740740741,0.3131971061229706,0.28795453906059265,0.2600433826446533,0.99196457862854,Matryoshka,4,3-level,False,0.01
CORRELATED_PAIRS,Matryoshka_73,1,4.77947,4.0,0,0.5526340238242105,0.3609641922039135,0.49635258316993713,0.8240740740740741,0.3131971061229706,0.28795453906059265,0.2600433826446533,0.99196457862854,Matryoshka,4,3-level,False,0.01
CORRELATED_PAIRS,Matryoshka_73,2,4.77947,4.0,0,0.5526340238242105,0.3609641922039135,0.49635258316993713,0.8240740740740741,0.3131971061229706,0.28795453906059265,0.2600433826446533,0.99196457862854,Matryoshka,4,3-level,False,0.01
CORRELATED_PAIRS,Matryoshka_74,0,4.77068,4.0,0,0.5558041356994793,0.3735747251812669,0.4968166947364807,0.8287037037037037,0.30357590317726135,0.27821847796440125,0.2487144023180008,0.9915087819099426,Matryoshka,4,4-level,False,0.01
CORRELATED_PAIRS,Matryoshka_74,1,4.77068,4.0,0,0.5558041356994793,0.3735747251812669,0.4968166947364807,0.8287037037037037,0.30357590317726135,0.27821847796440125,0.2487144023180008,0.9915087819099426,Matryoshka,4,4-level,False,0.01
CORRELATED_PAIRS,Matryoshka_74,2,4.77068,4.0,0,0.5558041356994793,0.3735747251812669,0.4968166947364807,0.8287037037037037,0.30357590317726135,0.27821847796440125,0.2487144023180008,0.9915087819099426,Matryoshka,4,4-level,False,0.01
CORRELATED_PAIRS,Matryoshka_75,0,4.77535,5.0,0,0.5950517280582083,0.42153601657254014,0.4828603267669678,0.7947530864197531,0.3306465744972229,0.268937885761261,0.25186917185783386,0.9904398322105408,Matryoshka,5,2-level,False,0.01
CORRELATED_PAIRS,Matryoshka_75,1,4.77535,5.0,0,0.5950517280582083,0.42153601657254014,0.4828603267669678,0.7947530864197531,0.3306465744972229,0.268937885761261,0.25186917185783386,0.9904398322105408,Matryoshka,5,2-level,False,0.01
CORRELATED_PAIRS,Matryoshka_75,2,4.77535,5.0,0,0.5950517280582083,0.42153601657254014,0.4828603267669678,0.7947530864197531,0.3306465744972229,0.268937885761261,0.25186917185783386,0.9904398322105408,Matryoshka,5,2-level,False,0.01
CORRELATED_PAIRS,Matryoshka_76,0,4.77967,5.0,1,0.5869853140107611,0.3949839687868393,0.47952309250831604,0.8240740740740741,0.32389646768569946,0.2613815367221832,0.2481466680765152,0.9904788136482239,Matryoshka,5,3-level,False,0.01
CORRELATED_PAIRS,Matryoshka_76,1,4.77967,5.0,1,0.5869853140107611,0.3949839687868393,0.47952309250831604,0.8240740740740741,0.32389646768569946,0.2613815367221832,0.2481466680765152,0.9904788136482239,Matryoshka,5,3-level,False,0.01
CORRELATED_PAIRS,Matryoshka_76,2,4.77967,5.0,1,0.5869853140107611,0.3949839687868393,0.47952309250831604,0.8240740740740741,0.32389646768569946,0.2613815367221832,0.2481466680765152,0.9904788136482239,Matryoshka,5,3-level,False,0.01
CORRELATED_PAIRS,Matryoshka_77,0,4.77463,5.0,2,0.5964480133571963,0.40507499080889586,0.4777342677116394,0.8132716049382716,0.3149241805076599,0.2665974497795105,0.23950743675231934,0.9901703000068665,Matryoshka,5,4-level,False,0.01
CORRELATED_PAIRS,Matryoshka_77,1,4.77463,5.0,2,0.5964480133571963,0.40507499080889586,0.4777342677116394,0.8132716049382716,0.3149241805076599,0.2665974497795105,0.23950743675231934,0.9901703000068665,Matryoshka,5,4-level,False,0.01
CORRELATED_PAIRS,Matryoshka_77,2,4.77463,5.0,2,0.5964480133571963,0.40507499080889586,0.4777342677116394,0.8132716049382716,0.3149241805076599,0.2665974497795105,0.23950743675231934,0.9901703000068665,Matryoshka,5,4-level,False,0.01
CORRELATED_PAIRS,Matryoshka_78,0,4.78069,6.0,0,0.6237375755638224,0.4489300202523049,0.4635627269744873,0.7700617283950617,0.3086441457271576,0.23018917441368103,0.22425778210163116,0.9874674677848816,Matryoshka,6,2-level,False,0.01
CORRELATED_PAIRS,Matryoshka_78,1,4.78069,6.0,0,0.6237375755638224,0.4489300202523049,0.4635627269744873,0.7700617283950617,0.3086441457271576,0.23018917441368103,0.22425778210163116,0.9874674677848816,Matryoshka,6,2-level,False,0.01
CORRELATED_PAIRS,Matryoshka_78,2,4.78069,6.0,0,0.6237375755638224,0.4489300202523049,0.4635627269744873,0.7700617283950617,0.3086441457271576,0.23018917441368103,0.22425778210163116,0.9874674677848816,Matryoshka,6,2-level,False,0.01
CORRELATED_PAIRS,Matryoshka_79,0,4.76983,6.0,0,0.6252671034674484,0.43726172007326847,0.4607004225254059,0.7746913580246914,0.312132865190506,0.24407008290290833,0.2257751226425171,0.9891605973243713,Matryoshka,6,3-level,False,0.01
CORRELATED_PAIRS,Matryoshka_79,1,4.76983,6.0,0,0.6252671034674484,0.43726172007326847,0.4607004225254059,0.7746913580246914,0.312132865190506,0.24407008290290833,0.2257751226425171,0.9891605973243713,Matryoshka,6,3-level,False,0.01
CORRELATED_PAIRS,Matryoshka_79,2,4.76983,6.0,0,0.6252671034674484,0.43726172007326847,0.4607004225254059,0.7746913580246914,0.312132865190506,0.24407008290290833,0.2257751226425171,0.9891605973243713,Matryoshka,6,3-level,False,0.01
CORRELATED_PAIRS,Matryoshka_8,0,4.76435,1.0,61,0.3520716485607983,0.2116819059679127,0.5917767286300659,0.9197530864197531,0.4668806195259094,0.29504451155662537,0.3349625766277313,0.9950085878372192,Matryoshka,1,4-level,True,0.1
CORRELATED_PAIRS,Matryoshka_8,1,4.76435,1.0,61,0.3520716485607983,0.2116819059679127,0.5917767286300659,0.9197530864197531,0.4668806195259094,0.29504451155662537,0.3349625766277313,0.9950085878372192,Matryoshka,1,4-level,True,0.1
CORRELATED_PAIRS,Matryoshka_8,2,4.76435,1.0,61,0.3520716485607983,0.2116819059679127,0.5917767286300659,0.9197530864197531,0.4668806195259094,0.29504451155662537,0.3349625766277313,0.9950085878372192,Matryoshka,1,4-level,True,0.1
CORRELATED_PAIRS,Matryoshka_80,0,4.77156,6.0,3,0.6232116468366335,0.438421182483115,0.4572679400444031,0.7978395061728395,0.31523069739341736,0.22563639283180237,0.2124309539794922,0.9885062575340271,Matryoshka,6,4-level,False,0.01
CORRELATED_PAIRS,Matryoshka_80,1,4.77156,6.0,3,0.6232116468366335,0.438421182483115,0.4572679400444031,0.7978395061728395,0.31523069739341736,0.22563639283180237,0.2124309539794922,0.9885062575340271,Matryoshka,6,4-level,False,0.01
CORRELATED_PAIRS,Matryoshka_80,2,4.77156,6.0,3,0.6232116468366335,0.438421182483115,0.4572679400444031,0.7978395061728395,0.31523069739341736,0.22563639283180237,0.2124309539794922,0.9885062575340271,Matryoshka,6,4-level,False,0.01
CORRELATED_PAIRS,Matryoshka_81,0,4.77931,7.0,0,0.6652510737746337,0.4929955653758573,0.4547998011112213,0.7870370370370371,0.3180345594882965,0.21011164784431458,0.20735254883766174,0.9873865246772766,Matryoshka,7,2-level,False,0.01
CORRELATED_PAIRS,Matryoshka_81,1,4.77931,7.0,0,0.6652510737746337,0.4929955653758573,0.4547998011112213,0.7870370370370371,0.3180345594882965,0.21011164784431458,0.20735254883766174,0.9873865246772766,Matryoshka,7,2-level,False,0.01
CORRELATED_PAIRS,Matryoshka_81,2,4.77931,7.0,0,0.6652510737746337,0.4929955653758573,0.4547998011112213,0.7870370370370371,0.3180345594882965,0.21011164784431458,0.20735254883766174,0.9873865246772766,Matryoshka,7,2-level,False,0.01
CORRELATED_PAIRS,Matryoshka_82,0,4.76851,7.0,0,0.654937659895038,0.4649205497576131,0.44254812598228455,0.7746913580246914,0.28585827350616455,0.20807886123657227,0.19383108615875244,0.9848166704177856,Matryoshka,7,3-level,False,0.01
CORRELATED_PAIRS,Matryoshka_82,1,4.76851,7.0,0,0.654937659895038,0.4649205497576131,0.44254812598228455,0.7746913580246914,0.28585827350616455,0.20807886123657227,0.19383108615875244,0.9848166704177856,Matryoshka,7,3-level,False,0.01
CORRELATED_PAIRS,Matryoshka_82,2,4.76851,7.0,0,0.654937659895038,0.4649205497576131,0.44254812598228455,0.7746913580246914,0.28585827350616455,0.20807886123657227,0.19383108615875244,0.9848166704177856,Matryoshka,7,3-level,False,0.01
CORRELATED_PAIRS,Matryoshka_83,0,4.76562,7.0,3,0.6487388766208172,0.47619308385048353,0.44542232155799866,0.7638888888888888,0.30134665966033936,0.19692982733249664,0.1835198849439621,0.986395001411438,Matryoshka,7,4-level,False,0.01
CORRELATED_PAIRS,Matryoshka_83,1,4.76562,7.0,3,0.6487388766208172,0.47619308385048353,0.44542232155799866,0.7638888888888888,0.30134665966033936,0.19692982733249664,0.1835198849439621,0.986395001411438,Matryoshka,7,4-level,False,0.01
CORRELATED_PAIRS,Matryoshka_83,2,4.76562,7.0,3,0.6487388766208172,0.47619308385048353,0.44542232155799866,0.7638888888888888,0.30134665966033936,0.19692982733249664,0.1835198849439621,0.986395001411438,Matryoshka,7,4-level,False,0.01
CORRELATED_PAIRS,Matryoshka_9,0,4.77803,2.0,2,0.4511256234776281,0.2947773148870667,0.5799670815467834,0.9320987654320988,0.36085090041160583,0.35625743865966797,0.3208642899990082,0.9957067370414734,Matryoshka,2,2-level,True,0.001
CORRELATED_PAIRS,Matryoshka_9,1,4.77803,2.0,2,0.4511256234776281,0.2947773148870667,0.5799670815467834,0.9320987654320988,0.36085090041160583,0.35625743865966797,0.3208642899990082,0.9957067370414734,Matryoshka,2,2-level,True,0.001
CORRELATED_PAIRS,Matryoshka_9,2,4.77803,2.0,2,0.4511256234776281,0.2947773148870667,0.5799670815467834,0.9320987654320988,0.36085090041160583,0.35625743865966797,0.3208642899990082,0.9957067370414734,Matryoshka,2,2-level,True,0.001
HIERARCHICAL_PAIRS,Matryoshka_0,0,1.94472,1.0,56,0.8412089537165282,0.8875972699076113,0.8857563138008118,0.941358024691358,0.8313913941383362,0.6081938743591309,0.6945148706436157,0.9970329403877258,Matryoshka,1,2-level,True,0.001
HIERARCHICAL_PAIRS,Matryoshka_0,1,1.94472,1.0,56,0.8412089537165282,0.8875972699076113,0.8857563138008118,0.941358024691358,0.8313913941383362,0.6081938743591309,0.6945148706436157,0.9970329403877258,Matryoshka,1,2-level,True,0.001
HIERARCHICAL_PAIRS,Matryoshka_0,2,1.94472,1.0,56,0.8412089537165282,0.8875972699076113,0.8857563138008118,0.941358024691358,0.8313913941383362,0.6081938743591309,0.6945148706436157,0.9970329403877258,Matryoshka,1,2-level,True,0.001
HIERARCHICAL_PAIRS,Matryoshka_1,0,1.94365,1.0,59,0.8390257459320534,0.8842726282860532,0.8801844120025635,0.9351851851851852,0.8230262994766235,0.5987042188644409,0.684022843837738,0.9966028332710266,Matryoshka,1,2-level,True,0.01
HIERARCHICAL_PAIRS,Matryoshka_1,1,1.94365,1.0,59,0.8390257459320534,0.8842726282860532,0.8801844120025635,0.9351851851851852,0.8230262994766235,0.5987042188644409,0.684022843837738,0.9966028332710266,Matryoshka,1,2-level,True,0.01
HIERARCHICAL_PAIRS,Matryoshka_1,2,1.94365,1.0,59,0.8390257459320534,0.8842726282860532,0.8801844120025635,0.9351851851851852,0.8230262994766235,0.5987042188644409,0.684022843837738,0.9966028332710266,Matryoshka,1,2-level,True,0.01
HIERARCHICAL_PAIRS,Matryoshka_10,0,1.93619,2.0,0,0.8627632936102019,0.9208781499774441,0.8675487041473389,0.9583333333333334,0.638475239276886,0.6979590654373169,0.6492268443107605,0.9977379441261292,Matryoshka,2,2-level,True,0.01
HIERARCHICAL_PAIRS,Matryoshka_10,1,1.93619,2.0,0,0.8627632936102019,0.9208781499774441,0.8675487041473389,0.9583333333333334,0.638475239276886,0.6979590654373169,0.6492268443107605,0.9977379441261292,Matryoshka,2,2-level,True,0.01
HIERARCHICAL_PAIRS,Matryoshka_10,2,1.93619,2.0,0,0.8627632936102019,0.9208781499774441,0.8675487041473389,0.9583333333333334,0.638475239276886,0.6979590654373169,0.6492268443107605,0.9977379441261292,Matryoshka,2,2-level,True,0.01
HIERARCHICAL_PAIRS,Matryoshka_11,0,1.95022,2.0,0,0.8543131194213865,0.9197667936049301,0.8709014058113098,0.9645061728395061,0.656099259853363,0.7018882632255554,0.6603583097457886,0.9976744651794434,Matryoshka,2,2-level,True,0.1
HIERARCHICAL_PAIRS,Matryoshka_11,1,1.95022,2.0,0,0.8543131194213865,0.9197667936049301,0.8709014058113098,0.9645061728395061,0.656099259853363,0.7018882632255554,0.6603583097457886,0.9976744651794434,Matryoshka,2,2-level,True,0.1
HIERARCHICAL_PAIRS,Matryoshka_11,2,1.95022,2.0,0,0.8543131194213865,0.9197667936049301,0.8709014058113098,0.9645061728395061,0.656099259853363,0.7018882632255554,0.6603583097457886,0.9976744651794434,Matryoshka,2,2-level,True,0.1
HIERARCHICAL_PAIRS,Matryoshka_12,0,1.95061,2.0,0,0.8797081182599036,0.910754912711274,0.8453813791275024,0.9429012345679012,0.6722664833068848,0.6821210980415344,0.6577544808387756,0.9975053668022156,Matryoshka,2,3-level,True,0.001
HIERARCHICAL_PAIRS,Matryoshka_12,1,1.95061,2.0,0,0.8797081182599036,0.910754912711274,0.8453813791275024,0.9429012345679012,0.6722664833068848,0.6821210980415344,0.6577544808387756,0.9975053668022156,Matryoshka,2,3-level,True,0.001
HIERARCHICAL_PAIRS,Matryoshka_12,2,1.95061,2.0,0,0.8797081182599036,0.910754912711274,0.8453813791275024,0.9429012345679012,0.6722664833068848,0.6821210980415344,0.6577544808387756,0.9975053668022156,Matryoshka,2,3-level,True,0.001
HIERARCHICAL_PAIRS,Matryoshka_13,0,1.93932,2.0,0,0.860243636044163,0.9087937575745169,0.8426307439804077,0.9459876543209876,0.6698700189590454,0.6786091923713684,0.652391791343689,0.997481644153595,Matryoshka,2,3-level,True,0.01
HIERARCHICAL_PAIRS,Matryoshka_13,1,1.93932,2.0,0,0.860243636044163,0.9087937575745169,0.8426307439804077,0.9459876543209876,0.6698700189590454,0.6786091923713684,0.652391791343689,0.997481644153595,Matryoshka,2,3-level,True,0.01
HIERARCHICAL_PAIRS,Matryoshka_13,2,1.93932,2.0,0,0.860243636044163,0.9087937575745169,0.8426307439804077,0.9459876543209876,0.6698700189590454,0.6786091923713684,0.652391791343689,0.997481644153595,Matryoshka,2,3-level,True,0.01
HIERARCHICAL_PAIRS,Matryoshka_14,0,1.94374,2.0,0,0.8712980226660866,0.9094883053607543,0.8559443950653076,0.9537037037037037,0.6835294365882874,0.6940073370933533,0.666840672492981,0.9976639151573181,Matryoshka,2,3-level,True,0.1
HIERARCHICAL_PAIRS,Matryoshka_14,1,1.94374,2.0,0,0.8712980226660866,0.9094883053607543,0.8559443950653076,0.9537037037037037,0.6835294365882874,0.6940073370933533,0.666840672492981,0.9976639151573181,Matryoshka,2,3-level,True,0.1
HIERARCHICAL_PAIRS,Matryoshka_14,2,1.94374,2.0,0,0.8712980226660866,0.9094883053607543,0.8559443950653076,0.9537037037037037,0.6835294365882874,0.6940073370933533,0.666840672492981,0.9976639151573181,Matryoshka,2,3-level,True,0.1
HIERARCHICAL_PAIRS,Matryoshka_15,0,1.94463,2.0,0,0.8629868911632077,0.9122332115164021,0.8386162519454956,0.9290123456790124,0.6567326188087463,0.678991973400116,0.646852433681488,0.9973644614219666,Matryoshka,2,4-level,True,0.001
HIERARCHICAL_PAIRS,Matryoshka_15,1,1.94463,2.0,0,0.8629868911632077,0.9122332115164021,0.8386162519454956,0.9290123456790124,0.6567326188087463,0.678991973400116,0.646852433681488,0.9973644614219666,Matryoshka,2,4-level,True,0.001
HIERARCHICAL_PAIRS,Matryoshka_15,2,1.94463,2.0,0,0.8629868911632077,0.9122332115164021,0.8386162519454956,0.9290123456790124,0.6567326188087463,0.678991973400116,0.646852433681488,0.9973644614219666,Matryoshka,2,4-level,True,0.001
HIERARCHICAL_PAIRS,Matryoshka_16,0,1.9467,2.0,0,0.8714030094295915,0.9088102909709963,0.8413467407226562,0.9382716049382716,0.6517780423164368,0.6801192164421082,0.6429383158683777,0.9974915981292725,Matryoshka,2,4-level,True,0.01
HIERARCHICAL_PAIRS,Matryoshka_16,1,1.9467,2.0,0,0.8714030094295915,0.9088102909709963,0.8413467407226562,0.9382716049382716,0.6517780423164368,0.6801192164421082,0.6429383158683777,0.9974915981292725,Matryoshka,2,4-level,True,0.01
HIERARCHICAL_PAIRS,Matryoshka_16,2,1.9467,2.0,0,0.8714030094295915,0.9088102909709963,0.8413467407226562,0.9382716049382716,0.6517780423164368,0.6801192164421082,0.6429383158683777,0.9974915981292725,Matryoshka,2,4-level,True,0.01
HIERARCHICAL_PAIRS,Matryoshka_17,0,1.94758,2.0,0,0.8601000139843921,0.9078692862864315,0.83576899766922,0.9320987654320988,0.6523599028587341,0.6790109872817993,0.6424211859703064,0.9975845217704773,Matryoshka,2,4-level,True,0.1
HIERARCHICAL_PAIRS,Matryoshka_17,1,1.94758,2.0,0,0.8601000139843921,0.9078692862864315,0.83576899766922,0.9320987654320988,0.6523599028587341,0.6790109872817993,0.6424211859703064,0.9975845217704773,Matryoshka,2,4-level,True,0.1
HIERARCHICAL_PAIRS,Matryoshka_17,2,1.94758,2.0,0,0.8601000139843921,0.9078692862864315,0.83576899766922,0.9320987654320988,0.6523599028587341,0.6790109872817993,0.6424211859703064,0.9975845217704773,Matryoshka,2,4-level,True,0.1
HIERARCHICAL_PAIRS,Matryoshka_18,0,1.94717,3.0,0,0.8932639492778238,0.9164896351721362,0.7852461338043213,0.9135802469135802,0.6229222416877747,0.6811116337776184,0.6284284591674805,0.9960409998893738,Matryoshka,3,2-level,True,0.001
HIERARCHICAL_PAIRS,Matryoshka_18,1,1.94717,3.0,0,0.8932639492778238,0.9164896351721362,0.7852461338043213,0.9135802469135802,0.6229222416877747,0.6811116337776184,0.6284284591674805,0.9960409998893738,Matryoshka,3,2-level,True,0.001
HIERARCHICAL_PAIRS,Matryoshka_18,2,1.94717,3.0,0,0.8932639492778238,0.9164896351721362,0.7852461338043213,0.9135802469135802,0.6229222416877747,0.6811116337776184,0.6284284591674805,0.9960409998893738,Matryoshka,3,2-level,True,0.001
HIERARCHICAL_PAIRS,Matryoshka_19,0,1.93928,3.0,0,0.8692901648773006,0.9173343777736785,0.7874476313591003,0.9120370370370371,0.621786892414093,0.6758991479873657,0.6279359459877014,0.9959766864776611,Matryoshka,3,2-level,True,0.01
HIERARCHICAL_PAIRS,Matryoshka_19,1,1.93928,3.0,0,0.8692901648773006,0.9173343777736785,0.7874476313591003,0.9120370370370371,0.621786892414093,0.6758991479873657,0.6279359459877014,0.9959766864776611,Matryoshka,3,2-level,True,0.01
HIERARCHICAL_PAIRS,Matryoshka_19,2,1.93928,3.0,0,0.8692901648773006,0.9173343777736785,0.7874476313591003,0.9120370370370371,0.621786892414093,0.6758991479873657,0.6279359459877014,0.9959766864776611,Matryoshka,3,2-level,True,0.01
HIERARCHICAL_PAIRS,Matryoshka_2,0,1.95806,1.0,57,0.8233300438299141,0.8843498449239702,0.8807096481323242,0.9429012345679012,0.8305451273918152,0.5957838892936707,0.6852555274963379,0.9972211122512817,Matryoshka,1,2-level,True,0.1
HIERARCHICAL_PAIRS,Matryoshka_2,1,1.95806,1.0,57,0.8233300438299141,0.8843498449239702,0.8807096481323242,0.9429012345679012,0.8305451273918152,0.5957838892936707,0.6852555274963379,0.9972211122512817,Matryoshka,1,2-level,True,0.1
HIERARCHICAL_PAIRS,Matryoshka_2,2,1.95806,1.0,57,0.8233300438299141,0.8843498449239702,0.8807096481323242,0.9429012345679012,0.8305451273918152,0.5957838892936707,0.6852555274963379,0.9972211122512817,Matryoshka,1,2-level,True,0.1
HIERARCHICAL_PAIRS,Matryoshka_20,0,1.95188,3.0,0,0.8650638295432928,0.9162713646592422,0.7845280766487122,0.9089506172839507,0.6261835694313049,0.684710681438446,0.6289752721786499,0.9960085153579712,Matryoshka,3,2-level,True,0.1
HIERARCHICAL_PAIRS,Matryoshka_20,1,1.95188,3.0,0,0.8650638295432928,0.9162713646592422,0.7845280766487122,0.9089506172839507,0.6261835694313049,0.684710681438446,0.6289752721786499,0.9960085153579712,Matryoshka,3,2-level,True,0.1
HIERARCHICAL_PAIRS,Matryoshka_20,2,1.95188,3.0,0,0.8650638295432928,0.9162713646592422,0.7845280766487122,0.9089506172839507,0.6261835694313049,0.684710681438446,0.6289752721786499,0.9960085153579712,Matryoshka,3,2-level,True,0.1
HIERARCHICAL_PAIRS,Matryoshka_21,0,1.94204,3.0,0,0.8746497954792843,0.907616224301978,0.7745174169540405,0.9012345679012346,0.6353477239608765,0.6693289875984192,0.6288530230522156,0.9958040118217468,Matryoshka,3,3-level,True,0.001
HIERARCHICAL_PAIRS,Matryoshka_21,1,1.94204,3.0,0,0.8746497954792843,0.907616224301978,0.7745174169540405,0.9012345679012346,0.6353477239608765,0.6693289875984192,0.6288530230522156,0.9958040118217468,Matryoshka,3,3-level,True,0.001
HIERARCHICAL_PAIRS,Matryoshka_21,2,1.94204,3.0,0,0.8746497954792843,0.907616224301978,0.7745174169540405,0.9012345679012346,0.6353477239608765,0.6693289875984192,0.6288530230522156,0.9958040118217468,Matryoshka,3,3-level,True,0.001
HIERARCHICAL_PAIRS,Matryoshka_22,0,1.94419,3.0,0,0.8714925140176105,0.9070690129947026,0.7740781903266907,0.9027777777777778,0.6365938186645508,0.6644772887229919,0.6262832283973694,0.9958994388580322,Matryoshka,3,3-level,True,0.01
HIERARCHICAL_PAIRS,Matryoshka_22,1,1.94419,3.0,0,0.8714925140176105,0.9070690129947026,0.7740781903266907,0.9027777777777778,0.6365938186645508,0.6644772887229919,0.6262832283973694,0.9958994388580322,Matryoshka,3,3-level,True,0.01
HIERARCHICAL_PAIRS,Matryoshka_22,2,1.94419,3.0,0,0.8714925140176105,0.9070690129947026,0.7740781903266907,0.9027777777777778,0.6365938186645508,0.6644772887229919,0.6262832283973694,0.9958994388580322,Matryoshka,3,3-level,True,0.01
HIERARCHICAL_PAIRS,Matryoshka_23,0,1.93841,3.0,0,0.8722086674897287,0.9065787757816067,0.7747620940208435,0.9027777777777778,0.6335456967353821,0.6739125847816467,0.6283249258995056,0.9958876371383667,Matryoshka,3,3-level,True,0.1
HIERARCHICAL_PAIRS,Matryoshka_23,1,1.93841,3.0,0,0.8722086674897287,0.9065787757816067,0.7747620940208435,0.9027777777777778,0.6335456967353821,0.6739125847816467,0.6283249258995056,0.9958876371383667,Matryoshka,3,3-level,True,0.1
HIERARCHICAL_PAIRS,Matryoshka_23,2,1.93841,3.0,0,0.8722086674897287,0.9065787757816067,0.7747620940208435,0.9027777777777778,0.6335456967353821,0.6739125847816467,0.6283249258995056,0.9958876371383667,Matryoshka,3,3-level,True,0.1
HIERARCHICAL_PAIRS,Matryoshka_24,0,1.95102,3.0,0,0.8761136388404533,0.9105007787933809,0.7675960659980774,0.8950617283950617,0.6043895483016968,0.651631772518158,0.6028696894645691,0.9955746531486511,Matryoshka,3,4-level,True,0.001
HIERARCHICAL_PAIRS,Matryoshka_24,1,1.95102,3.0,0,0.8761136388404533,0.9105007787933809,0.7675960659980774,0.8950617283950617,0.6043895483016968,0.651631772518158,0.6028696894645691,0.9955746531486511,Matryoshka,3,4-level,True,0.001
HIERARCHICAL_PAIRS,Matryoshka_24,2,1.95102,3.0,0,0.8761136388404533,0.9105007787933809,0.7675960659980774,0.8950617283950617,0.6043895483016968,0.651631772518158,0.6028696894645691,0.9955746531486511,Matryoshka,3,4-level,True,0.001
HIERARCHICAL_PAIRS,Matryoshka_25,0,1.93781,3.0,0,0.8774035181673057,0.9083759167729689,0.7652326822280884,0.8873456790123457,0.6098106503486633,0.6535899043083191,0.6053050756454468,0.9957942366600037,Matryoshka,3,4-level,True,0.01
HIERARCHICAL_PAIRS,Matryoshka_25,1,1.93781,3.0,0,0.8774035181673057,0.9083759167729689,0.7652326822280884,0.8873456790123457,0.6098106503486633,0.6535899043083191,0.6053050756454468,0.9957942366600037,Matryoshka,3,4-level,True,0.01
HIERARCHICAL_PAIRS,Matryoshka_25,2,1.93781,3.0,0,0.8774035181673057,0.9083759167729689,0.7652326822280884,0.8873456790123457,0.6098106503486633,0.6535899043083191,0.6053050756454468,0.9957942366600037,Matryoshka,3,4-level,True,0.01
HIERARCHICAL_PAIRS,Matryoshka_26,0,1.94062,3.0,0,0.8700065152088274,0.9095705988264579,0.7722561955451965,0.9058641975308642,0.600464403629303,0.6638619899749756,0.6036402583122253,0.9958328604698181,Matryoshka,3,4-level,True,0.1
HIERARCHICAL_PAIRS,Matryoshka_26,1,1.94062,3.0,0,0.8700065152088274,0.9095705988264579,0.7722561955451965,0.9058641975308642,0.600464403629303,0.6638619899749756,0.6036402583122253,0.9958328604698181,Matryoshka,3,4-level,True,0.1
HIERARCHICAL_PAIRS,Matryoshka_26,2,1.94062,3.0,0,0.8700065152088274,0.9095705988264579,0.7722561955451965,0.9058641975308642,0.600464403629303,0.6638619899749756,0.6036402583122253,0.9958328604698181,Matryoshka,3,4-level,True,0.1
HIERARCHICAL_PAIRS,Matryoshka_27,0,1.93233,4.0,0,0.8761604853667185,0.9178055848419253,0.729239284992218,0.8765432098765432,0.6064068675041199,0.6615374088287354,0.6086970567703247,0.9942681789398193,Matryoshka,4,2-level,True,0.001
HIERARCHICAL_PAIRS,Matryoshka_27,1,1.93233,4.0,0,0.8761604853667185,0.9178055848419253,0.729239284992218,0.8765432098765432,0.6064068675041199,0.6615374088287354,0.6086970567703247,0.9942681789398193,Matryoshka,4,2-level,True,0.001
HIERARCHICAL_PAIRS,Matryoshka_27,2,1.93233,4.0,0,0.8761604853667185,0.9178055848419253,0.729239284992218,0.8765432098765432,0.6064068675041199,0.6615374088287354,0.6086970567703247,0.9942681789398193,Matryoshka,4,2-level,True,0.001
HIERARCHICAL_PAIRS,Matryoshka_28,0,1.94817,4.0,0,0.8735493817719592,0.9172482580264144,0.7245181798934937,0.875,0.6047994494438171,0.6505893468856812,0.605895459651947,0.9940553903579712,Matryoshka,4,2-level,True,0.01
HIERARCHICAL_PAIRS,Matryoshka_28,1,1.94817,4.0,0,0.8735493817719592,0.9172482580264144,0.7245181798934937,0.875,0.6047994494438171,0.6505893468856812,0.605895459651947,0.9940553903579712,Matryoshka,4,2-level,True,0.01
HIERARCHICAL_PAIRS,Matryoshka_28,2,1.94817,4.0,0,0.8735493817719592,0.9172482580264144,0.7245181798934937,0.875,0.6047994494438171,0.6505893468856812,0.605895459651947,0.9940553903579712,Matryoshka,4,2-level,True,0.01
HIERARCHICAL_PAIRS,Matryoshka_29,0,1.95332,4.0,0,0.8816250322571882,0.9177771900620403,0.7269753217697144,0.8796296296296297,0.6147770881652832,0.6529787182807922,0.6102774143218994,0.9943032264709473,Matryoshka,4,2-level,True,0.1
HIERARCHICAL_PAIRS,Matryoshka_29,1,1.95332,4.0,0,0.8816250322571882,0.9177771900620403,0.7269753217697144,0.8796296296296297,0.6147770881652832,0.6529787182807922,0.6102774143218994,0.9943032264709473,Matryoshka,4,2-level,True,0.1
HIERARCHICAL_PAIRS,Matryoshka_29,2,1.95332,4.0,0,0.8816250322571882,0.9177771900620403,0.7269753217697144,0.8796296296296297,0.6147770881652832,0.6529787182807922,0.6102774143218994,0.9943032264709473,Matryoshka,4,2-level,True,0.1
HIERARCHICAL_PAIRS,Matryoshka_3,0,1.95439,1.0,60,0.81897733895028,0.879678830582401,0.8795373439788818,0.9459876543209876,0.8305191397666931,0.600655734539032,0.6888386011123657,0.9968318343162537,Matryoshka,1,3-level,True,0.001
HIERARCHICAL_PAIRS,Matryoshka_3,1,1.95439,1.0,60,0.81897733895028,0.879678830582401,0.8795373439788818,0.9459876543209876,0.8305191397666931,0.600655734539032,0.6888386011123657,0.9968318343162537,Matryoshka,1,3-level,True,0.001
HIERARCHICAL_PAIRS,Matryoshka_3,2,1.95439,1.0,60,0.81897733895028,0.879678830582401,0.8795373439788818,0.9459876543209876,0.8305191397666931,0.600655734539032,0.6888386011123657,0.9968318343162537,Matryoshka,1,3-level,True,0.001
HIERARCHICAL_PAIRS,Matryoshka_30,0,1.94586,4.0,0,0.8772406308724604,0.9119141389367875,0.723443865776062,0.8796296296296297,0.6179779767990112,0.6454320549964905,0.6090272665023804,0.9940000176429749,Matryoshka,4,3-level,True,0.001
HIERARCHICAL_PAIRS,Matryoshka_30,1,1.94586,4.0,0,0.8772406308724604,0.9119141389367875,0.723443865776062,0.8796296296296297,0.6179779767990112,0.6454320549964905,0.6090272665023804,0.9940000176429749,Matryoshka,4,3-level,True,0.001
HIERARCHICAL_PAIRS,Matryoshka_30,2,1.94586,4.0,0,0.8772406308724604,0.9119141389367875,0.723443865776062,0.8796296296296297,0.6179779767990112,0.6454320549964905,0.6090272665023804,0.9940000176429749,Matryoshka,4,3-level,True,0.001
HIERARCHICAL_PAIRS,Matryoshka_31,0,1.94446,4.0,0,0.8861455863318884,0.9080908310562792,0.725419819355011,0.8827160493827161,0.6145228147506714,0.6548146605491638,0.6039676666259766,0.9940599203109741,Matryoshka,4,3-level,True,0.01
HIERARCHICAL_PAIRS,Matryoshka_31,1,1.94446,4.0,0,0.8861455863318884,0.9080908310562792,0.725419819355011,0.8827160493827161,0.6145228147506714,0.6548146605491638,0.6039676666259766,0.9940599203109741,Matryoshka,4,3-level,True,0.01
HIERARCHICAL_PAIRS,Matryoshka_31,2,1.94446,4.0,0,0.8861455863318884,0.9080908310562792,0.725419819355011,0.8827160493827161,0.6145228147506714,0.6548146605491638,0.6039676666259766,0.9940599203109741,Matryoshka,4,3-level,True,0.01
HIERARCHICAL_PAIRS,Matryoshka_32,0,1.95225,4.0,0,0.8695397167069561,0.9082418203863092,0.7234402894973755,0.8672839506172839,0.6092778444290161,0.6485041975975037,0.5984764099121094,0.9943196773529053,Matryoshka,4,3-level,True,0.1
HIERARCHICAL_PAIRS,Matryoshka_32,1,1.95225,4.0,0,0.8695397167069561,0.9082418203863092,0.7234402894973755,0.8672839506172839,0.6092778444290161,0.6485041975975037,0.5984764099121094,0.9943196773529053,Matryoshka,4,3-level,True,0.1
HIERARCHICAL_PAIRS,Matryoshka_32,2,1.95225,4.0,0,0.8695397167069561,0.9082418203863092,0.7234402894973755,0.8672839506172839,0.6092778444290161,0.6485041975975037,0.5984764099121094,0.9943196773529053,Matryoshka,4,3-level,True,0.1
HIERARCHICAL_PAIRS,Matryoshka_33,0,1.94112,4.0,0,0.8769611748369135,0.9139136584581218,0.7141788005828857,0.8641975308641975,0.593413770198822,0.6274297833442688,0.5845710635185242,0.994055449962616,Matryoshka,4,4-level,True,0.001
HIERARCHICAL_PAIRS,Matryoshka_33,1,1.94112,4.0,0,0.8769611748369135,0.9139136584581218,0.7141788005828857,0.8641975308641975,0.593413770198822,0.6274297833442688,0.5845710635185242,0.994055449962616,Matryoshka,4,4-level,True,0.001
HIERARCHICAL_PAIRS,Matryoshka_33,2,1.94112,4.0,0,0.8769611748369135,0.9139136584581218,0.7141788005828857,0.8641975308641975,0.593413770198822,0.6274297833442688,0.5845710635185242,0.994055449962616,Matryoshka,4,4-level,True,0.001
HIERARCHICAL_PAIRS,Matryoshka_34,0,1.95376,4.0,0,0.8730464239379984,0.9129739125647723,0.7191628217697144,0.875,0.608451783657074,0.6346067190170288,0.598030149936676,0.9939827919006348,Matryoshka,4,4-level,True,0.01
HIERARCHICAL_PAIRS,Matryoshka_34,1,1.95376,4.0,0,0.8730464239379984,0.9129739125647723,0.7191628217697144,0.875,0.608451783657074,0.6346067190170288,0.598030149936676,0.9939827919006348,Matryoshka,4,4-level,True,0.01
HIERARCHICAL_PAIRS,Matryoshka_34,2,1.95376,4.0,0,0.8730464239379984,0.9129739125647723,0.7191628217697144,0.875,0.608451783657074,0.6346067190170288,0.598030149936676,0.9939827919006348,Matryoshka,4,4-level,True,0.01
HIERARCHICAL_PAIRS,Matryoshka_35,0,1.94089,4.0,0,0.8905238100701669,0.9142859313995246,0.7119300961494446,0.8703703703703703,0.595700204372406,0.6323579549789429,0.5868377089500427,0.9940689206123352,Matryoshka,4,4-level,True,0.1
HIERARCHICAL_PAIRS,Matryoshka_35,1,1.94089,4.0,0,0.8905238100701669,0.9142859313995246,0.7119300961494446,0.8703703703703703,0.595700204372406,0.6323579549789429,0.5868377089500427,0.9940689206123352,Matryoshka,4,4-level,True,0.1
HIERARCHICAL_PAIRS,Matryoshka_35,2,1.94089,4.0,0,0.8905238100701669,0.9142859313995246,0.7119300961494446,0.8703703703703703,0.595700204372406,0.6323579549789429,0.5868377089500427,0.9940689206123352,Matryoshka,4,4-level,True,0.1
HIERARCHICAL_PAIRS,Matryoshka_36,0,1.94132,5.0,0,0.8910957407980888,0.9265385596793706,0.6841685771942139,0.8611111111111112,0.610761821269989,0.645750880241394,0.6044362783432007,0.9925310015678406,Matryoshka,5,2-level,True,0.001
HIERARCHICAL_PAIRS,Matryoshka_36,1,1.94132,5.0,0,0.8910957407980888,0.9265385596793706,0.6841685771942139,0.8611111111111112,0.610761821269989,0.645750880241394,0.6044362783432007,0.9925310015678406,Matryoshka,5,2-level,True,0.001
HIERARCHICAL_PAIRS,Matryoshka_36,2,1.94132,5.0,0,0.8910957407980888,0.9265385596793706,0.6841685771942139,0.8611111111111112,0.610761821269989,0.645750880241394,0.6044362783432007,0.9925310015678406,Matryoshka,5,2-level,True,0.001
HIERARCHICAL_PAIRS,Matryoshka_37,0,1.94616,5.0,0,0.9072506492535284,0.925464527484392,0.6849061846733093,0.8688271604938271,0.6069207191467285,0.6423530578613281,0.6024364233016968,0.9926626086235046,Matryoshka,5,2-level,True,0.01
HIERARCHICAL_PAIRS,Matryoshka_37,1,1.94616,5.0,0,0.9072506492535284,0.925464527484392,0.6849061846733093,0.8688271604938271,0.6069207191467285,0.6423530578613281,0.6024364233016968,0.9926626086235046,Matryoshka,5,2-level,True,0.01
HIERARCHICAL_PAIRS,Matryoshka_37,2,1.94616,5.0,0,0.9072506492535284,0.925464527484392,0.6849061846733093,0.8688271604938271,0.6069207191467285,0.6423530578613281,0.6024364233016968,0.9926626086235046,Matryoshka,5,2-level,True,0.01
HIERARCHICAL_PAIRS,Matryoshka_38,0,1.94662,5.0,1,0.8908507316717333,0.9254013599975217,0.6880078911781311,0.8672839506172839,0.624360203742981,0.6377997398376465,0.6112210154533386,0.9926272630691528,Matryoshka,5,2-level,True,0.1
HIERARCHICAL_PAIRS,Matryoshka_38,1,1.94662,5.0,1,0.8908507316717333,0.9254013599975217,0.6880078911781311,0.8672839506172839,0.624360203742981,0.6377997398376465,0.6112210154533386,0.9926272630691528,Matryoshka,5,2-level,True,0.1
HIERARCHICAL_PAIRS,Matryoshka_38,2,1.94662,5.0,1,0.8908507316717333,0.9254013599975217,0.6880078911781311,0.8672839506172839,0.624360203742981,0.6377997398376465,0.6112210154533386,0.9926272630691528,Matryoshka,5,2-level,True,0.1
HIERARCHICAL_PAIRS,Matryoshka_39,0,1.94946,5.0,1,0.8828950492131334,0.9163362769948316,0.6751440167427063,0.8487654320987654,0.6171635389328003,0.632171094417572,0.5949358344078064,0.9925392866134644,Matryoshka,5,3-level,True,0.001
HIERARCHICAL_PAIRS,Matryoshka_39,1,1.94946,5.0,1,0.8828950492131334,0.9163362769948316,0.6751440167427063,0.8487654320987654,0.6171635389328003,0.632171094417572,0.5949358344078064,0.9925392866134644,Matryoshka,5,3-level,True,0.001
HIERARCHICAL_PAIRS,Matryoshka_39,2,1.94946,5.0,1,0.8828950492131334,0.9163362769948316,0.6751440167427063,0.8487654320987654,0.6171635389328003,0.632171094417572,0.5949358344078064,0.9925392866134644,Matryoshka,5,3-level,True,0.001
HIERARCHICAL_PAIRS,Matryoshka_4,0,1.94255,1.0,56,0.8528191337569851,0.8856680653823116,0.8840692043304443,0.9429012345679012,0.8357169032096863,0.6055299639701843,0.6956478357315063,0.9966803789138794,Matryoshka,1,3-level,True,0.01
HIERARCHICAL_PAIRS,Matryoshka_4,1,1.94255,1.0,56,0.8528191337569851,0.8856680653823116,0.8840692043304443,0.9429012345679012,0.8357169032096863,0.6055299639701843,0.6956478357315063,0.9966803789138794,Matryoshka,1,3-level,True,0.01
HIERARCHICAL_PAIRS,Matryoshka_4,2,1.94255,1.0,56,0.8528191337569851,0.8856680653823116,0.8840692043304443,0.9429012345679012,0.8357169032096863,0.6055299639701843,0.6956478357315063,0.9966803789138794,Matryoshka,1,3-level,True,0.01
HIERARCHICAL_PAIRS,Matryoshka_40,0,1.94716,5.0,0,0.8972871378658728,0.9144123650433701,0.6794310808181763,0.8611111111111112,0.6109849810600281,0.624808132648468,0.5908297300338745,0.9924761652946472,Matryoshka,5,3-level,True,0.01
HIERARCHICAL_PAIRS,Matryoshka_40,1,1.94716,5.0,0,0.8972871378658728,0.9144123650433701,0.6794310808181763,0.8611111111111112,0.6109849810600281,0.624808132648468,0.5908297300338745,0.9924761652946472,Matryoshka,5,3-level,True,0.01
HIERARCHICAL_PAIRS,Matryoshka_40,2,1.94716,5.0,0,0.8972871378658728,0.9144123650433701,0.6794310808181763,0.8611111111111112,0.6109849810600281,0.624808132648468,0.5908297300338745,0.9924761652946472,Matryoshka,5,3-level,True,0.01
HIERARCHICAL_PAIRS,Matryoshka_41,0,1.95072,5.0,0,0.8836612863583971,0.9165287542828965,0.6797868013381958,0.8564814814814815,0.6053751111030579,0.6336085796356201,0.5906072854995728,0.9924717545509338,Matryoshka,5,3-level,True,0.1
HIERARCHICAL_PAIRS,Matryoshka_41,1,1.95072,5.0,0,0.8836612863583971,0.9165287542828965,0.6797868013381958,0.8564814814814815,0.6053751111030579,0.6336085796356201,0.5906072854995728,0.9924717545509338,Matryoshka,5,3-level,True,0.1
HIERARCHICAL_PAIRS,Matryoshka_41,2,1.95072,5.0,0,0.8836612863583971,0.9165287542828965,0.6797868013381958,0.8564814814814815,0.6053751111030579,0.6336085796356201,0.5906072854995728,0.9924717545509338,Matryoshka,5,3-level,True,0.1
HIERARCHICAL_PAIRS,Matryoshka_42,0,1.94551,5.0,0,0.8958468555874237,0.9188429188995468,0.6747433543205261,0.845679012345679,0.5986434817314148,0.6231206655502319,0.5814180970191956,0.9925158619880676,Matryoshka,5,4-level,True,0.001
HIERARCHICAL_PAIRS,Matryoshka_42,1,1.94551,5.0,0,0.8958468555874237,0.9188429188995468,0.6747433543205261,0.845679012345679,0.5986434817314148,0.6231206655502319,0.5814180970191956,0.9925158619880676,Matryoshka,5,4-level,True,0.001
HIERARCHICAL_PAIRS,Matryoshka_42,2,1.94551,5.0,0,0.8958468555874237,0.9188429188995468,0.6747433543205261,0.845679012345679,0.5986434817314148,0.6231206655502319,0.5814180970191956,0.9925158619880676,Matryoshka,5,4-level,True,0.001
HIERARCHICAL_PAIRS,Matryoshka_43,0,1.94176,5.0,0,0.8915825282912365,0.9191332799965206,0.6707967519760132,0.8533950617283951,0.6057445406913757,0.6192988157272339,0.5828309059143066,0.992510974407196,Matryoshka,5,4-level,True,0.01
HIERARCHICAL_PAIRS,Matryoshka_43,1,1.94176,5.0,0,0.8915825282912365,0.9191332799965206,0.6707967519760132,0.8533950617283951,0.6057445406913757,0.6192988157272339,0.5828309059143066,0.992510974407196,Matryoshka,5,4-level,True,0.01
HIERARCHICAL_PAIRS,Matryoshka_43,2,1.94176,5.0,0,0.8915825282912365,0.9191332799965206,0.6707967519760132,0.8533950617283951,0.6057445406913757,0.6192988157272339,0.5828309059143066,0.992510974407196,Matryoshka,5,4-level,True,0.01
HIERARCHICAL_PAIRS,Matryoshka_44,0,1.94115,5.0,1,0.9010974317724205,0.9183161971101451,0.6692250967025757,0.8611111111111112,0.5963453650474548,0.6243444085121155,0.5806194543838501,0.992586612701416,Matryoshka,5,4-level,True,0.1
HIERARCHICAL_PAIRS,Matryoshka_44,1,1.94115,5.0,1,0.9010974317724205,0.9183161971101451,0.6692250967025757,0.8611111111111112,0.5963453650474548,0.6243444085121155,0.5806194543838501,0.992586612701416,Matryoshka,5,4-level,True,0.1
HIERARCHICAL_PAIRS,Matryoshka_44,2,1.94115,5.0,1,0.9010974317724205,0.9183161971101451,0.6692250967025757,0.8611111111111112,0.5963453650474548,0.6243444085121155,0.5806194543838501,0.992586612701416,Matryoshka,5,4-level,True,0.1
HIERARCHICAL_PAIRS,Matryoshka_45,0,1.94229,6.0,0,0.908639229720518,0.9330344833865002,0.6415718793869019,0.8487654320987654,0.593744695186615,0.6254962682723999,0.5835564732551575,0.9910133481025696,Matryoshka,6,2-level,True,0.001
HIERARCHICAL_PAIRS,Matryoshka_45,1,1.94229,6.0,0,0.908639229720518,0.9330344833865002,0.6415718793869019,0.8487654320987654,0.593744695186615,0.6254962682723999,0.5835564732551575,0.9910133481025696,Matryoshka,6,2-level,True,0.001
HIERARCHICAL_PAIRS,Matryoshka_45,2,1.94229,6.0,0,0.908639229720518,0.9330344833865002,0.6415718793869019,0.8487654320987654,0.593744695186615,0.6254962682723999,0.5835564732551575,0.9910133481025696,Matryoshka,6,2-level,True,0.001
HIERARCHICAL_PAIRS,Matryoshka_46,0,1.94631,6.0,0,0.928179805913086,0.9318626094976719,0.6493356227874756,0.8549382716049383,0.5964006781578064,0.6303560137748718,0.589111864566803,0.9909459948539734,Matryoshka,6,2-level,True,0.01
HIERARCHICAL_PAIRS,Matryoshka_46,1,1.94631,6.0,0,0.928179805913086,0.9318626094976719,0.6493356227874756,0.8549382716049383,0.5964006781578064,0.6303560137748718,0.589111864566803,0.9909459948539734,Matryoshka,6,2-level,True,0.01
HIERARCHICAL_PAIRS,Matryoshka_46,2,1.94631,6.0,0,0.928179805913086,0.9318626094976719,0.6493356227874756,0.8549382716049383,0.5964006781578064,0.6303560137748718,0.589111864566803,0.9909459948539734,Matryoshka,6,2-level,True,0.01
HIERARCHICAL_PAIRS,Matryoshka_47,0,1.94239,6.0,0,0.9084876666825736,0.931903981295038,0.6474618911743164,0.8518518518518519,0.5887290835380554,0.6280481815338135,0.5843128561973572,0.9908124208450317,Matryoshka,6,2-level,True,0.1
HIERARCHICAL_PAIRS,Matryoshka_47,1,1.94239,6.0,0,0.9084876666825736,0.931903981295038,0.6474618911743164,0.8518518518518519,0.5887290835380554,0.6280481815338135,0.5843128561973572,0.9908124208450317,Matryoshka,6,2-level,True,0.1
HIERARCHICAL_PAIRS,Matryoshka_47,2,1.94239,6.0,0,0.9084876666825736,0.931903981295038,0.6474618911743164,0.8518518518518519,0.5887290835380554,0.6280481815338135,0.5843128561973572,0.9908124208450317,Matryoshka,6,2-level,True,0.1
HIERARCHICAL_PAIRS,Matryoshka_48,0,1.93574,6.0,0,0.8869167871725077,0.9237062491944802,0.6427104473114014,0.8395061728395061,0.5946992039680481,0.6280286312103271,0.5805301666259766,0.9909675717353821,Matryoshka,6,3-level,True,0.001
HIERARCHICAL_PAIRS,Matryoshka_48,1,1.93574,6.0,0,0.8869167871725077,0.9237062491944802,0.6427104473114014,0.8395061728395061,0.5946992039680481,0.6280286312103271,0.5805301666259766,0.9909675717353821,Matryoshka,6,3-level,True,0.001
HIERARCHICAL_PAIRS,Matryoshka_48,2,1.93574,6.0,0,0.8869167871725077,0.9237062491944802,0.6427104473114014,0.8395061728395061,0.5946992039680481,0.6280286312103271,0.5805301666259766,0.9909675717353821,Matryoshka,6,3-level,True,0.001
HIERARCHICAL_PAIRS,Matryoshka_49,0,1.94604,6.0,0,0.8882407669296314,0.9227796187003608,0.6420104503631592,0.8441358024691358,0.6016319990158081,0.6160200834274292,0.5787877440452576,0.9908838272094727,Matryoshka,6,3-level,True,0.01
HIERARCHICAL_PAIRS,Matryoshka_49,1,1.94604,6.0,0,0.8882407669296314,0.9227796187003608,0.6420104503631592,0.8441358024691358,0.6016319990158081,0.6160200834274292,0.5787877440452576,0.9908838272094727,Matryoshka,6,3-level,True,0.01
HIERARCHICAL_PAIRS,Matryoshka_49,2,1.94604,6.0,0,0.8882407669296314,0.9227796187003608,0.6420104503631592,0.8441358024691358,0.6016319990158081,0.6160200834274292,0.5787877440452576,0.9908838272094727,Matryoshka,6,3-level,True,0.01
HIERARCHICAL_PAIRS,Matryoshka_5,0,1.93617,1.0,61,0.8240183516116272,0.8812017752997752,0.8797703385353088,0.9305555555555556,0.8185144066810608,0.6039285063743591,0.6869778037071228,0.9964683651924133,Matryoshka,1,3-level,True,0.1
HIERARCHICAL_PAIRS,Matryoshka_5,1,1.93617,1.0,61,0.8240183516116272,0.8812017752997752,0.8797703385353088,0.9305555555555556,0.8185144066810608,0.6039285063743591,0.6869778037071228,0.9964683651924133,Matryoshka,1,3-level,True,0.1
HIERARCHICAL_PAIRS,Matryoshka_5,2,1.93617,1.0,61,0.8240183516116272,0.8812017752997752,0.8797703385353088,0.9305555555555556,0.8185144066810608,0.6039285063743591,0.6869778037071228,0.9964683651924133,Matryoshka,1,3-level,True,0.1
HIERARCHICAL_PAIRS,Matryoshka_50,0,1.94785,6.0,0,0.9261588225210792,0.9203706817287381,0.6402223706245422,0.8518518518518519,0.5864563584327698,0.6268438696861267,0.5732037425041199,0.9909676313400269,Matryoshka,6,3-level,True,0.1
HIERARCHICAL_PAIRS,Matryoshka_50,1,1.94785,6.0,0,0.9261588225210792,0.9203706817287381,0.6402223706245422,0.8518518518518519,0.5864563584327698,0.6268438696861267,0.5732037425041199,0.9909676313400269,Matryoshka,6,3-level,True,0.1
HIERARCHICAL_PAIRS,Matryoshka_50,2,1.94785,6.0,0,0.9261588225210792,0.9203706817287381,0.6402223706245422,0.8518518518518519,0.5864563584327698,0.6268438696861267,0.5732037425041199,0.9909676313400269,Matryoshka,6,3-level,True,0.1
HIERARCHICAL_PAIRS,Matryoshka_51,0,1.94386,6.0,0,0.9400647773417273,0.9253588280374239,0.6353560090065002,0.8395061728395061,0.5762163400650024,0.607437014579773,0.5612213015556335,0.9909491539001465,Matryoshka,6,4-level,True,0.001
HIERARCHICAL_PAIRS,Matryoshka_51,1,1.94386,6.0,0,0.9400647773417273,0.9253588280374239,0.6353560090065002,0.8395061728395061,0.5762163400650024,0.607437014579773,0.5612213015556335,0.9909491539001465,Matryoshka,6,4-level,True,0.001
HIERARCHICAL_PAIRS,Matryoshka_51,2,1.94386,6.0,0,0.9400647773417273,0.9253588280374239,0.6353560090065002,0.8395061728395061,0.5762163400650024,0.607437014579773,0.5612213015556335,0.9909491539001465,Matryoshka,6,4-level,True,0.001
HIERARCHICAL_PAIRS,Matryoshka_52,0,1.94885,6.0,0,0.9148403196919647,0.9258429879066881,0.6342453956604004,0.8487654320987654,0.5824748277664185,0.6051461696624756,0.5639846920967102,0.9908483028411865,Matryoshka,6,4-level,True,0.01
HIERARCHICAL_PAIRS,Matryoshka_52,1,1.94885,6.0,0,0.9148403196919647,0.9258429879066881,0.6342453956604004,0.8487654320987654,0.5824748277664185,0.6051461696624756,0.5639846920967102,0.9908483028411865,Matryoshka,6,4-level,True,0.01
HIERARCHICAL_PAIRS,Matryoshka_52,2,1.94885,6.0,0,0.9148403196919647,0.9258429879066881,0.6342453956604004,0.8487654320987654,0.5824748277664185,0.6051461696624756,0.5639846920967102,0.9908483028411865,Matryoshka,6,4-level,True,0.01
HIERARCHICAL_PAIRS,Matryoshka_53,0,1.93829,6.0,0,0.9048550018717669,0.9268515455747038,0.6370294094085693,0.8580246913580247,0.5798195004463196,0.604287326335907,0.5657632350921631,0.99094557762146,Matryoshka,6,4-level,True,0.1
HIERARCHICAL_PAIRS,Matryoshka_53,1,1.93829,6.0,0,0.9048550018717669,0.9268515455747038,0.6370294094085693,0.8580246913580247,0.5798195004463196,0.604287326335907,0.5657632350921631,0.99094557762146,Matryoshka,6,4-level,True,0.1
HIERARCHICAL_PAIRS,Matryoshka_53,2,1.93829,6.0,0,0.9048550018717669,0.9268515455747038,0.6370294094085693,0.8580246913580247,0.5798195004463196,0.604287326335907,0.5657632350921631,0.99094557762146,Matryoshka,6,4-level,True,0.1
HIERARCHICAL_PAIRS,Matryoshka_54,0,1.93878,7.0,0,0.917849567265184,0.9389525387093173,0.6251174807548523,0.8580246913580247,0.5816572904586792,0.6228993535041809,0.5776785612106323,0.9892242550849915,Matryoshka,7,2-level,True,0.001
HIERARCHICAL_PAIRS,Matryoshka_54,1,1.93878,7.0,0,0.917849567265184,0.9389525387093173,0.6251174807548523,0.8580246913580247,0.5816572904586792,0.6228993535041809,0.5776785612106323,0.9892242550849915,Matryoshka,7,2-level,True,0.001
HIERARCHICAL_PAIRS,Matryoshka_54,2,1.93878,7.0,0,0.917849567265184,0.9389525387093173,0.6251174807548523,0.8580246913580247,0.5816572904586792,0.6228993535041809,0.5776785612106323,0.9892242550849915,Matryoshka,7,2-level,True,0.001
HIERARCHICAL_PAIRS,Matryoshka_55,0,1.94895,7.0,1,0.9116085655682127,0.9396970208427763,0.6153564453125,0.8503086419753086,0.5855002403259277,0.6241822242736816,0.5804869532585144,0.9895235896110535,Matryoshka,7,2-level,True,0.01
HIERARCHICAL_PAIRS,Matryoshka_55,1,1.94895,7.0,1,0.9116085655682127,0.9396970208427763,0.6153564453125,0.8503086419753086,0.5855002403259277,0.6241822242736816,0.5804869532585144,0.9895235896110535,Matryoshka,7,2-level,True,0.01
HIERARCHICAL_PAIRS,Matryoshka_55,2,1.94895,7.0,1,0.9116085655682127,0.9396970208427763,0.6153564453125,0.8503086419753086,0.5855002403259277,0.6241822242736816,0.5804869532585144,0.9895235896110535,Matryoshka,7,2-level,True,0.01
HIERARCHICAL_PAIRS,Matryoshka_56,0,1.93812,7.0,0,0.9215721923951061,0.940588693776073,0.6154462099075317,0.8441358024691358,0.5651191473007202,0.6232630610466003,0.5689556002616882,0.9893030524253845,Matryoshka,7,2-level,True,0.1
HIERARCHICAL_PAIRS,Matryoshka_56,1,1.93812,7.0,0,0.9215721923951061,0.940588693776073,0.6154462099075317,0.8441358024691358,0.5651191473007202,0.6232630610466003,0.5689556002616882,0.9893030524253845,Matryoshka,7,2-level,True,0.1
HIERARCHICAL_PAIRS,Matryoshka_56,2,1.93812,7.0,0,0.9215721923951061,0.940588693776073,0.6154462099075317,0.8441358024691358,0.5651191473007202,0.6232630610466003,0.5689556002616882,0.9893030524253845,Matryoshka,7,2-level,True,0.1
HIERARCHICAL_PAIRS,Matryoshka_57,0,1.93972,7.0,0,0.9098446746066374,0.9296169145663109,0.6048098802566528,0.8333333333333334,0.5705305933952332,0.6040856242179871,0.553679883480072,0.989111065864563,Matryoshka,7,3-level,True,0.001
HIERARCHICAL_PAIRS,Matryoshka_57,1,1.93972,7.0,0,0.9098446746066374,0.9296169145663109,0.6048098802566528,0.8333333333333334,0.5705305933952332,0.6040856242179871,0.553679883480072,0.989111065864563,Matryoshka,7,3-level,True,0.001
HIERARCHICAL_PAIRS,Matryoshka_57,2,1.93972,7.0,0,0.9098446746066374,0.9296169145663109,0.6048098802566528,0.8333333333333334,0.5705305933952332,0.6040856242179871,0.553679883480072,0.989111065864563,Matryoshka,7,3-level,True,0.001
HIERARCHICAL_PAIRS,Matryoshka_58,0,1.94536,7.0,0,0.8971389206012667,0.9250507487367431,0.6102672815322876,0.8395061728395061,0.5741262435913086,0.6166577339172363,0.5608283877372742,0.9893006682395935,Matryoshka,7,3-level,True,0.01
HIERARCHICAL_PAIRS,Matryoshka_58,1,1.94536,7.0,0,0.8971389206012667,0.9250507487367431,0.6102672815322876,0.8395061728395061,0.5741262435913086,0.6166577339172363,0.5608283877372742,0.9893006682395935,Matryoshka,7,3-level,True,0.01
HIERARCHICAL_PAIRS,Matryoshka_58,2,1.94536,7.0,0,0.8971389206012667,0.9250507487367431,0.6102672815322876,0.8395061728395061,0.5741262435913086,0.6166577339172363,0.5608283877372742,0.9893006682395935,Matryoshka,7,3-level,True,0.01
HIERARCHICAL_PAIRS,Matryoshka_59,0,1.94234,7.0,1,0.9016269698165587,0.9279288686419336,0.6016462445259094,0.8179012345679012,0.5697281360626221,0.6054885983467102,0.5494944453239441,0.9892394542694092,Matryoshka,7,3-level,True,0.1
HIERARCHICAL_PAIRS,Matryoshka_59,1,1.94234,7.0,1,0.9016269698165587,0.9279288686419336,0.6016462445259094,0.8179012345679012,0.5697281360626221,0.6054885983467102,0.5494944453239441,0.9892394542694092,Matryoshka,7,3-level,True,0.1
HIERARCHICAL_PAIRS,Matryoshka_59,2,1.94234,7.0,1,0.9016269698165587,0.9279288686419336,0.6016462445259094,0.8179012345679012,0.5697281360626221,0.6054885983467102,0.5494944453239441,0.9892394542694092,Matryoshka,7,3-level,True,0.1
HIERARCHICAL_PAIRS,Matryoshka_6,0,1.94199,1.0,62,0.8395790986281255,0.8813674853227066,0.8769172430038452,0.9444444444444444,0.8134486675262451,0.6034824848175049,0.685615062713623,0.9973556399345398,Matryoshka,1,4-level,True,0.001
HIERARCHICAL_PAIRS,Matryoshka_6,1,1.94199,1.0,62,0.8395790986281255,0.8813674853227066,0.8769172430038452,0.9444444444444444,0.8134486675262451,0.6034824848175049,0.685615062713623,0.9973556399345398,Matryoshka,1,4-level,True,0.001
HIERARCHICAL_PAIRS,Matryoshka_6,2,1.94199,1.0,62,0.8395790986281255,0.8813674853227066,0.8769172430038452,0.9444444444444444,0.8134486675262451,0.6034824848175049,0.685615062713623,0.9973556399345398,Matryoshka,1,4-level,True,0.001
HIERARCHICAL_PAIRS,Matryoshka_60,0,1.93843,7.0,0,0.9253154782164738,0.9333704242232819,0.5962971448898315,0.8194444444444444,0.5719699263572693,0.5840519070625305,0.5441387891769409,0.9893026351928711,Matryoshka,7,4-level,True,0.001
HIERARCHICAL_PAIRS,Matryoshka_60,1,1.93843,7.0,0,0.9253154782164738,0.9333704242232819,0.5962971448898315,0.8194444444444444,0.5719699263572693,0.5840519070625305,0.5441387891769409,0.9893026351928711,Matryoshka,7,4-level,True,0.001
HIERARCHICAL_PAIRS,Matryoshka_60,2,1.93843,7.0,0,0.9253154782164738,0.9333704242232819,0.5962971448898315,0.8194444444444444,0.5719699263572693,0.5840519070625305,0.5441387891769409,0.9893026351928711,Matryoshka,7,4-level,True,0.001
HIERARCHICAL_PAIRS,Matryoshka_61,0,1.94117,7.0,0,0.9213860663058002,0.9329041983833773,0.5893645882606506,0.816358024691358,0.5666218400001526,0.5919865965843201,0.544232189655304,0.989363968372345,Matryoshka,7,4-level,True,0.01
HIERARCHICAL_PAIRS,Matryoshka_61,1,1.94117,7.0,0,0.9213860663058002,0.9329041983833773,0.5893645882606506,0.816358024691358,0.5666218400001526,0.5919865965843201,0.544232189655304,0.989363968372345,Matryoshka,7,4-level,True,0.01
HIERARCHICAL_PAIRS,Matryoshka_61,2,1.94117,7.0,0,0.9213860663058002,0.9329041983833773,0.5893645882606506,0.816358024691358,0.5666218400001526,0.5919865965843201,0.544232189655304,0.989363968372345,Matryoshka,7,4-level,True,0.01
HIERARCHICAL_PAIRS,Matryoshka_62,0,1.94706,7.0,0,0.906318955976807,0.9323340481289992,0.6026588678359985,0.8364197530864198,0.5738248229026794,0.5877677798271179,0.54862380027771,0.9890778064727783,Matryoshka,7,4-level,True,0.1
HIERARCHICAL_PAIRS,Matryoshka_62,1,1.94706,7.0,0,0.906318955976807,0.9323340481289992,0.6026588678359985,0.8364197530864198,0.5738248229026794,0.5877677798271179,0.54862380027771,0.9890778064727783,Matryoshka,7,4-level,True,0.1
HIERARCHICAL_PAIRS,Matryoshka_62,2,1.94706,7.0,0,0.906318955976807,0.9323340481289992,0.6026588678359985,0.8364197530864198,0.5738248229026794,0.5877677798271179,0.54862380027771,0.9890778064727783,Matryoshka,7,4-level,True,0.1
HIERARCHICAL_PAIRS,Matryoshka_63,0,1.93805,1.0,63,0.8253321176420552,0.885507484806825,0.8796300888061523,0.9305555555555556,0.8264504075050354,0.6007078289985657,0.6890132427215576,0.9963258504867554,Matryoshka,1,2-level,False,0.01
HIERARCHICAL_PAIRS,Matryoshka_63,1,1.93805,1.0,63,0.8253321176420552,0.885507484806825,0.8796300888061523,0.9305555555555556,0.8264504075050354,0.6007078289985657,0.6890132427215576,0.9963258504867554,Matryoshka,1,2-level,False,0.01
HIERARCHICAL_PAIRS,Matryoshka_63,2,1.93805,1.0,63,0.8253321176420552,0.885507484806825,0.8796300888061523,0.9305555555555556,0.8264504075050354,0.6007078289985657,0.6890132427215576,0.9963258504867554,Matryoshka,1,2-level,False,0.01
HIERARCHICAL_PAIRS,Matryoshka_64,0,1.94121,1.0,59,0.9289765782039442,0.8797920278961625,0.8798724412918091,0.9398148148148148,0.8149956464767456,0.5971516966819763,0.6798785924911499,0.996802806854248,Matryoshka,1,3-level,False,0.01
HIERARCHICAL_PAIRS,Matryoshka_64,1,1.94121,1.0,59,0.9289765782039442,0.8797920278961625,0.8798724412918091,0.9398148148148148,0.8149956464767456,0.5971516966819763,0.6798785924911499,0.996802806854248,Matryoshka,1,3-level,False,0.01
HIERARCHICAL_PAIRS,Matryoshka_64,2,1.94121,1.0,59,0.9289765782039442,0.8797920278961625,0.8798724412918091,0.9398148148148148,0.8149956464767456,0.5971516966819763,0.6798785924911499,0.996802806854248,Matryoshka,1,3-level,False,0.01
HIERARCHICAL_PAIRS,Matryoshka_65,0,1.9494,1.0,55,0.8715952581293089,0.8875364085176021,0.8805282115936279,0.9459876543209876,0.824396014213562,0.6146337985992432,0.6971279978752136,0.9972950220108032,Matryoshka,1,4-level,False,0.01
HIERARCHICAL_PAIRS,Matryoshka_65,1,1.9494,1.0,55,0.8715952581293089,0.8875364085176021,0.8805282115936279,0.9459876543209876,0.824396014213562,0.6146337985992432,0.6971279978752136,0.9972950220108032,Matryoshka,1,4-level,False,0.01
HIERARCHICAL_PAIRS,Matryoshka_65,2,1.9494,1.0,55,0.8715952581293089,0.8875364085176021,0.8805282115936279,0.9459876543209876,0.824396014213562,0.6146337985992432,0.6971279978752136,0.9972950220108032,Matryoshka,1,4-level,False,0.01
HIERARCHICAL_PAIRS,Matryoshka_66,0,1.93967,2.0,0,0.8675700640196146,0.9201038585754746,0.8596035242080688,0.9567901234567902,0.6573931574821472,0.6975064873695374,0.6604231595993042,0.9977678656578064,Matryoshka,2,2-level,False,0.01
HIERARCHICAL_PAIRS,Matryoshka_66,1,1.93967,2.0,0,0.8675700640196146,0.9201038585754746,0.8596035242080688,0.9567901234567902,0.6573931574821472,0.6975064873695374,0.6604231595993042,0.9977678656578064,Matryoshka,2,2-level,False,0.01
HIERARCHICAL_PAIRS,Matryoshka_66,2,1.93967,2.0,0,0.8675700640196146,0.9201038585754746,0.8596035242080688,0.9567901234567902,0.6573931574821472,0.6975064873695374,0.6604231595993042,0.9977678656578064,Matryoshka,2,2-level,False,0.01
HIERARCHICAL_PAIRS,Matryoshka_67,0,1.94121,2.0,0,0.9229805083766216,0.9118796304062586,0.8613283038139343,0.9552469135802469,0.6583956480026245,0.683368980884552,0.6515222191810608,0.9975244998931885,Matryoshka,2,3-level,False,0.01
HIERARCHICAL_PAIRS,Matryoshka_67,1,1.94121,2.0,0,0.9229805083766216,0.9118796304062586,0.8613283038139343,0.9552469135802469,0.6583956480026245,0.683368980884552,0.6515222191810608,0.9975244998931885,Matryoshka,2,3-level,False,0.01
HIERARCHICAL_PAIRS,Matryoshka_67,2,1.94121,2.0,0,0.9229805083766216,0.9118796304062586,0.8613283038139343,0.9552469135802469,0.6583956480026245,0.683368980884552,0.6515222191810608,0.9975244998931885,Matryoshka,2,3-level,False,0.01
HIERARCHICAL_PAIRS,Matryoshka_68,0,1.94972,2.0,0,0.8664061330925464,0.9097771166413118,0.8401614427566528,0.9429012345679012,0.6565496921539307,0.6809046268463135,0.6446889042854309,0.9974005222320557,Matryoshka,2,4-level,False,0.01
HIERARCHICAL_PAIRS,Matryoshka_68,1,1.94972,2.0,0,0.8664061330925464,0.9097771166413118,0.8401614427566528,0.9429012345679012,0.6565496921539307,0.6809046268463135,0.6446889042854309,0.9974005222320557,Matryoshka,2,4-level,False,0.01
HIERARCHICAL_PAIRS,Matryoshka_68,2,1.94972,2.0,0,0.8664061330925464,0.9097771166413118,0.8401614427566528,0.9429012345679012,0.6565496921539307,0.6809046268463135,0.6446889042854309,0.9974005222320557,Matryoshka,2,4-level,False,0.01
HIERARCHICAL_PAIRS,Matryoshka_69,0,1.93999,3.0,0,0.8736677114654621,0.9162569570989162,0.7778074741363525,0.8981481481481481,0.6239018440246582,0.6788497567176819,0.62419193983078,0.9959079027175903,Matryoshka,3,2-level,False,0.01
HIERARCHICAL_PAIRS,Matryoshka_69,1,1.93999,3.0,0,0.8736677114654621,0.9162569570989162,0.7778074741363525,0.8981481481481481,0.6239018440246582,0.6788497567176819,0.62419193983078,0.9959079027175903,Matryoshka,3,2-level,False,0.01
HIERARCHICAL_PAIRS,Matryoshka_69,2,1.93999,3.0,0,0.8736677114654621,0.9162569570989162,0.7778074741363525,0.8981481481481481,0.6239018440246582,0.6788497567176819,0.62419193983078,0.9959079027175903,Matryoshka,3,2-level,False,0.01
HIERARCHICAL_PAIRS,Matryoshka_7,0,1.94168,1.0,60,0.8705876022843505,0.8815016372601864,0.8724007606506348,0.9305555555555556,0.8045098781585693,0.5978717803955078,0.6768717765808105,0.9970388412475586,Matryoshka,1,4-level,True,0.01
HIERARCHICAL_PAIRS,Matryoshka_7,1,1.94168,1.0,60,0.8705876022843505,0.8815016372601864,0.8724007606506348,0.9305555555555556,0.8045098781585693,0.5978717803955078,0.6768717765808105,0.9970388412475586,Matryoshka,1,4-level,True,0.01
HIERARCHICAL_PAIRS,Matryoshka_7,2,1.94168,1.0,60,0.8705876022843505,0.8815016372601864,0.8724007606506348,0.9305555555555556,0.8045098781585693,0.5978717803955078,0.6768717765808105,0.9970388412475586,Matryoshka,1,4-level,True,0.01
HIERARCHICAL_PAIRS,Matryoshka_70,0,1.95046,3.0,0,0.8764290108602487,0.9090628190176886,0.7823347449302673,0.9120370370370371,0.6360236406326294,0.6726795434951782,0.6300500631332397,0.9958937764167786,Matryoshka,3,3-level,False,0.01
HIERARCHICAL_PAIRS,Matryoshka_70,1,1.95046,3.0,0,0.8764290108602487,0.9090628190176886,0.7823347449302673,0.9120370370370371,0.6360236406326294,0.6726795434951782,0.6300500631332397,0.9958937764167786,Matryoshka,3,3-level,False,0.01
HIERARCHICAL_PAIRS,Matryoshka_70,2,1.95046,3.0,0,0.8764290108602487,0.9090628190176886,0.7823347449302673,0.9120370370370371,0.6360236406326294,0.6726795434951782,0.6300500631332397,0.9958937764167786,Matryoshka,3,3-level,False,0.01
HIERARCHICAL_PAIRS,Matryoshka_71,0,1.94386,3.0,0,0.8977259383679137,0.9095043773694399,0.767753541469574,0.8950617283950617,0.6101000308990479,0.6576736569404602,0.6053557395935059,0.9957985877990723,Matryoshka,3,4-level,False,0.01
HIERARCHICAL_PAIRS,Matryoshka_71,1,1.94386,3.0,0,0.8977259383679137,0.9095043773694399,0.767753541469574,0.8950617283950617,0.6101000308990479,0.6576736569404602,0.6053557395935059,0.9957985877990723,Matryoshka,3,4-level,False,0.01
HIERARCHICAL_PAIRS,Matryoshka_71,2,1.94386,3.0,0,0.8977259383679137,0.9095043773694399,0.767753541469574,0.8950617283950617,0.6101000308990479,0.6576736569404602,0.6053557395935059,0.9957985877990723,Matryoshka,3,4-level,False,0.01
HIERARCHICAL_PAIRS,Matryoshka_72,0,1.94701,4.0,0,0.870090012014649,0.9172730033477281,0.7253105640411377,0.8688271604938271,0.613933801651001,0.6350017189979553,0.6064643263816833,0.9940958023071289,Matryoshka,4,2-level,False,0.01
HIERARCHICAL_PAIRS,Matryoshka_72,1,1.94701,4.0,0,0.870090012014649,0.9172730033477281,0.7253105640411377,0.8688271604938271,0.613933801651001,0.6350017189979553,0.6064643263816833,0.9940958023071289,Matryoshka,4,2-level,False,0.01
HIERARCHICAL_PAIRS,Matryoshka_72,2,1.94701,4.0,0,0.870090012014649,0.9172730033477281,0.7253105640411377,0.8688271604938271,0.613933801651001,0.6350017189979553,0.6064643263816833,0.9940958023071289,Matryoshka,4,2-level,False,0.01
HIERARCHICAL_PAIRS,Matryoshka_73,0,1.94211,4.0,0,0.8902254048211445,0.9098480410003938,0.7204611301422119,0.8672839506172839,0.6077826619148254,0.6391186118125916,0.5977396368980408,0.9940629005432129,Matryoshka,4,3-level,False,0.01
HIERARCHICAL_PAIRS,Matryoshka_73,1,1.94211,4.0,0,0.8902254048211445,0.9098480410003938,0.7204611301422119,0.8672839506172839,0.6077826619148254,0.6391186118125916,0.5977396368980408,0.9940629005432129,Matryoshka,4,3-level,False,0.01
HIERARCHICAL_PAIRS,Matryoshka_73,2,1.94211,4.0,0,0.8902254048211445,0.9098480410003938,0.7204611301422119,0.8672839506172839,0.6077826619148254,0.6391186118125916,0.5977396368980408,0.9940629005432129,Matryoshka,4,3-level,False,0.01
HIERARCHICAL_PAIRS,Matryoshka_74,0,1.94767,4.0,0,0.8936364945449617,0.9140968950956839,0.7136254906654358,0.8765432098765432,0.5990297198295593,0.6223412752151489,0.5856532454490662,0.9941121935844421,Matryoshka,4,4-level,False,0.01
HIERARCHICAL_PAIRS,Matryoshka_74,1,1.94767,4.0,0,0.8936364945449617,0.9140968950956839,0.7136254906654358,0.8765432098765432,0.5990297198295593,0.6223412752151489,0.5856532454490662,0.9941121935844421,Matryoshka,4,4-level,False,0.01
HIERARCHICAL_PAIRS,Matryoshka_74,2,1.94767,4.0,0,0.8936364945449617,0.9140968950956839,0.7136254906654358,0.8765432098765432,0.5990297198295593,0.6223412752151489,0.5856532454490662,0.9941121935844421,Matryoshka,4,4-level,False,0.01
HIERARCHICAL_PAIRS,Matryoshka_75,0,1.9538,5.0,0,0.880743177429191,0.9242792061616556,0.6831046342849731,0.8518518518518519,0.60035240650177,0.6302053332328796,0.5920102596282959,0.9925668835639954,Matryoshka,5,2-level,False,0.01
HIERARCHICAL_PAIRS,Matryoshka_75,1,1.9538,5.0,0,0.880743177429191,0.9242792061616556,0.6831046342849731,0.8518518518518519,0.60035240650177,0.6302053332328796,0.5920102596282959,0.9925668835639954,Matryoshka,5,2-level,False,0.01
HIERARCHICAL_PAIRS,Matryoshka_75,2,1.9538,5.0,0,0.880743177429191,0.9242792061616556,0.6831046342849731,0.8518518518518519,0.60035240650177,0.6302053332328796,0.5920102596282959,0.9925668835639954,Matryoshka,5,2-level,False,0.01
HIERARCHICAL_PAIRS,Matryoshka_76,0,1.95124,5.0,0,0.8917065149371497,0.9163313574750526,0.6851200461387634,0.8780864197530864,0.608021080493927,0.6374597549438477,0.59736567735672,0.9923438429832458,Matryoshka,5,3-level,False,0.01
HIERARCHICAL_PAIRS,Matryoshka_76,1,1.95124,5.0,0,0.8917065149371497,0.9163313574750526,0.6851200461387634,0.8780864197530864,0.608021080493927,0.6374597549438477,0.59736567735672,0.9923438429832458,Matryoshka,5,3-level,False,0.01
HIERARCHICAL_PAIRS,Matryoshka_76,2,1.95124,5.0,0,0.8917065149371497,0.9163313574750526,0.6851200461387634,0.8780864197530864,0.608021080493927,0.6374597549438477,0.59736567735672,0.9923438429832458,Matryoshka,5,3-level,False,0.01
HIERARCHICAL_PAIRS,Matryoshka_77,0,1.93524,5.0,0,0.8865282155105408,0.918674989208495,0.6770889163017273,0.8626543209876543,0.5756933689117432,0.6280099153518677,0.5701903104782104,0.9923018217086792,Matryoshka,5,4-level,False,0.01
HIERARCHICAL_PAIRS,Matryoshka_77,1,1.93524,5.0,0,0.8865282155105408,0.918674989208495,0.6770889163017273,0.8626543209876543,0.5756933689117432,0.6280099153518677,0.5701903104782104,0.9923018217086792,Matryoshka,5,4-level,False,0.01
HIERARCHICAL_PAIRS,Matryoshka_77,2,1.93524,5.0,0,0.8865282155105408,0.918674989208495,0.6770889163017273,0.8626543209876543,0.5756933689117432,0.6280099153518677,0.5701903104782104,0.9923018217086792,Matryoshka,5,4-level,False,0.01
HIERARCHICAL_PAIRS,Matryoshka_78,0,1.95415,6.0,0,0.8980659599469029,0.932574656079122,0.6508784890174866,0.8672839506172839,0.6099713444709778,0.6336692571640015,0.6019564867019653,0.991054117679596,Matryoshka,6,2-level,False,0.01
HIERARCHICAL_PAIRS,Matryoshka_78,1,1.95415,6.0,0,0.8980659599469029,0.932574656079122,0.6508784890174866,0.8672839506172839,0.6099713444709778,0.6336692571640015,0.6019564867019653,0.991054117679596,Matryoshka,6,2-level,False,0.01
HIERARCHICAL_PAIRS,Matryoshka_78,2,1.95415,6.0,0,0.8980659599469029,0.932574656079122,0.6508784890174866,0.8672839506172839,0.6099713444709778,0.6336692571640015,0.6019564867019653,0.991054117679596,Matryoshka,6,2-level,False,0.01
HIERARCHICAL_PAIRS,Matryoshka_79,0,1.93939,6.0,0,0.8963716035387972,0.9220482418795082,0.640762209892273,0.8410493827160493,0.5813124179840088,0.6191027760505676,0.5686120986938477,0.9909133911132812,Matryoshka,6,3-level,False,0.01
HIERARCHICAL_PAIRS,Matryoshka_79,1,1.93939,6.0,0,0.8963716035387972,0.9220482418795082,0.640762209892273,0.8410493827160493,0.5813124179840088,0.6191027760505676,0.5686120986938477,0.9909133911132812,Matryoshka,6,3-level,False,0.01
HIERARCHICAL_PAIRS,Matryoshka_79,2,1.93939,6.0,0,0.8963716035387972,0.9220482418795082,0.640762209892273,0.8410493827160493,0.5813124179840088,0.6191027760505676,0.5686120986938477,0.9909133911132812,Matryoshka,6,3-level,False,0.01
HIERARCHICAL_PAIRS,Matryoshka_8,0,1.94672,1.0,60,0.8173942515117543,0.8835616720408858,0.8777912259101868,0.9290123456790124,0.8264817595481873,0.6019836068153381,0.688906192779541,0.9963802099227905,Matryoshka,1,4-level,True,0.1
HIERARCHICAL_PAIRS,Matryoshka_8,1,1.94672,1.0,60,0.8173942515117543,0.8835616720408858,0.8777912259101868,0.9290123456790124,0.8264817595481873,0.6019836068153381,0.688906192779541,0.9963802099227905,Matryoshka,1,4-level,True,0.1
HIERARCHICAL_PAIRS,Matryoshka_8,2,1.94672,1.0,60,0.8173942515117543,0.8835616720408858,0.8777912259101868,0.9290123456790124,0.8264817595481873,0.6019836068153381,0.688906192779541,0.9963802099227905,Matryoshka,1,4-level,True,0.1
HIERARCHICAL_PAIRS,Matryoshka_80,0,1.94756,6.0,0,0.9176053408503753,0.9257115994120324,0.6344685554504395,0.8595679012345679,0.5642867684364319,0.6081492900848389,0.5553628206253052,0.9909164309501648,Matryoshka,6,4-level,False,0.01
HIERARCHICAL_PAIRS,Matryoshka_80,1,1.94756,6.0,0,0.9176053408503753,0.9257115994120324,0.6344685554504395,0.8595679012345679,0.5642867684364319,0.6081492900848389,0.5553628206253052,0.9909164309501648,Matryoshka,6,4-level,False,0.01
HIERARCHICAL_PAIRS,Matryoshka_80,2,1.94756,6.0,0,0.9176053408503753,0.9257115994120324,0.6344685554504395,0.8595679012345679,0.5642867684364319,0.6081492900848389,0.5553628206253052,0.9909164309501648,Matryoshka,6,4-level,False,0.01
HIERARCHICAL_PAIRS,Matryoshka_81,0,1.94274,7.0,0,0.9659889114684573,0.940448354438899,0.614413857460022,0.8518518518518519,0.5867840647697449,0.6253365278244019,0.5811569094657898,0.9895065426826477,Matryoshka,7,2-level,False,0.01
HIERARCHICAL_PAIRS,Matryoshka_81,1,1.94274,7.0,0,0.9659889114684573,0.940448354438899,0.614413857460022,0.8518518518518519,0.5867840647697449,0.6253365278244019,0.5811569094657898,0.9895065426826477,Matryoshka,7,2-level,False,0.01
HIERARCHICAL_PAIRS,Matryoshka_81,2,1.94274,7.0,0,0.9659889114684573,0.940448354438899,0.614413857460022,0.8518518518518519,0.5867840647697449,0.6253365278244019,0.5811569094657898,0.9895065426826477,Matryoshka,7,2-level,False,0.01
HIERARCHICAL_PAIRS,Matryoshka_82,0,1.94684,7.0,0,0.899065461863773,0.9268494882793918,0.6116616129875183,0.8487654320987654,0.5627837181091309,0.6129470467567444,0.5523995757102966,0.9892362356185913,Matryoshka,7,3-level,False,0.01
HIERARCHICAL_PAIRS,Matryoshka_82,1,1.94684,7.0,0,0.899065461863773,0.9268494882793918,0.6116616129875183,0.8487654320987654,0.5627837181091309,0.6129470467567444,0.5523995757102966,0.9892362356185913,Matryoshka,7,3-level,False,0.01
HIERARCHICAL_PAIRS,Matryoshka_82,2,1.94684,7.0,0,0.899065461863773,0.9268494882793918,0.6116616129875183,0.8487654320987654,0.5627837181091309,0.6129470467567444,0.5523995757102966,0.9892362356185913,Matryoshka,7,3-level,False,0.01
HIERARCHICAL_PAIRS,Matryoshka_83,0,1.93323,7.0,1,0.9211126542157999,0.929846573312097,0.6124614477157593,0.8240740740740741,0.5669534802436829,0.5951348543167114,0.5482177734375,0.9888883233070374,Matryoshka,7,4-level,False,0.01
HIERARCHICAL_PAIRS,Matryoshka_83,1,1.93323,7.0,1,0.9211126542157999,0.929846573312097,0.6124614477157593,0.8240740740740741,0.5669534802436829,0.5951348543167114,0.5482177734375,0.9888883233070374,Matryoshka,7,4-level,False,0.01
HIERARCHICAL_PAIRS,Matryoshka_83,2,1.93323,7.0,1,0.9211126542157999,0.929846573312097,0.6124614477157593,0.8240740740740741,0.5669534802436829,0.5951348543167114,0.5482177734375,0.9888883233070374,Matryoshka,7,4-level,False,0.01
HIERARCHICAL_PAIRS,Matryoshka_9,0,1.95116,2.0,0,0.8610785655051012,0.9214910499517622,0.8689477443695068,0.9629629629629629,0.6595012545585632,0.6999333500862122,0.6613866686820984,0.9977071285247803,Matryoshka,2,2-level,True,0.001
HIERARCHICAL_PAIRS,Matryoshka_9,1,1.95116,2.0,0,0.8610785655051012,0.9214910499517622,0.8689477443695068,0.9629629629629629,0.6595012545585632,0.6999333500862122,0.6613866686820984,0.9977071285247803,Matryoshka,2,2-level,True,0.001
HIERARCHICAL_PAIRS,Matryoshka_9,2,1.95116,2.0,0,0.8610785655051012,0.9214910499517622,0.8689477443695068,0.9629629629629629,0.6595012545585632,0.6999333500862122,0.6613866686820984,0.9977071285247803,Matryoshka,2,2-level,True,0.001
SPARSE_UNIFORM,Matryoshka_0,0,2.455,1.0,54,0.505355921213854,0.3195990311963143,0.4858030080795288,0.8441358024691358,0.35737481713294983,0.1875811070203781,0.2405661642551422,0.9938958287239075,Matryoshka,1,2-level,True,0.001
SPARSE_UNIFORM,Matryoshka_0,1,2.455,1.0,54,0.505355921213854,0.3195990311963143,0.4858030080795288,0.8441358024691358,0.35737481713294983,0.1875811070203781,0.2405661642551422,0.9938958287239075,Matryoshka,1,2-level,True,0.001
SPARSE_UNIFORM,Matryoshka_0,2,2.455,1.0,54,0.505355921213854,0.3195990311963143,0.4858030080795288,0.8441358024691358,0.35737481713294983,0.1875811070203781,0.2405661642551422,0.9938958287239075,Matryoshka,1,2-level,True,0.001
SPARSE_UNIFORM,Matryoshka_1,0,2.46531,1.0,57,0.4841140368284276,0.3193636985495719,0.48719754815101624,0.845679012345679,0.36324357986450195,0.18408218026161194,0.23865509033203125,0.9936391711235046,Matryoshka,1,2-level,True,0.01
SPARSE_UNIFORM,Matryoshka_1,1,2.46531,1.0,57,0.4841140368284276,0.3193636985495719,0.48719754815101624,0.845679012345679,0.36324357986450195,0.18408218026161194,0.23865509033203125,0.9936391711235046,Matryoshka,1,2-level,True,0.01
SPARSE_UNIFORM,Matryoshka_1,2,2.46531,1.0,57,0.4841140368284276,0.3193636985495719,0.48719754815101624,0.845679012345679,0.36324357986450195,0.18408218026161194,0.23865509033203125,0.9936391711235046,Matryoshka,1,2-level,True,0.01
SPARSE_UNIFORM,Matryoshka_10,0,2.45638,2.0,1,0.6233326166188705,0.4254555943810606,0.47644317150115967,0.845679012345679,0.2403561919927597,0.26239144802093506,0.23847170174121857,0.995034396648407,Matryoshka,2,2-level,True,0.01
SPARSE_UNIFORM,Matryoshka_10,1,2.45638,2.0,1,0.6233326166188705,0.4254555943810606,0.47644317150115967,0.845679012345679,0.2403561919927597,0.26239144802093506,0.23847170174121857,0.995034396648407,Matryoshka,2,2-level,True,0.01
SPARSE_UNIFORM,Matryoshka_10,2,2.45638,2.0,1,0.6233326166188705,0.4254555943810606,0.47644317150115967,0.845679012345679,0.2403561919927597,0.26239144802093506,0.23847170174121857,0.995034396648407,Matryoshka,2,2-level,True,0.01
SPARSE_UNIFORM,Matryoshka_11,0,2.45994,2.0,1,0.5505734730071102,0.42467031443302683,0.4759935140609741,0.8518518518518519,0.23896363377571106,0.2636811435222626,0.23860754072666168,0.9953988194465637,Matryoshka,2,2-level,True,0.1
SPARSE_UNIFORM,Matryoshka_11,1,2.45994,2.0,1,0.5505734730071102,0.42467031443302683,0.4759935140609741,0.8518518518518519,0.23896363377571106,0.2636811435222626,0.23860754072666168,0.9953988194465637,Matryoshka,2,2-level,True,0.1
SPARSE_UNIFORM,Matryoshka_11,2,2.45994,2.0,1,0.5505734730071102,0.42467031443302683,0.4759935140609741,0.8518518518518519,0.23896363377571106,0.2636811435222626,0.23860754072666168,0.9953988194465637,Matryoshka,2,2-level,True,0.1
SPARSE_UNIFORM,Matryoshka_12,0,2.46315,2.0,0,0.5533185813606568,0.40626487663703137,0.4663967490196228,0.8425925925925926,0.2352188229560852,0.24809272587299347,0.2245175838470459,0.9952443242073059,Matryoshka,2,3-level,True,0.001
SPARSE_UNIFORM,Matryoshka_12,1,2.46315,2.0,0,0.5533185813606568,0.40626487663703137,0.4663967490196228,0.8425925925925926,0.2352188229560852,0.24809272587299347,0.2245175838470459,0.9952443242073059,Matryoshka,2,3-level,True,0.001
SPARSE_UNIFORM,Matryoshka_12,2,2.46315,2.0,0,0.5533185813606568,0.40626487663703137,0.4663967490196228,0.8425925925925926,0.2352188229560852,0.24809272587299347,0.2245175838470459,0.9952443242073059,Matryoshka,2,3-level,True,0.001
SPARSE_UNIFORM,Matryoshka_13,0,2.46351,2.0,0,0.5411803212906034,0.4093220523727714,0.46746769547462463,0.8395061728395061,0.23488709330558777,0.24750424921512604,0.2247370034456253,0.9952185153961182,Matryoshka,2,3-level,True,0.01
SPARSE_UNIFORM,Matryoshka_13,1,2.46351,2.0,0,0.5411803212906034,0.4093220523727714,0.46746769547462463,0.8395061728395061,0.23488709330558777,0.24750424921512604,0.2247370034456253,0.9952185153961182,Matryoshka,2,3-level,True,0.01
SPARSE_UNIFORM,Matryoshka_13,2,2.46351,2.0,0,0.5411803212906034,0.4093220523727714,0.46746769547462463,0.8395061728395061,0.23488709330558777,0.24750424921512604,0.2247370034456253,0.9952185153961182,Matryoshka,2,3-level,True,0.01
SPARSE_UNIFORM,Matryoshka_14,0,2.4566,2.0,1,0.5533740068336385,0.4133230229341591,0.4677408039569855,0.8564814814814815,0.24928279221057892,0.25544819235801697,0.23560751974582672,0.9954556226730347,Matryoshka,2,3-level,True,0.1
SPARSE_UNIFORM,Matryoshka_14,1,2.4566,2.0,1,0.5533740068336385,0.4133230229341591,0.4677408039569855,0.8564814814814815,0.24928279221057892,0.25544819235801697,0.23560751974582672,0.9954556226730347,Matryoshka,2,3-level,True,0.1
SPARSE_UNIFORM,Matryoshka_14,2,2.4566,2.0,1,0.5533740068336385,0.4133230229341591,0.4677408039569855,0.8564814814814815,0.24928279221057892,0.25544819235801697,0.23560751974582672,0.9954556226730347,Matryoshka,2,3-level,True,0.1
SPARSE_UNIFORM,Matryoshka_15,0,2.46257,2.0,0,0.5696475448857454,0.41064118602454736,0.46577250957489014,0.8364197530864198,0.22371479868888855,0.24586571753025055,0.22017627954483032,0.9954611659049988,Matryoshka,2,4-level,True,0.001
SPARSE_UNIFORM,Matryoshka_15,1,2.46257,2.0,0,0.5696475448857454,0.41064118602454736,0.46577250957489014,0.8364197530864198,0.22371479868888855,0.24586571753025055,0.22017627954483032,0.9954611659049988,Matryoshka,2,4-level,True,0.001
SPARSE_UNIFORM,Matryoshka_15,2,2.46257,2.0,0,0.5696475448857454,0.41064118602454736,0.46577250957489014,0.8364197530864198,0.22371479868888855,0.24586571753025055,0.22017627954483032,0.9954611659049988,Matryoshka,2,4-level,True,0.001
SPARSE_UNIFORM,Matryoshka_16,0,2.46018,2.0,2,0.5442297164036997,0.41822439630216746,0.46222856640815735,0.8055555555555556,0.2211654633283615,0.24325476586818695,0.2171044796705246,0.9955466985702515,Matryoshka,2,4-level,True,0.01
SPARSE_UNIFORM,Matryoshka_16,1,2.46018,2.0,2,0.5442297164036997,0.41822439630216746,0.46222856640815735,0.8055555555555556,0.2211654633283615,0.24325476586818695,0.2171044796705246,0.9955466985702515,Matryoshka,2,4-level,True,0.01
SPARSE_UNIFORM,Matryoshka_16,2,2.46018,2.0,2,0.5442297164036997,0.41822439630216746,0.46222856640815735,0.8055555555555556,0.2211654633283615,0.24325476586818695,0.2171044796705246,0.9955466985702515,Matryoshka,2,4-level,True,0.01
SPARSE_UNIFORM,Matryoshka_17,0,2.46956,2.0,4,0.5503073854059051,0.4154423389687406,0.4664643406867981,0.8395061728395061,0.22178885340690613,0.24842165410518646,0.2200789749622345,0.9954234957695007,Matryoshka,2,4-level,True,0.1
SPARSE_UNIFORM,Matryoshka_17,1,2.46956,2.0,4,0.5503073854059051,0.4154423389687406,0.4664643406867981,0.8395061728395061,0.22178885340690613,0.24842165410518646,0.2200789749622345,0.9954234957695007,Matryoshka,2,4-level,True,0.1
SPARSE_UNIFORM,Matryoshka_17,2,2.46956,2.0,4,0.5503073854059051,0.4154423389687406,0.4664643406867981,0.8395061728395061,0.22178885340690613,0.24842165410518646,0.2200789749622345,0.9954234957695007,Matryoshka,2,4-level,True,0.1
SPARSE_UNIFORM,Matryoshka_18,0,2.45625,3.0,1,0.5977319978783785,0.47559609903572386,0.4513351023197174,0.7901234567901234,0.20963609218597412,0.2433394193649292,0.20626699924468994,0.9934216737747192,Matryoshka,3,2-level,True,0.001
SPARSE_UNIFORM,Matryoshka_18,1,2.45625,3.0,1,0.5977319978783785,0.47559609903572386,0.4513351023197174,0.7901234567901234,0.20963609218597412,0.2433394193649292,0.20626699924468994,0.9934216737747192,Matryoshka,3,2-level,True,0.001
SPARSE_UNIFORM,Matryoshka_18,2,2.45625,3.0,1,0.5977319978783785,0.47559609903572386,0.4513351023197174,0.7901234567901234,0.20963609218597412,0.2433394193649292,0.20626699924468994,0.9934216737747192,Matryoshka,3,2-level,True,0.001
SPARSE_UNIFORM,Matryoshka_19,0,2.46936,3.0,0,0.6402184794960742,0.47985675991632415,0.4507211446762085,0.7808641975308642,0.20632635056972504,0.24967259168624878,0.2088855504989624,0.9937348365783691,Matryoshka,3,2-level,True,0.01
SPARSE_UNIFORM,Matryoshka_19,1,2.46936,3.0,0,0.6402184794960742,0.47985675991632415,0.4507211446762085,0.7808641975308642,0.20632635056972504,0.24967259168624878,0.2088855504989624,0.9937348365783691,Matryoshka,3,2-level,True,0.01
SPARSE_UNIFORM,Matryoshka_19,2,2.46936,3.0,0,0.6402184794960742,0.47985675991632415,0.4507211446762085,0.7808641975308642,0.20632635056972504,0.24967259168624878,0.2088855504989624,0.9937348365783691,Matryoshka,3,2-level,True,0.01
SPARSE_UNIFORM,Matryoshka_2,0,2.45548,1.0,57,0.5501023989141111,0.29073666606062376,0.4851636588573456,0.8395061728395061,0.3307211101055145,0.19518150389194489,0.2401277720928192,0.9938555955886841,Matryoshka,1,2-level,True,0.1
SPARSE_UNIFORM,Matryoshka_2,1,2.45548,1.0,57,0.5501023989141111,0.29073666606062376,0.4851636588573456,0.8395061728395061,0.3307211101055145,0.19518150389194489,0.2401277720928192,0.9938555955886841,Matryoshka,1,2-level,True,0.1
SPARSE_UNIFORM,Matryoshka_2,2,2.45548,1.0,57,0.5501023989141111,0.29073666606062376,0.4851636588573456,0.8395061728395061,0.3307211101055145,0.19518150389194489,0.2401277720928192,0.9938555955886841,Matryoshka,1,2-level,True,0.1
SPARSE_UNIFORM,Matryoshka_20,0,2.46501,3.0,0,0.6725774154378934,0.47732640209831223,0.4530874192714691,0.7839506172839507,0.21422909200191498,0.2523764967918396,0.21069319546222687,0.9932901859283447,Matryoshka,3,2-level,True,0.1
SPARSE_UNIFORM,Matryoshka_20,1,2.46501,3.0,0,0.6725774154378934,0.47732640209831223,0.4530874192714691,0.7839506172839507,0.21422909200191498,0.2523764967918396,0.21069319546222687,0.9932901859283447,Matryoshka,3,2-level,True,0.1
SPARSE_UNIFORM,Matryoshka_20,2,2.46501,3.0,0,0.6725774154378934,0.47732640209831223,0.4530874192714691,0.7839506172839507,0.21422909200191498,0.2523764967918396,0.21069319546222687,0.9932901859283447,Matryoshka,3,2-level,True,0.1
SPARSE_UNIFORM,Matryoshka_21,0,2.4573,3.0,0,0.6010671695050066,0.4595934466707011,0.44700887799263,0.8070987654320988,0.20854122936725616,0.23951558768749237,0.2033112794160843,0.9938467741012573,Matryoshka,3,3-level,True,0.001
SPARSE_UNIFORM,Matryoshka_21,1,2.4573,3.0,0,0.6010671695050066,0.4595934466707011,0.44700887799263,0.8070987654320988,0.20854122936725616,0.23951558768749237,0.2033112794160843,0.9938467741012573,Matryoshka,3,3-level,True,0.001
SPARSE_UNIFORM,Matryoshka_21,2,2.4573,3.0,0,0.6010671695050066,0.4595934466707011,0.44700887799263,0.8070987654320988,0.20854122936725616,0.23951558768749237,0.2033112794160843,0.9938467741012573,Matryoshka,3,3-level,True,0.001
SPARSE_UNIFORM,Matryoshka_22,0,2.45177,3.0,0,0.5954474641229015,0.4606003241912554,0.4488743841648102,0.7824074074074074,0.20613577961921692,0.23734836280345917,0.20024169981479645,0.9932082295417786,Matryoshka,3,3-level,True,0.01
SPARSE_UNIFORM,Matryoshka_22,1,2.45177,3.0,0,0.5954474641229015,0.4606003241912554,0.4488743841648102,0.7824074074074074,0.20613577961921692,0.23734836280345917,0.20024169981479645,0.9932082295417786,Matryoshka,3,3-level,True,0.01
SPARSE_UNIFORM,Matryoshka_22,2,2.45177,3.0,0,0.5954474641229015,0.4606003241912554,0.4488743841648102,0.7824074074074074,0.20613577961921692,0.23734836280345917,0.20024169981479645,0.9932082295417786,Matryoshka,3,3-level,True,0.01
SPARSE_UNIFORM,Matryoshka_23,0,2.45312,3.0,0,0.6047353516157158,0.45813850763458563,0.4433216154575348,0.7885802469135802,0.20884115993976593,0.24320800602436066,0.20361892879009247,0.9937182664871216,Matryoshka,3,3-level,True,0.1
SPARSE_UNIFORM,Matryoshka_23,1,2.45312,3.0,0,0.6047353516157158,0.45813850763458563,0.4433216154575348,0.7885802469135802,0.20884115993976593,0.24320800602436066,0.20361892879009247,0.9937182664871216,Matryoshka,3,3-level,True,0.1
SPARSE_UNIFORM,Matryoshka_23,2,2.45312,3.0,0,0.6047353516157158,0.45813850763458563,0.4433216154575348,0.7885802469135802,0.20884115993976593,0.24320800602436066,0.20361892879009247,0.9937182664871216,Matryoshka,3,3-level,True,0.1
SPARSE_UNIFORM,Matryoshka_24,0,2.45593,3.0,1,0.7476596702659436,0.47248866971964276,0.4480065405368805,0.7854938271604939,0.19432957470417023,0.23375214636325836,0.1927579641342163,0.9939488768577576,Matryoshka,3,4-level,True,0.001
SPARSE_UNIFORM,Matryoshka_24,1,2.45593,3.0,1,0.7476596702659436,0.47248866971964276,0.4480065405368805,0.7854938271604939,0.19432957470417023,0.23375214636325836,0.1927579641342163,0.9939488768577576,Matryoshka,3,4-level,True,0.001
SPARSE_UNIFORM,Matryoshka_24,2,2.45593,3.0,1,0.7476596702659436,0.47248866971964276,0.4480065405368805,0.7854938271604939,0.19432957470417023,0.23375214636325836,0.1927579641342163,0.9939488768577576,Matryoshka,3,4-level,True,0.001
SPARSE_UNIFORM,Matryoshka_25,0,2.459,3.0,4,0.5931538897301537,0.4731870564732097,0.44568511843681335,0.7978395061728395,0.19682002067565918,0.23866690695285797,0.1956007033586502,0.9942115545272827,Matryoshka,3,4-level,True,0.01
SPARSE_UNIFORM,Matryoshka_25,1,2.459,3.0,4,0.5931538897301537,0.4731870564732097,0.44568511843681335,0.7978395061728395,0.19682002067565918,0.23866690695285797,0.1956007033586502,0.9942115545272827,Matryoshka,3,4-level,True,0.01
SPARSE_UNIFORM,Matryoshka_25,2,2.459,3.0,4,0.5931538897301537,0.4731870564732097,0.44568511843681335,0.7978395061728395,0.19682002067565918,0.23866690695285797,0.1956007033586502,0.9942115545272827,Matryoshka,3,4-level,True,0.01
SPARSE_UNIFORM,Matryoshka_26,0,2.46556,3.0,0,0.5975195118862148,0.465098947837871,0.4477967619895935,0.7870370370370371,0.18734310567378998,0.23222286999225616,0.18891997635364532,0.9940870404243469,Matryoshka,3,4-level,True,0.1
SPARSE_UNIFORM,Matryoshka_26,1,2.46556,3.0,0,0.5975195118862148,0.465098947837871,0.4477967619895935,0.7870370370370371,0.18734310567378998,0.23222286999225616,0.18891997635364532,0.9940870404243469,Matryoshka,3,4-level,True,0.1
SPARSE_UNIFORM,Matryoshka_26,2,2.46556,3.0,0,0.5975195118862148,0.465098947837871,0.4477967619895935,0.7870370370370371,0.18734310567378998,0.23222286999225616,0.18891997635364532,0.9940870404243469,Matryoshka,3,4-level,True,0.1
SPARSE_UNIFORM,Matryoshka_27,0,2.45263,4.0,0,0.6491095420931325,0.5112798233769926,0.43600916862487793,0.7546296296296297,0.19142524898052216,0.22815699875354767,0.18863175809383392,0.9923669099807739,Matryoshka,4,2-level,True,0.001
SPARSE_UNIFORM,Matryoshka_27,1,2.45263,4.0,0,0.6491095420931325,0.5112798233769926,0.43600916862487793,0.7546296296296297,0.19142524898052216,0.22815699875354767,0.18863175809383392,0.9923669099807739,Matryoshka,4,2-level,True,0.001
SPARSE_UNIFORM,Matryoshka_27,2,2.45263,4.0,0,0.6491095420931325,0.5112798233769926,0.43600916862487793,0.7546296296296297,0.19142524898052216,0.22815699875354767,0.18863175809383392,0.9923669099807739,Matryoshka,4,2-level,True,0.001
SPARSE_UNIFORM,Matryoshka_28,0,2.46014,4.0,0,0.6284793286072521,0.5086718952829183,0.43017470836639404,0.7484567901234568,0.1846337914466858,0.21849539875984192,0.18187522888183594,0.9919086694717407,Matryoshka,4,2-level,True,0.01
SPARSE_UNIFORM,Matryoshka_28,1,2.46014,4.0,0,0.6284793286072521,0.5086718952829183,0.43017470836639404,0.7484567901234568,0.1846337914466858,0.21849539875984192,0.18187522888183594,0.9919086694717407,Matryoshka,4,2-level,True,0.01
SPARSE_UNIFORM,Matryoshka_28,2,2.46014,4.0,0,0.6284793286072521,0.5086718952829183,0.43017470836639404,0.7484567901234568,0.1846337914466858,0.21849539875984192,0.18187522888183594,0.9919086694717407,Matryoshka,4,2-level,True,0.01
SPARSE_UNIFORM,Matryoshka_29,0,2.45917,4.0,1,0.6757343460837143,0.5132441824588423,0.43423593044281006,0.7407407407407407,0.188251331448555,0.21423622965812683,0.17968373000621796,0.9918017983436584,Matryoshka,4,2-level,True,0.1
SPARSE_UNIFORM,Matryoshka_29,1,2.45917,4.0,1,0.6757343460837143,0.5132441824588423,0.43423593044281006,0.7407407407407407,0.188251331448555,0.21423622965812683,0.17968373000621796,0.9918017983436584,Matryoshka,4,2-level,True,0.1
SPARSE_UNIFORM,Matryoshka_29,2,2.45917,4.0,1,0.6757343460837143,0.5132441824588423,0.43423593044281006,0.7407407407407407,0.188251331448555,0.21423622965812683,0.17968373000621796,0.9918017983436584,Matryoshka,4,2-level,True,0.1
SPARSE_UNIFORM,Matryoshka_3,0,2.45645,1.0,61,0.4578335092191894,0.3274937835023045,0.48418766260147095,0.8564814814814815,0.32596975564956665,0.2001487761735916,0.24228762090206146,0.994173526763916,Matryoshka,1,3-level,True,0.001
SPARSE_UNIFORM,Matryoshka_3,1,2.45645,1.0,61,0.4578335092191894,0.3274937835023045,0.48418766260147095,0.8564814814814815,0.32596975564956665,0.2001487761735916,0.24228762090206146,0.994173526763916,Matryoshka,1,3-level,True,0.001
SPARSE_UNIFORM,Matryoshka_3,2,2.45645,1.0,61,0.4578335092191894,0.3274937835023045,0.48418766260147095,0.8564814814814815,0.32596975564956665,0.2001487761735916,0.24228762090206146,0.994173526763916,Matryoshka,1,3-level,True,0.001
SPARSE_UNIFORM,Matryoshka_30,0,2.45914,4.0,0,0.6412125793534126,0.5021172785943127,0.4329379200935364,0.7746913580246914,0.18424656987190247,0.21650013327598572,0.17932802438735962,0.9922947883605957,Matryoshka,4,3-level,True,0.001
SPARSE_UNIFORM,Matryoshka_30,1,2.45914,4.0,0,0.6412125793534126,0.5021172785943127,0.4329379200935364,0.7746913580246914,0.18424656987190247,0.21650013327598572,0.17932802438735962,0.9922947883605957,Matryoshka,4,3-level,True,0.001
SPARSE_UNIFORM,Matryoshka_30,2,2.45914,4.0,0,0.6412125793534126,0.5021172785943127,0.4329379200935364,0.7746913580246914,0.18424656987190247,0.21650013327598572,0.17932802438735962,0.9922947883605957,Matryoshka,4,3-level,True,0.001
SPARSE_UNIFORM,Matryoshka_31,0,2.45683,4.0,0,0.6720354900010898,0.49934310230400636,0.4332280158996582,0.7669753086419753,0.18337707221508026,0.22288496792316437,0.17851988971233368,0.9918889999389648,Matryoshka,4,3-level,True,0.01
SPARSE_UNIFORM,Matryoshka_31,1,2.45683,4.0,0,0.6720354900010898,0.49934310230400636,0.4332280158996582,0.7669753086419753,0.18337707221508026,0.22288496792316437,0.17851988971233368,0.9918889999389648,Matryoshka,4,3-level,True,0.01
SPARSE_UNIFORM,Matryoshka_31,2,2.45683,4.0,0,0.6720354900010898,0.49934310230400636,0.4332280158996582,0.7669753086419753,0.18337707221508026,0.22288496792316437,0.17851988971233368,0.9918889999389648,Matryoshka,4,3-level,True,0.01
SPARSE_UNIFORM,Matryoshka_32,0,2.45861,4.0,0,0.6906066850627766,0.4970161854598578,0.4324551820755005,0.75,0.18738290667533875,0.2237062156200409,0.18053603172302246,0.9920042157173157,Matryoshka,4,3-level,True,0.1
SPARSE_UNIFORM,Matryoshka_32,1,2.45861,4.0,0,0.6906066850627766,0.4970161854598578,0.4324551820755005,0.75,0.18738290667533875,0.2237062156200409,0.18053603172302246,0.9920042157173157,Matryoshka,4,3-level,True,0.1
SPARSE_UNIFORM,Matryoshka_32,2,2.45861,4.0,0,0.6906066850627766,0.4970161854598578,0.4324551820755005,0.75,0.18738290667533875,0.2237062156200409,0.18053603172302246,0.9920042157173157,Matryoshka,4,3-level,True,0.1
SPARSE_UNIFORM,Matryoshka_33,0,2.45739,4.0,1,0.6285761665359776,0.509332808669875,0.43229976296424866,0.7484567901234568,0.1737019270658493,0.20864243805408478,0.1676904857158661,0.9924416542053223,Matryoshka,4,4-level,True,0.001
SPARSE_UNIFORM,Matryoshka_33,1,2.45739,4.0,1,0.6285761665359776,0.509332808669875,0.43229976296424866,0.7484567901234568,0.1737019270658493,0.20864243805408478,0.1676904857158661,0.9924416542053223,Matryoshka,4,4-level,True,0.001
SPARSE_UNIFORM,Matryoshka_33,2,2.45739,4.0,1,0.6285761665359776,0.509332808669875,0.43229976296424866,0.7484567901234568,0.1737019270658493,0.20864243805408478,0.1676904857158661,0.9924416542053223,Matryoshka,4,4-level,True,0.001
SPARSE_UNIFORM,Matryoshka_34,0,2.45457,4.0,1,0.6359019921181354,0.512314887670474,0.43766751885414124,0.7716049382716049,0.18512457609176636,0.21353062987327576,0.17720384895801544,0.9923184514045715,Matryoshka,4,4-level,True,0.01
SPARSE_UNIFORM,Matryoshka_34,1,2.45457,4.0,1,0.6359019921181354,0.512314887670474,0.43766751885414124,0.7716049382716049,0.18512457609176636,0.21353062987327576,0.17720384895801544,0.9923184514045715,Matryoshka,4,4-level,True,0.01
SPARSE_UNIFORM,Matryoshka_34,2,2.45457,4.0,1,0.6359019921181354,0.512314887670474,0.43766751885414124,0.7716049382716049,0.18512457609176636,0.21353062987327576,0.17720384895801544,0.9923184514045715,Matryoshka,4,4-level,True,0.01
SPARSE_UNIFORM,Matryoshka_35,0,2.456,4.0,3,0.6390114610449729,0.5076512026872734,0.43208467960357666,0.7469135802469136,0.17167603969573975,0.2144545614719391,0.16969677805900574,0.9923527836799622,Matryoshka,4,4-level,True,0.1
SPARSE_UNIFORM,Matryoshka_35,1,2.456,4.0,3,0.6390114610449729,0.5076512026872734,0.43208467960357666,0.7469135802469136,0.17167603969573975,0.2144545614719391,0.16969677805900574,0.9923527836799622,Matryoshka,4,4-level,True,0.1
SPARSE_UNIFORM,Matryoshka_35,2,2.456,4.0,3,0.6390114610449729,0.5076512026872734,0.43208467960357666,0.7469135802469136,0.17167603969573975,0.2144545614719391,0.16969677805900574,0.9923527836799622,Matryoshka,4,4-level,True,0.1
SPARSE_UNIFORM,Matryoshka_36,0,2.46716,5.0,0,0.65983576312181,0.5522776129439291,0.4231756627559662,0.7361111111111112,0.17932887375354767,0.1915803849697113,0.16424629092216492,0.9907068610191345,Matryoshka,5,2-level,True,0.001
SPARSE_UNIFORM,Matryoshka_36,1,2.46716,5.0,0,0.65983576312181,0.5522776129439291,0.4231756627559662,0.7361111111111112,0.17932887375354767,0.1915803849697113,0.16424629092216492,0.9907068610191345,Matryoshka,5,2-level,True,0.001
SPARSE_UNIFORM,Matryoshka_36,2,2.46716,5.0,0,0.65983576312181,0.5522776129439291,0.4231756627559662,0.7361111111111112,0.17932887375354767,0.1915803849697113,0.16424629092216492,0.9907068610191345,Matryoshka,5,2-level,True,0.001
SPARSE_UNIFORM,Matryoshka_37,0,2.4619,5.0,1,0.662101580049288,0.5443248193161695,0.4225398898124695,0.7175925925925926,0.18047434091567993,0.19753886759281158,0.1659717857837677,0.9902588725090027,Matryoshka,5,2-level,True,0.01
SPARSE_UNIFORM,Matryoshka_37,1,2.4619,5.0,1,0.662101580049288,0.5443248193161695,0.4225398898124695,0.7175925925925926,0.18047434091567993,0.19753886759281158,0.1659717857837677,0.9902588725090027,Matryoshka,5,2-level,True,0.01
SPARSE_UNIFORM,Matryoshka_37,2,2.4619,5.0,1,0.662101580049288,0.5443248193161695,0.4225398898124695,0.7175925925925926,0.18047434091567993,0.19753886759281158,0.1659717857837677,0.9902588725090027,Matryoshka,5,2-level,True,0.01
SPARSE_UNIFORM,Matryoshka_38,0,2.46494,5.0,1,0.6813685164860571,0.5520715601218873,0.4257575273513794,0.7345679012345679,0.18819688260555267,0.19181032478809357,0.16752038896083832,0.9906562566757202,Matryoshka,5,2-level,True,0.1
SPARSE_UNIFORM,Matryoshka_38,1,2.46494,5.0,1,0.6813685164860571,0.5520715601218873,0.4257575273513794,0.7345679012345679,0.18819688260555267,0.19181032478809357,0.16752038896083832,0.9906562566757202,Matryoshka,5,2-level,True,0.1
SPARSE_UNIFORM,Matryoshka_38,2,2.46494,5.0,1,0.6813685164860571,0.5520715601218873,0.4257575273513794,0.7345679012345679,0.18819688260555267,0.19181032478809357,0.16752038896083832,0.9906562566757202,Matryoshka,5,2-level,True,0.1
SPARSE_UNIFORM,Matryoshka_39,0,2.46344,5.0,0,0.6620988292901309,0.5366740341711944,0.4195422828197479,0.7330246913580247,0.17386068403720856,0.18190762400627136,0.15560904145240784,0.9903393983840942,Matryoshka,5,3-level,True,0.001
SPARSE_UNIFORM,Matryoshka_39,1,2.46344,5.0,0,0.6620988292901309,0.5366740341711944,0.4195422828197479,0.7330246913580247,0.17386068403720856,0.18190762400627136,0.15560904145240784,0.9903393983840942,Matryoshka,5,3-level,True,0.001
SPARSE_UNIFORM,Matryoshka_39,2,2.46344,5.0,0,0.6620988292901309,0.5366740341711944,0.4195422828197479,0.7330246913580247,0.17386068403720856,0.18190762400627136,0.15560904145240784,0.9903393983840942,Matryoshka,5,3-level,True,0.001
SPARSE_UNIFORM,Matryoshka_4,0,2.46521,1.0,57,0.5526152731968301,0.2918353139108065,0.4832012951374054,0.8302469135802469,0.33085694909095764,0.19482295215129852,0.2398531585931778,0.9936226606369019,Matryoshka,1,3-level,True,0.01
SPARSE_UNIFORM,Matryoshka_4,1,2.46521,1.0,57,0.5526152731968301,0.2918353139108065,0.4832012951374054,0.8302469135802469,0.33085694909095764,0.19482295215129852,0.2398531585931778,0.9936226606369019,Matryoshka,1,3-level,True,0.01
SPARSE_UNIFORM,Matryoshka_4,2,2.46521,1.0,57,0.5526152731968301,0.2918353139108065,0.4832012951374054,0.8302469135802469,0.33085694909095764,0.19482295215129852,0.2398531585931778,0.9936226606369019,Matryoshka,1,3-level,True,0.01
SPARSE_UNIFORM,Matryoshka_40,0,2.45513,5.0,1,0.7697160671322505,0.5334577923918766,0.42091822624206543,0.7299382716049383,0.18657845258712769,0.18954412639141083,0.165616974234581,0.9906160235404968,Matryoshka,5,3-level,True,0.01
SPARSE_UNIFORM,Matryoshka_40,1,2.45513,5.0,1,0.7697160671322505,0.5334577923918766,0.42091822624206543,0.7299382716049383,0.18657845258712769,0.18954412639141083,0.165616974234581,0.9906160235404968,Matryoshka,5,3-level,True,0.01
SPARSE_UNIFORM,Matryoshka_40,2,2.45513,5.0,1,0.7697160671322505,0.5334577923918766,0.42091822624206543,0.7299382716049383,0.18657845258712769,0.18954412639141083,0.165616974234581,0.9906160235404968,Matryoshka,5,3-level,True,0.01
SPARSE_UNIFORM,Matryoshka_41,0,2.46257,5.0,1,0.6597712668839862,0.5317403180183093,0.4232594072818756,0.7345679012345679,0.18189701437950134,0.20151691138744354,0.16802969574928284,0.9901579022407532,Matryoshka,5,3-level,True,0.1
SPARSE_UNIFORM,Matryoshka_41,1,2.46257,5.0,1,0.6597712668839862,0.5317403180183093,0.4232594072818756,0.7345679012345679,0.18189701437950134,0.20151691138744354,0.16802969574928284,0.9901579022407532,Matryoshka,5,3-level,True,0.1
SPARSE_UNIFORM,Matryoshka_41,2,2.46257,5.0,1,0.6597712668839862,0.5317403180183093,0.4232594072818756,0.7345679012345679,0.18189701437950134,0.20151691138744354,0.16802969574928284,0.9901579022407532,Matryoshka,5,3-level,True,0.1
SPARSE_UNIFORM,Matryoshka_42,0,2.46445,5.0,2,0.6680670027847646,0.5432690259540007,0.42470118403434753,0.7345679012345679,0.1638779640197754,0.1920887678861618,0.15339423716068268,0.9908372163772583,Matryoshka,5,4-level,True,0.001
SPARSE_UNIFORM,Matryoshka_42,1,2.46445,5.0,2,0.6680670027847646,0.5432690259540007,0.42470118403434753,0.7345679012345679,0.1638779640197754,0.1920887678861618,0.15339423716068268,0.9908372163772583,Matryoshka,5,4-level,True,0.001
SPARSE_UNIFORM,Matryoshka_42,2,2.46445,5.0,2,0.6680670027847646,0.5432690259540007,0.42470118403434753,0.7345679012345679,0.1638779640197754,0.1920887678861618,0.15339423716068268,0.9908372163772583,Matryoshka,5,4-level,True,0.001
SPARSE_UNIFORM,Matryoshka_43,0,2.46218,5.0,1,0.7158770216183838,0.5423561386346922,0.4246688187122345,0.7453703703703703,0.1665884405374527,0.1865212470293045,0.15122239291667938,0.9907567501068115,Matryoshka,5,4-level,True,0.01
SPARSE_UNIFORM,Matryoshka_43,1,2.46218,5.0,1,0.7158770216183838,0.5423561386346922,0.4246688187122345,0.7453703703703703,0.1665884405374527,0.1865212470293045,0.15122239291667938,0.9907567501068115,Matryoshka,5,4-level,True,0.01
SPARSE_UNIFORM,Matryoshka_43,2,2.46218,5.0,1,0.7158770216183838,0.5423561386346922,0.4246688187122345,0.7453703703703703,0.1665884405374527,0.1865212470293045,0.15122239291667938,0.9907567501068115,Matryoshka,5,4-level,True,0.01
SPARSE_UNIFORM,Matryoshka_44,0,2.46117,5.0,2,0.6673913605160954,0.5415611914402585,0.42284131050109863,0.7561728395061729,0.16724230349063873,0.18841354548931122,0.15317213535308838,0.9907723665237427,Matryoshka,5,4-level,True,0.1
SPARSE_UNIFORM,Matryoshka_44,1,2.46117,5.0,2,0.6673913605160954,0.5415611914402585,0.42284131050109863,0.7561728395061729,0.16724230349063873,0.18841354548931122,0.15317213535308838,0.9907723665237427,Matryoshka,5,4-level,True,0.1
SPARSE_UNIFORM,Matryoshka_44,2,2.46117,5.0,2,0.6673913605160954,0.5415611914402585,0.42284131050109863,0.7561728395061729,0.16724230349063873,0.18841354548931122,0.15317213535308838,0.9907723665237427,Matryoshka,5,4-level,True,0.1
SPARSE_UNIFORM,Matryoshka_45,0,2.45824,6.0,0,0.7675584037709543,0.5842869504671495,0.4157528281211853,0.7067901234567902,0.16324129700660706,0.1700756698846817,0.14067137241363525,0.9888469576835632,Matryoshka,6,2-level,True,0.001
SPARSE_UNIFORM,Matryoshka_45,1,2.45824,6.0,0,0.7675584037709543,0.5842869504671495,0.4157528281211853,0.7067901234567902,0.16324129700660706,0.1700756698846817,0.14067137241363525,0.9888469576835632,Matryoshka,6,2-level,True,0.001
SPARSE_UNIFORM,Matryoshka_45,2,2.45824,6.0,0,0.7675584037709543,0.5842869504671495,0.4157528281211853,0.7067901234567902,0.16324129700660706,0.1700756698846817,0.14067137241363525,0.9888469576835632,Matryoshka,6,2-level,True,0.001
SPARSE_UNIFORM,Matryoshka_46,0,2.45982,6.0,0,0.7698545346745175,0.5827024545235648,0.4177132248878479,0.7268518518518519,0.1742973029613495,0.18467849493026733,0.1518964171409607,0.9891396760940552,Matryoshka,6,2-level,True,0.01
SPARSE_UNIFORM,Matryoshka_46,1,2.45982,6.0,0,0.7698545346745175,0.5827024545235648,0.4177132248878479,0.7268518518518519,0.1742973029613495,0.18467849493026733,0.1518964171409607,0.9891396760940552,Matryoshka,6,2-level,True,0.01
SPARSE_UNIFORM,Matryoshka_46,2,2.45982,6.0,0,0.7698545346745175,0.5827024545235648,0.4177132248878479,0.7268518518518519,0.1742973029613495,0.18467849493026733,0.1518964171409607,0.9891396760940552,Matryoshka,6,2-level,True,0.01
SPARSE_UNIFORM,Matryoshka_47,0,2.46157,6.0,1,0.6875781708829095,0.5825605712479626,0.4176405072212219,0.7253086419753086,0.16454117000102997,0.17683377861976624,0.14462092518806458,0.9889354705810547,Matryoshka,6,2-level,True,0.1
SPARSE_UNIFORM,Matryoshka_47,1,2.46157,6.0,1,0.6875781708829095,0.5825605712479626,0.4176405072212219,0.7253086419753086,0.16454117000102997,0.17683377861976624,0.14462092518806458,0.9889354705810547,Matryoshka,6,2-level,True,0.1
SPARSE_UNIFORM,Matryoshka_47,2,2.46157,6.0,1,0.6875781708829095,0.5825605712479626,0.4176405072212219,0.7253086419753086,0.16454117000102997,0.17683377861976624,0.14462092518806458,0.9889354705810547,Matryoshka,6,2-level,True,0.1
SPARSE_UNIFORM,Matryoshka_48,0,2.46236,6.0,1,0.6888131298196669,0.5694056866368196,0.4117453396320343,0.7330246913580247,0.16677555441856384,0.17017629742622375,0.14170020818710327,0.9888399839401245,Matryoshka,6,3-level,True,0.001
SPARSE_UNIFORM,Matryoshka_48,1,2.46236,6.0,1,0.6888131298196669,0.5694056866368196,0.4117453396320343,0.7330246913580247,0.16677555441856384,0.17017629742622375,0.14170020818710327,0.9888399839401245,Matryoshka,6,3-level,True,0.001
SPARSE_UNIFORM,Matryoshka_48,2,2.46236,6.0,1,0.6888131298196669,0.5694056866368196,0.4117453396320343,0.7330246913580247,0.16677555441856384,0.17017629742622375,0.14170020818710327,0.9888399839401245,Matryoshka,6,3-level,True,0.001
SPARSE_UNIFORM,Matryoshka_49,0,2.45685,6.0,0,0.8165501153988687,0.5688944421017759,0.4135396480560303,0.7145061728395061,0.1673898696899414,0.1707538664340973,0.14356912672519684,0.9889805316925049,Matryoshka,6,3-level,True,0.01
SPARSE_UNIFORM,Matryoshka_49,1,2.45685,6.0,0,0.8165501153988687,0.5688944421017759,0.4135396480560303,0.7145061728395061,0.1673898696899414,0.1707538664340973,0.14356912672519684,0.9889805316925049,Matryoshka,6,3-level,True,0.01
SPARSE_UNIFORM,Matryoshka_49,2,2.45685,6.0,0,0.8165501153988687,0.5688944421017759,0.4135396480560303,0.7145061728395061,0.1673898696899414,0.1707538664340973,0.14356912672519684,0.9889805316925049,Matryoshka,6,3-level,True,0.01
SPARSE_UNIFORM,Matryoshka_5,0,2.45879,1.0,61,0.4789021705874354,0.3248954858427595,0.4844074845314026,0.8410493827160493,0.3245166838169098,0.1960218995809555,0.2387194186449051,0.9931284785270691,Matryoshka,1,3-level,True,0.1
SPARSE_UNIFORM,Matryoshka_5,1,2.45879,1.0,61,0.4789021705874354,0.3248954858427595,0.4844074845314026,0.8410493827160493,0.3245166838169098,0.1960218995809555,0.2387194186449051,0.9931284785270691,Matryoshka,1,3-level,True,0.1
SPARSE_UNIFORM,Matryoshka_5,2,2.45879,1.0,61,0.4789021705874354,0.3248954858427595,0.4844074845314026,0.8410493827160493,0.3245166838169098,0.1960218995809555,0.2387194186449051,0.9931284785270691,Matryoshka,1,3-level,True,0.1
SPARSE_UNIFORM,Matryoshka_50,0,2.46048,6.0,1,0.683039770714815,0.5577068331843058,0.41006574034690857,0.7175925925925926,0.1697964072227478,0.1775917261838913,0.14562676846981049,0.9892312288284302,Matryoshka,6,3-level,True,0.1
SPARSE_UNIFORM,Matryoshka_50,1,2.46048,6.0,1,0.683039770714815,0.5577068331843058,0.41006574034690857,0.7175925925925926,0.1697964072227478,0.1775917261838913,0.14562676846981049,0.9892312288284302,Matryoshka,6,3-level,True,0.1
SPARSE_UNIFORM,Matryoshka_50,2,2.46048,6.0,1,0.683039770714815,0.5577068331843058,0.41006574034690857,0.7175925925925926,0.1697964072227478,0.1775917261838913,0.14562676846981049,0.9892312288284302,Matryoshka,6,3-level,True,0.1
SPARSE_UNIFORM,Matryoshka_51,0,2.46073,6.0,2,0.7007597110116227,0.5744243291186625,0.4151880741119385,0.7160493827160493,0.16430386900901794,0.17176592350006104,0.14034397900104523,0.9892597198486328,Matryoshka,6,4-level,True,0.001
SPARSE_UNIFORM,Matryoshka_51,1,2.46073,6.0,2,0.7007597110116227,0.5744243291186625,0.4151880741119385,0.7160493827160493,0.16430386900901794,0.17176592350006104,0.14034397900104523,0.9892597198486328,Matryoshka,6,4-level,True,0.001
SPARSE_UNIFORM,Matryoshka_51,2,2.46073,6.0,2,0.7007597110116227,0.5744243291186625,0.4151880741119385,0.7160493827160493,0.16430386900901794,0.17176592350006104,0.14034397900104523,0.9892597198486328,Matryoshka,6,4-level,True,0.001
SPARSE_UNIFORM,Matryoshka_52,0,2.46054,6.0,4,0.7037654106792945,0.5731335355959677,0.4126349091529846,0.7114197530864198,0.15026524662971497,0.15683555603027344,0.1272914856672287,0.9892843961715698,Matryoshka,6,4-level,True,0.01
SPARSE_UNIFORM,Matryoshka_52,1,2.46054,6.0,4,0.7037654106792945,0.5731335355959677,0.4126349091529846,0.7114197530864198,0.15026524662971497,0.15683555603027344,0.1272914856672287,0.9892843961715698,Matryoshka,6,4-level,True,0.01
SPARSE_UNIFORM,Matryoshka_52,2,2.46054,6.0,4,0.7037654106792945,0.5731335355959677,0.4126349091529846,0.7114197530864198,0.15026524662971497,0.15683555603027344,0.1272914856672287,0.9892843961715698,Matryoshka,6,4-level,True,0.01
SPARSE_UNIFORM,Matryoshka_53,0,2.46023,6.0,2,0.693550043182363,0.5761626010435275,0.41447576880455017,0.7484567901234568,0.15017706155776978,0.1712058186531067,0.13346995413303375,0.9891741871833801,Matryoshka,6,4-level,True,0.1
SPARSE_UNIFORM,Matryoshka_53,1,2.46023,6.0,2,0.693550043182363,0.5761626010435275,0.41447576880455017,0.7484567901234568,0.15017706155776978,0.1712058186531067,0.13346995413303375,0.9891741871833801,Matryoshka,6,4-level,True,0.1
SPARSE_UNIFORM,Matryoshka_53,2,2.46023,6.0,2,0.693550043182363,0.5761626010435275,0.41447576880455017,0.7484567901234568,0.15017706155776978,0.1712058186531067,0.13346995413303375,0.9891741871833801,Matryoshka,6,4-level,True,0.1
SPARSE_UNIFORM,Matryoshka_54,0,2.44926,7.0,1,0.7119051697311817,0.6099773995784449,0.4129422903060913,0.7114197530864198,0.16460296511650085,0.16530200839042664,0.13556398451328278,0.9871636629104614,Matryoshka,7,2-level,True,0.001
SPARSE_UNIFORM,Matryoshka_54,1,2.44926,7.0,1,0.7119051697311817,0.6099773995784449,0.4129422903060913,0.7114197530864198,0.16460296511650085,0.16530200839042664,0.13556398451328278,0.9871636629104614,Matryoshka,7,2-level,True,0.001
SPARSE_UNIFORM,Matryoshka_54,2,2.44926,7.0,1,0.7119051697311817,0.6099773995784449,0.4129422903060913,0.7114197530864198,0.16460296511650085,0.16530200839042664,0.13556398451328278,0.9871636629104614,Matryoshka,7,2-level,True,0.001
SPARSE_UNIFORM,Matryoshka_55,0,2.45322,7.0,0,0.7159452684154339,0.6143539628368146,0.41069409251213074,0.683641975308642,0.16333307325839996,0.16432428359985352,0.13276439905166626,0.9879064559936523,Matryoshka,7,2-level,True,0.01
SPARSE_UNIFORM,Matryoshka_55,1,2.45322,7.0,0,0.7159452684154339,0.6143539628368146,0.41069409251213074,0.683641975308642,0.16333307325839996,0.16432428359985352,0.13276439905166626,0.9879064559936523,Matryoshka,7,2-level,True,0.01
SPARSE_UNIFORM,Matryoshka_55,2,2.45322,7.0,0,0.7159452684154339,0.6143539628368146,0.41069409251213074,0.683641975308642,0.16333307325839996,0.16432428359985352,0.13276439905166626,0.9879064559936523,Matryoshka,7,2-level,True,0.01
SPARSE_UNIFORM,Matryoshka_56,0,2.46259,7.0,0,0.737340395549456,0.618162112085942,0.4092312455177307,0.6975308641975309,0.13991589844226837,0.15052904188632965,0.11901859939098358,0.9874988198280334,Matryoshka,7,2-level,True,0.1
SPARSE_UNIFORM,Matryoshka_56,1,2.46259,7.0,0,0.737340395549456,0.618162112085942,0.4092312455177307,0.6975308641975309,0.13991589844226837,0.15052904188632965,0.11901859939098358,0.9874988198280334,Matryoshka,7,2-level,True,0.1
SPARSE_UNIFORM,Matryoshka_56,2,2.46259,7.0,0,0.737340395549456,0.618162112085942,0.4092312455177307,0.6975308641975309,0.13991589844226837,0.15052904188632965,0.11901859939098358,0.9874988198280334,Matryoshka,7,2-level,True,0.1
SPARSE_UNIFORM,Matryoshka_57,0,2.45441,7.0,2,0.7837653834210441,0.5930585866325802,0.40516984462738037,0.7222222222222222,0.14859098196029663,0.15819449722766876,0.11935408413410187,0.9875137805938721,Matryoshka,7,3-level,True,0.001
SPARSE_UNIFORM,Matryoshka_57,1,2.45441,7.0,2,0.7837653834210441,0.5930585866325802,0.40516984462738037,0.7222222222222222,0.14859098196029663,0.15819449722766876,0.11935408413410187,0.9875137805938721,Matryoshka,7,3-level,True,0.001
SPARSE_UNIFORM,Matryoshka_57,2,2.45441,7.0,2,0.7837653834210441,0.5930585866325802,0.40516984462738037,0.7222222222222222,0.14859098196029663,0.15819449722766876,0.11935408413410187,0.9875137805938721,Matryoshka,7,3-level,True,0.001
SPARSE_UNIFORM,Matryoshka_58,0,2.46755,7.0,0,0.7167754335716073,0.5863134889404753,0.40420976281166077,0.7021604938271605,0.1575891524553299,0.16297103464603424,0.1269504427909851,0.9874027371406555,Matryoshka,7,3-level,True,0.01
SPARSE_UNIFORM,Matryoshka_58,1,2.46755,7.0,0,0.7167754335716073,0.5863134889404753,0.40420976281166077,0.7021604938271605,0.1575891524553299,0.16297103464603424,0.1269504427909851,0.9874027371406555,Matryoshka,7,3-level,True,0.01
SPARSE_UNIFORM,Matryoshka_58,2,2.46755,7.0,0,0.7167754335716073,0.5863134889404753,0.40420976281166077,0.7021604938271605,0.1575891524553299,0.16297103464603424,0.1269504427909851,0.9874027371406555,Matryoshka,7,3-level,True,0.01
SPARSE_UNIFORM,Matryoshka_59,0,2.45979,7.0,0,0.6982902472221013,0.5938380906009366,0.40435028076171875,0.7052469135802469,0.1525345742702484,0.15758353471755981,0.11831977963447571,0.9873183369636536,Matryoshka,7,3-level,True,0.1
SPARSE_UNIFORM,Matryoshka_59,1,2.45979,7.0,0,0.6982902472221013,0.5938380906009366,0.40435028076171875,0.7052469135802469,0.1525345742702484,0.15758353471755981,0.11831977963447571,0.9873183369636536,Matryoshka,7,3-level,True,0.1
SPARSE_UNIFORM,Matryoshka_59,2,2.45979,7.0,0,0.6982902472221013,0.5938380906009366,0.40435028076171875,0.7052469135802469,0.1525345742702484,0.15758353471755981,0.11831977963447571,0.9873183369636536,Matryoshka,7,3-level,True,0.1
SPARSE_UNIFORM,Matryoshka_6,0,2.45369,1.0,64,0.45719240749466183,0.32719523569096753,0.4827556908130646,0.8472222222222222,0.3167542815208435,0.204228937625885,0.24364744126796722,0.9946210980415344,Matryoshka,1,4-level,True,0.001
SPARSE_UNIFORM,Matryoshka_6,1,2.45369,1.0,64,0.45719240749466183,0.32719523569096753,0.4827556908130646,0.8472222222222222,0.3167542815208435,0.204228937625885,0.24364744126796722,0.9946210980415344,Matryoshka,1,4-level,True,0.001
SPARSE_UNIFORM,Matryoshka_6,2,2.45369,1.0,64,0.45719240749466183,0.32719523569096753,0.4827556908130646,0.8472222222222222,0.3167542815208435,0.204228937625885,0.24364744126796722,0.9946210980415344,Matryoshka,1,4-level,True,0.001
SPARSE_UNIFORM,Matryoshka_60,0,2.45853,7.0,3,0.7190181184849078,0.6148051818843141,0.4054355025291443,0.7037037037037037,0.14136163890361786,0.14701972901821136,0.10980100929737091,0.9877080321311951,Matryoshka,7,4-level,True,0.001
SPARSE_UNIFORM,Matryoshka_60,1,2.45853,7.0,3,0.7190181184849078,0.6148051818843141,0.4054355025291443,0.7037037037037037,0.14136163890361786,0.14701972901821136,0.10980100929737091,0.9877080321311951,Matryoshka,7,4-level,True,0.001
SPARSE_UNIFORM,Matryoshka_60,2,2.45853,7.0,3,0.7190181184849078,0.6148051818843141,0.4054355025291443,0.7037037037037037,0.14136163890361786,0.14701972901821136,0.10980100929737091,0.9877080321311951,Matryoshka,7,4-level,True,0.001
SPARSE_UNIFORM,Matryoshka_61,0,2.46258,7.0,3,0.7180052673512748,0.6179988824441682,0.40264397859573364,0.7006172839506173,0.15023262798786163,0.15201599895954132,0.11678171902894974,0.9878184199333191,Matryoshka,7,4-level,True,0.01
SPARSE_UNIFORM,Matryoshka_61,1,2.46258,7.0,3,0.7180052673512748,0.6179988824441682,0.40264397859573364,0.7006172839506173,0.15023262798786163,0.15201599895954132,0.11678171902894974,0.9878184199333191,Matryoshka,7,4-level,True,0.01
SPARSE_UNIFORM,Matryoshka_61,2,2.46258,7.0,3,0.7180052673512748,0.6179988824441682,0.40264397859573364,0.7006172839506173,0.15023262798786163,0.15201599895954132,0.11678171902894974,0.9878184199333191,Matryoshka,7,4-level,True,0.01
SPARSE_UNIFORM,Matryoshka_62,0,2.46491,7.0,0,0.7115523549778605,0.6032487897226271,0.40808549523353577,0.7253086419753086,0.1637207567691803,0.16358213126659393,0.1265752762556076,0.9874782562255859,Matryoshka,7,4-level,True,0.1
SPARSE_UNIFORM,Matryoshka_62,1,2.46491,7.0,0,0.7115523549778605,0.6032487897226271,0.40808549523353577,0.7253086419753086,0.1637207567691803,0.16358213126659393,0.1265752762556076,0.9874782562255859,Matryoshka,7,4-level,True,0.1
SPARSE_UNIFORM,Matryoshka_62,2,2.46491,7.0,0,0.7115523549778605,0.6032487897226271,0.40808549523353577,0.7253086419753086,0.1637207567691803,0.16358213126659393,0.1265752762556076,0.9874782562255859,Matryoshka,7,4-level,True,0.1
SPARSE_UNIFORM,Matryoshka_63,0,2.45788,1.0,59,0.4645630799635354,0.3306729320814292,0.48501747846603394,0.8395061728395061,0.31781038641929626,0.2000255137681961,0.2400294691324234,0.9933305978775024,Matryoshka,1,2-level,False,0.01
SPARSE_UNIFORM,Matryoshka_63,1,2.45788,1.0,59,0.4645630799635354,0.3306729320814292,0.48501747846603394,0.8395061728395061,0.31781038641929626,0.2000255137681961,0.2400294691324234,0.9933305978775024,Matryoshka,1,2-level,False,0.01
SPARSE_UNIFORM,Matryoshka_63,2,2.45788,1.0,59,0.4645630799635354,0.3306729320814292,0.48501747846603394,0.8395061728395061,0.31781038641929626,0.2000255137681961,0.2400294691324234,0.9933305978775024,Matryoshka,1,2-level,False,0.01
SPARSE_UNIFORM,Matryoshka_64,0,2.46141,1.0,60,0.5284678482695493,0.3311383635897617,0.4855198860168457,0.8364197530864198,0.33465009927749634,0.2019709348678589,0.2458704560995102,0.9934585094451904,Matryoshka,1,3-level,False,0.01
SPARSE_UNIFORM,Matryoshka_64,1,2.46141,1.0,60,0.5284678482695493,0.3311383635897617,0.4855198860168457,0.8364197530864198,0.33465009927749634,0.2019709348678589,0.2458704560995102,0.9934585094451904,Matryoshka,1,3-level,False,0.01
SPARSE_UNIFORM,Matryoshka_64,2,2.46141,1.0,60,0.5284678482695493,0.3311383635897617,0.4855198860168457,0.8364197530864198,0.33465009927749634,0.2019709348678589,0.2458704560995102,0.9934585094451904,Matryoshka,1,3-level,False,0.01
SPARSE_UNIFORM,Matryoshka_65,0,2.46284,1.0,58,0.5178286871581425,0.2896756540926392,0.48223671317100525,0.845679012345679,0.3172570765018463,0.19733497500419617,0.23894785344600677,0.9940643310546875,Matryoshka,1,4-level,False,0.01
SPARSE_UNIFORM,Matryoshka_65,1,2.46284,1.0,58,0.5178286871581425,0.2896756540926392,0.48223671317100525,0.845679012345679,0.3172570765018463,0.19733497500419617,0.23894785344600677,0.9940643310546875,Matryoshka,1,4-level,False,0.01
SPARSE_UNIFORM,Matryoshka_65,2,2.46284,1.0,58,0.5178286871581425,0.2896756540926392,0.48223671317100525,0.845679012345679,0.3172570765018463,0.19733497500419617,0.23894785344600677,0.9940643310546875,Matryoshka,1,4-level,False,0.01
SPARSE_UNIFORM,Matryoshka_66,0,2.45152,2.0,0,0.6641299717845265,0.42995874743496054,0.4729819595813751,0.8518518518518519,0.2400922179222107,0.26006895303726196,0.23741742968559265,0.9951744675636292,Matryoshka,2,2-level,False,0.01
SPARSE_UNIFORM,Matryoshka_66,1,2.45152,2.0,0,0.6641299717845265,0.42995874743496054,0.4729819595813751,0.8518518518518519,0.2400922179222107,0.26006895303726196,0.23741742968559265,0.9951744675636292,Matryoshka,2,2-level,False,0.01
SPARSE_UNIFORM,Matryoshka_66,2,2.45152,2.0,0,0.6641299717845265,0.42995874743496054,0.4729819595813751,0.8518518518518519,0.2400922179222107,0.26006895303726196,0.23741742968559265,0.9951744675636292,Matryoshka,2,2-level,False,0.01
SPARSE_UNIFORM,Matryoshka_67,0,2.45647,2.0,0,0.5575471280191919,0.4152974442949572,0.46901920437812805,0.8425925925925926,0.22998221218585968,0.24695558845996857,0.22220684587955475,0.9954866766929626,Matryoshka,2,3-level,False,0.01
SPARSE_UNIFORM,Matryoshka_67,1,2.45647,2.0,0,0.5575471280191919,0.4152974442949572,0.46901920437812805,0.8425925925925926,0.22998221218585968,0.24695558845996857,0.22220684587955475,0.9954866766929626,Matryoshka,2,3-level,False,0.01
SPARSE_UNIFORM,Matryoshka_67,2,2.45647,2.0,0,0.5575471280191919,0.4152974442949572,0.46901920437812805,0.8425925925925926,0.22998221218585968,0.24695558845996857,0.22220684587955475,0.9954866766929626,Matryoshka,2,3-level,False,0.01
SPARSE_UNIFORM,Matryoshka_68,0,2.45792,2.0,6,0.5318131968577062,0.412091591451923,0.4674358665943146,0.8240740740740741,0.2303091436624527,0.2484973818063736,0.22486159205436707,0.9955048561096191,Matryoshka,2,4-level,False,0.01
SPARSE_UNIFORM,Matryoshka_68,1,2.45792,2.0,6,0.5318131968577062,0.412091591451923,0.4674358665943146,0.8240740740740741,0.2303091436624527,0.2484973818063736,0.22486159205436707,0.9955048561096191,Matryoshka,2,4-level,False,0.01
SPARSE_UNIFORM,Matryoshka_68,2,2.45792,2.0,6,0.5318131968577062,0.412091591451923,0.4674358665943146,0.8240740740740741,0.2303091436624527,0.2484973818063736,0.22486159205436707,0.9955048561096191,Matryoshka,2,4-level,False,0.01
SPARSE_UNIFORM,Matryoshka_69,0,2.46254,3.0,0,0.5927159188900254,0.47539591383276003,0.451943576335907,0.7839506172839507,0.20784804224967957,0.24746301770210266,0.20612770318984985,0.9939804077148438,Matryoshka,3,2-level,False,0.01
SPARSE_UNIFORM,Matryoshka_69,1,2.46254,3.0,0,0.5927159188900254,0.47539591383276003,0.451943576335907,0.7839506172839507,0.20784804224967957,0.24746301770210266,0.20612770318984985,0.9939804077148438,Matryoshka,3,2-level,False,0.01
SPARSE_UNIFORM,Matryoshka_69,2,2.46254,3.0,0,0.5927159188900254,0.47539591383276003,0.451943576335907,0.7839506172839507,0.20784804224967957,0.24746301770210266,0.20612770318984985,0.9939804077148438,Matryoshka,3,2-level,False,0.01
SPARSE_UNIFORM,Matryoshka_7,0,2.46421,1.0,63,0.44841898761253896,0.32385854852752916,0.48108768463134766,0.8395061728395061,0.3064911663532257,0.19703549146652222,0.23453766107559204,0.993526816368103,Matryoshka,1,4-level,True,0.01
SPARSE_UNIFORM,Matryoshka_7,1,2.46421,1.0,63,0.44841898761253896,0.32385854852752916,0.48108768463134766,0.8395061728395061,0.3064911663532257,0.19703549146652222,0.23453766107559204,0.993526816368103,Matryoshka,1,4-level,True,0.01
SPARSE_UNIFORM,Matryoshka_7,2,2.46421,1.0,63,0.44841898761253896,0.32385854852752916,0.48108768463134766,0.8395061728395061,0.3064911663532257,0.19703549146652222,0.23453766107559204,0.993526816368103,Matryoshka,1,4-level,True,0.01
SPARSE_UNIFORM,Matryoshka_70,0,2.45746,3.0,0,0.6186665783465383,0.46087444523214016,0.44609540700912476,0.7978395061728395,0.20591464638710022,0.23911207914352417,0.20219166576862335,0.9937913417816162,Matryoshka,3,3-level,False,0.01
SPARSE_UNIFORM,Matryoshka_70,1,2.45746,3.0,0,0.6186665783465383,0.46087444523214016,0.44609540700912476,0.7978395061728395,0.20591464638710022,0.23911207914352417,0.20219166576862335,0.9937913417816162,Matryoshka,3,3-level,False,0.01
SPARSE_UNIFORM,Matryoshka_70,2,2.45746,3.0,0,0.6186665783465383,0.46087444523214016,0.44609540700912476,0.7978395061728395,0.20591464638710022,0.23911207914352417,0.20219166576862335,0.9937913417816162,Matryoshka,3,3-level,False,0.01
SPARSE_UNIFORM,Matryoshka_71,0,2.46861,3.0,2,0.5993832223419189,0.4704670491515299,0.4486018121242523,0.7901234567901234,0.19184286892414093,0.23860277235507965,0.1943492740392685,0.9941219091415405,Matryoshka,3,4-level,False,0.01
SPARSE_UNIFORM,Matryoshka_71,1,2.46861,3.0,2,0.5993832223419189,0.4704670491515299,0.4486018121242523,0.7901234567901234,0.19184286892414093,0.23860277235507965,0.1943492740392685,0.9941219091415405,Matryoshka,3,4-level,False,0.01
SPARSE_UNIFORM,Matryoshka_71,2,2.46861,3.0,2,0.5993832223419189,0.4704670491515299,0.4486018121242523,0.7901234567901234,0.19184286892414093,0.23860277235507965,0.1943492740392685,0.9941219091415405,Matryoshka,3,4-level,False,0.01
SPARSE_UNIFORM,Matryoshka_72,0,2.46818,4.0,0,0.6291316604493856,0.5069680128071916,0.4345305263996124,0.75,0.18479755520820618,0.21147780120372772,0.1797957718372345,0.9921903014183044,Matryoshka,4,2-level,False,0.01
SPARSE_UNIFORM,Matryoshka_72,1,2.46818,4.0,0,0.6291316604493856,0.5069680128071916,0.4345305263996124,0.75,0.18479755520820618,0.21147780120372772,0.1797957718372345,0.9921903014183044,Matryoshka,4,2-level,False,0.01
SPARSE_UNIFORM,Matryoshka_72,2,2.46818,4.0,0,0.6291316604493856,0.5069680128071916,0.4345305263996124,0.75,0.18479755520820618,0.21147780120372772,0.1797957718372345,0.9921903014183044,Matryoshka,4,2-level,False,0.01
SPARSE_UNIFORM,Matryoshka_73,0,2.45995,4.0,0,0.6398937805784989,0.49835856381983756,0.4319879114627838,0.7484567901234568,0.17660365998744965,0.21304665505886078,0.17317774891853333,0.9920511245727539,Matryoshka,4,3-level,False,0.01
SPARSE_UNIFORM,Matryoshka_73,1,2.45995,4.0,0,0.6398937805784989,0.49835856381983756,0.4319879114627838,0.7484567901234568,0.17660365998744965,0.21304665505886078,0.17317774891853333,0.9920511245727539,Matryoshka,4,3-level,False,0.01
SPARSE_UNIFORM,Matryoshka_73,2,2.45995,4.0,0,0.6398937805784989,0.49835856381983756,0.4319879114627838,0.7484567901234568,0.17660365998744965,0.21304665505886078,0.17317774891853333,0.9920511245727539,Matryoshka,4,3-level,False,0.01
SPARSE_UNIFORM,Matryoshka_74,0,2.45697,4.0,0,0.6262101830758595,0.5033081110002771,0.4341937303543091,0.7469135802469136,0.1762123852968216,0.19984954595565796,0.16704073548316956,0.9919384717941284,Matryoshka,4,4-level,False,0.01
SPARSE_UNIFORM,Matryoshka_74,1,2.45697,4.0,0,0.6262101830758595,0.5033081110002771,0.4341937303543091,0.7469135802469136,0.1762123852968216,0.19984954595565796,0.16704073548316956,0.9919384717941284,Matryoshka,4,4-level,False,0.01
SPARSE_UNIFORM,Matryoshka_74,2,2.45697,4.0,0,0.6262101830758595,0.5033081110002771,0.4341937303543091,0.7469135802469136,0.1762123852968216,0.19984954595565796,0.16704073548316956,0.9919384717941284,Matryoshka,4,4-level,False,0.01
SPARSE_UNIFORM,Matryoshka_75,0,2.4601,5.0,1,0.6885180855293976,0.5522308802579096,0.42372429370880127,0.7283950617283951,0.1729874610900879,0.19232015311717987,0.16025947034358978,0.9907698631286621,Matryoshka,5,2-level,False,0.01
SPARSE_UNIFORM,Matryoshka_75,1,2.4601,5.0,1,0.6885180855293976,0.5522308802579096,0.42372429370880127,0.7283950617283951,0.1729874610900879,0.19232015311717987,0.16025947034358978,0.9907698631286621,Matryoshka,5,2-level,False,0.01
SPARSE_UNIFORM,Matryoshka_75,2,2.4601,5.0,1,0.6885180855293976,0.5522308802579096,0.42372429370880127,0.7283950617283951,0.1729874610900879,0.19232015311717987,0.16025947034358978,0.9907698631286621,Matryoshka,5,2-level,False,0.01
SPARSE_UNIFORM,Matryoshka_76,0,2.45821,5.0,0,0.653492717150919,0.516122690927844,0.4190264046192169,0.7484567901234568,0.17336413264274597,0.18522530794143677,0.15653589367866516,0.9905121326446533,Matryoshka,5,3-level,False,0.01
SPARSE_UNIFORM,Matryoshka_76,1,2.45821,5.0,0,0.653492717150919,0.516122690927844,0.4190264046192169,0.7484567901234568,0.17336413264274597,0.18522530794143677,0.15653589367866516,0.9905121326446533,Matryoshka,5,3-level,False,0.01
SPARSE_UNIFORM,Matryoshka_76,2,2.45821,5.0,0,0.653492717150919,0.516122690927844,0.4190264046192169,0.7484567901234568,0.17336413264274597,0.18522530794143677,0.15653589367866516,0.9905121326446533,Matryoshka,5,3-level,False,0.01
SPARSE_UNIFORM,Matryoshka_77,0,2.45754,5.0,1,0.6492595637903797,0.5304716189364458,0.42497992515563965,0.7268518518518519,0.16429641842842102,0.19201062619686127,0.152675598859787,0.9905956983566284,Matryoshka,5,4-level,False,0.01
SPARSE_UNIFORM,Matryoshka_77,1,2.45754,5.0,1,0.6492595637903797,0.5304716189364458,0.42497992515563965,0.7268518518518519,0.16429641842842102,0.19201062619686127,0.152675598859787,0.9905956983566284,Matryoshka,5,4-level,False,0.01
SPARSE_UNIFORM,Matryoshka_77,2,2.45754,5.0,1,0.6492595637903797,0.5304716189364458,0.42497992515563965,0.7268518518518519,0.16429641842842102,0.19201062619686127,0.152675598859787,0.9905956983566284,Matryoshka,5,4-level,False,0.01
SPARSE_UNIFORM,Matryoshka_78,0,2.44973,6.0,0,0.7057473773241405,0.5887643481344288,0.4180711507797241,0.7345679012345679,0.16734103858470917,0.1761445701122284,0.14730148017406464,0.989250659942627,Matryoshka,6,2-level,False,0.01
SPARSE_UNIFORM,Matryoshka_78,1,2.44973,6.0,0,0.7057473773241405,0.5887643481344288,0.4180711507797241,0.7345679012345679,0.16734103858470917,0.1761445701122284,0.14730148017406464,0.989250659942627,Matryoshka,6,2-level,False,0.01
SPARSE_UNIFORM,Matryoshka_78,2,2.44973,6.0,0,0.7057473773241405,0.5887643481344288,0.4180711507797241,0.7345679012345679,0.16734103858470917,0.1761445701122284,0.14730148017406464,0.989250659942627,Matryoshka,6,2-level,False,0.01
SPARSE_UNIFORM,Matryoshka_79,0,2.44947,6.0,0,0.7725321833547867,0.5659451170797936,0.41531750559806824,0.7469135802469136,0.16811983287334442,0.18029700219631195,0.14734816551208496,0.9892565608024597,Matryoshka,6,3-level,False,0.01
SPARSE_UNIFORM,Matryoshka_79,1,2.44947,6.0,0,0.7725321833547867,0.5659451170797936,0.41531750559806824,0.7469135802469136,0.16811983287334442,0.18029700219631195,0.14734816551208496,0.9892565608024597,Matryoshka,6,3-level,False,0.01
SPARSE_UNIFORM,Matryoshka_79,2,2.44947,6.0,0,0.7725321833547867,0.5659451170797936,0.41531750559806824,0.7469135802469136,0.16811983287334442,0.18029700219631195,0.14734816551208496,0.9892565608024597,Matryoshka,6,3-level,False,0.01
SPARSE_UNIFORM,Matryoshka_8,0,2.46243,1.0,59,0.6234601664988296,0.32835290351974655,0.4823431968688965,0.8487654320987654,0.319548100233078,0.20103904604911804,0.2410646677017212,0.9935914874076843,Matryoshka,1,4-level,True,0.1
SPARSE_UNIFORM,Matryoshka_8,1,2.46243,1.0,59,0.6234601664988296,0.32835290351974655,0.4823431968688965,0.8487654320987654,0.319548100233078,0.20103904604911804,0.2410646677017212,0.9935914874076843,Matryoshka,1,4-level,True,0.1
SPARSE_UNIFORM,Matryoshka_8,2,2.46243,1.0,59,0.6234601664988296,0.32835290351974655,0.4823431968688965,0.8487654320987654,0.319548100233078,0.20103904604911804,0.2410646677017212,0.9935914874076843,Matryoshka,1,4-level,True,0.1
SPARSE_UNIFORM,Matryoshka_80,0,2.4645,6.0,1,0.6749833404432223,0.5694348898974781,0.4147205054759979,0.7175925925925926,0.15582022070884705,0.1710084229707718,0.13523581624031067,0.9894239902496338,Matryoshka,6,4-level,False,0.01
SPARSE_UNIFORM,Matryoshka_80,1,2.4645,6.0,1,0.6749833404432223,0.5694348898974781,0.4147205054759979,0.7175925925925926,0.15582022070884705,0.1710084229707718,0.13523581624031067,0.9894239902496338,Matryoshka,6,4-level,False,0.01
SPARSE_UNIFORM,Matryoshka_80,2,2.4645,6.0,1,0.6749833404432223,0.5694348898974781,0.4147205054759979,0.7175925925925926,0.15582022070884705,0.1710084229707718,0.13523581624031067,0.9894239902496338,Matryoshka,6,4-level,False,0.01
SPARSE_UNIFORM,Matryoshka_81,0,2.46573,7.0,1,0.714812101845802,0.6199387029039599,0.41274553537368774,0.683641975308642,0.16320966184139252,0.15779800713062286,0.13403689861297607,0.9878377914428711,Matryoshka,7,2-level,False,0.01
SPARSE_UNIFORM,Matryoshka_81,1,2.46573,7.0,1,0.714812101845802,0.6199387029039599,0.41274553537368774,0.683641975308642,0.16320966184139252,0.15779800713062286,0.13403689861297607,0.9878377914428711,Matryoshka,7,2-level,False,0.01
SPARSE_UNIFORM,Matryoshka_81,2,2.46573,7.0,1,0.714812101845802,0.6199387029039599,0.41274553537368774,0.683641975308642,0.16320966184139252,0.15779800713062286,0.13403689861297607,0.9878377914428711,Matryoshka,7,2-level,False,0.01
SPARSE_UNIFORM,Matryoshka_82,0,2.4569,7.0,0,0.7127328671961792,0.592186189119506,0.40312883257865906,0.7191358024691358,0.1459502875804901,0.15735921263694763,0.12545008957386017,0.9874524474143982,Matryoshka,7,3-level,False,0.01
SPARSE_UNIFORM,Matryoshka_82,1,2.4569,7.0,0,0.7127328671961792,0.592186189119506,0.40312883257865906,0.7191358024691358,0.1459502875804901,0.15735921263694763,0.12545008957386017,0.9874524474143982,Matryoshka,7,3-level,False,0.01
SPARSE_UNIFORM,Matryoshka_82,2,2.4569,7.0,0,0.7127328671961792,0.592186189119506,0.40312883257865906,0.7191358024691358,0.1459502875804901,0.15735921263694763,0.12545008957386017,0.9874524474143982,Matryoshka,7,3-level,False,0.01
SPARSE_UNIFORM,Matryoshka_83,0,2.46251,7.0,1,0.7091418552144063,0.5920610802189513,0.40633320808410645,0.7083333333333334,0.14527498185634613,0.15603519976139069,0.1179521381855011,0.9870880246162415,Matryoshka,7,4-level,False,0.01
SPARSE_UNIFORM,Matryoshka_83,1,2.46251,7.0,1,0.7091418552144063,0.5920610802189513,0.40633320808410645,0.7083333333333334,0.14527498185634613,0.15603519976139069,0.1179521381855011,0.9870880246162415,Matryoshka,7,4-level,False,0.01
SPARSE_UNIFORM,Matryoshka_83,2,2.46251,7.0,1,0.7091418552144063,0.5920610802189513,0.40633320808410645,0.7083333333333334,0.14527498185634613,0.15603519976139069,0.1179521381855011,0.9870880246162415,Matryoshka,7,4-level,False,0.01
SPARSE_UNIFORM,Matryoshka_9,0,2.46339,2.0,1,0.6169891490407661,0.42754361531826046,0.4761015772819519,0.8533950617283951,0.24289925396442413,0.26260343194007874,0.23832763731479645,0.9953681230545044,Matryoshka,2,2-level,True,0.001
SPARSE_UNIFORM,Matryoshka_9,1,2.46339,2.0,1,0.6169891490407661,0.42754361531826046,0.4761015772819519,0.8533950617283951,0.24289925396442413,0.26260343194007874,0.23832763731479645,0.9953681230545044,Matryoshka,2,2-level,True,0.001
SPARSE_UNIFORM,Matryoshka_9,2,2.46339,2.0,1,0.6169891490407661,0.42754361531826046,0.4761015772819519,0.8533950617283951,0.24289925396442413,0.26260343194007874,0.23832763731479645,0.9953681230545044,Matryoshka,2,2-level,True,0.001
